territory_id,category,period,score,name,region
2,Все категории,2024-05,2.144253352202668,городской округ город Адыгейск,Республика Адыгея
2,Маркетплейсы,2023-12,2.398510815184665,городской округ город Адыгейск,Республика Адыгея
6,Маркетплейсы,2023-12,2.091945645317175,Майкопский муниципальный район,Республика Адыгея
11,Все категории,2023-05,2.0727355872796163,Кош-Агачский муниципальный район,Республика Алтай
13,Все категории,2024-01,2.2173039484248105,Онгудайский муниципальный район,Республика Алтай
14,Продовольствие,2023-12,2.1313267033562515,Турочакский муниципальный район,Республика Алтай
16,Маркетплейсы,2024-08,2.3117607159312556,Усть-Канский муниципальный район,Республика Алтай
17,Все категории,2024-01,2.3108290680442245,Усть-Коксинский муниципальный район,Республика Алтай
19,Все категории,2024-01,2.937665057608989,Чойский муниципальный район,Республика Алтай
21,Общественное питание,2024-06,2.1054368365978355,городской округ город Уфа,Республика Башкортостан
22,Общественное питание,2023-08,2.261907204324126,городской округ город Агидель,Республика Башкортостан
25,Все категории,2024-01,2.1617855526345324,городской округ город Нефтекамск,Республика Башкортостан
25,Общественное питание,2024-10,2.2787566287340972,городской округ город Нефтекамск,Республика Башкортостан
26,Все категории,2024-01,2.0980715202437947,городской округ город Октябрьский,Республика Башкортостан
29,Общественное питание,2024-06,2.5477834494450984,городской округ город Стерлитамак,Республика Башкортостан
30,Продовольствие,2024-12,2.184340248532392,Абзелиловский муниципальный район,Республика Башкортостан
30,Общественное питание,2023-07,2.720530005841446,Абзелиловский муниципальный район,Республика Башкортостан
31,Общественное питание,2024-04,3.0952907955307496,Альшеевский муниципальный район,Республика Башкортостан
32,Здоровье,2024-04,2.4965975640178284,Архангельский муниципальный район,Республика Башкортостан
34,Все категории,2024-01,2.368741260996958,Аургазинский муниципальный район,Республика Башкортостан
35,Общественное питание,2023-12,2.347233110177754,Баймакский муниципальный район,Республика Башкортостан
39,Общественное питание,2023-06,2.157880634167983,Белокатайский муниципальный район,Республика Башкортостан
39,Маркетплейсы,2024-01,2.712776381104295,Белокатайский муниципальный район,Республика Башкортостан
41,Общественное питание,2023-07,2.2442516484965815,Бижбулякский муниципальный район,Республика Башкортостан
41,Общественное питание,2024-01,2.057986796267611,Бижбулякский муниципальный район,Республика Башкортостан
45,Все категории,2023-09,2.1431523313925043,Буздякский муниципальный район,Республика Башкортостан
47,Общественное питание,2023-12,4.573760381463761,Бурзянский муниципальный район,Республика Башкортостан
48,Все категории,2023-09,2.761077778439634,Гафурийский муниципальный район,Республика Башкортостан
49,Все категории,2023-06,2.0417329978739076,Давлекановский муниципальный район,Республика Башкортостан
50,Продовольствие,2024-12,2.418794954010222,Дуванский муниципальный район,Республика Башкортостан
51,Все категории,2024-01,2.8165610654452555,Дюртюлинский муниципальный район,Республика Башкортостан
54,Общественное питание,2023-12,7.045081371388618,Зилаирский муниципальный район,Республика Башкортостан
55,Общественное питание,2023-05,3.350962122416639,Иглинский муниципальный район,Республика Башкортостан
56,Продовольствие,2024-01,2.050150144744069,Илишевский муниципальный район,Республика Башкортостан
56,Здоровье,2024-01,2.1253917449086885,Илишевский муниципальный район,Республика Башкортостан
56,Общественное питание,2024-01,2.1115585523721414,Илишевский муниципальный район,Республика Башкортостан
56,Маркетплейсы,2023-09,2.481266982740029,Илишевский муниципальный район,Республика Башкортостан
57,Все категории,2024-01,2.172587278129516,Ишимбайский муниципальный район,Республика Башкортостан
58,Транспорт,2024-08,2.290387714440226,Калтасинский муниципальный район,Республика Башкортостан
59,Продовольствие,2023-06,2.262228908608068,Караидельский муниципальный район,Республика Башкортостан
60,Все категории,2023-10,2.202337157714107,Кармаскалинский муниципальный район,Республика Башкортостан
60,Транспорт,2024-06,2.4566564592520956,Кармаскалинский муниципальный район,Республика Башкортостан
62,Все категории,2024-12,2.63421049318394,Краснокамский муниципальный район,Республика Башкортостан
63,Продовольствие,2024-09,2.618881149944173,Кугарчинский муниципальный район,Республика Башкортостан
65,Общественное питание,2023-08,2.1208526606426363,Кушнаренковский муниципальный район,Республика Башкортостан
70,Все категории,2023-05,2.6685706949275607,Нуримановский муниципальный район,Республика Башкортостан
70,Продовольствие,2023-12,2.4893868169033295,Нуримановский муниципальный район,Республика Башкортостан
70,Транспорт,2024-09,2.0845508706591267,Нуримановский муниципальный район,Республика Башкортостан
71,Маркетплейсы,2023-12,2.267283746248103,Салаватский муниципальный район,Республика Башкортостан
72,Продовольствие,2024-04,2.1166071622416274,Стерлибашевский муниципальный район,Республика Башкортостан
74,Все категории,2024-01,3.0687460571732443,Татышлинский муниципальный район,Республика Башкортостан
74,Продовольствие,2024-11,2.5436616936101606,Татышлинский муниципальный район,Республика Башкортостан
77,Все категории,2024-01,2.1405514923141933,Учалинский муниципальный район,Республика Башкортостан
78,Все категории,2024-08,2.215306685199525,Федоровский муниципальный район,Республика Башкортостан
78,Здоровье,2024-02,2.3601521810159882,Федоровский муниципальный район,Республика Башкортостан
80,Транспорт,2024-08,2.068093797438739,Чекмагушевский муниципальный район,Республика Башкортостан
81,Все категории,2023-10,2.26466066577297,Чишминский муниципальный район,Республика Башкортостан
83,Все категории,2024-01,2.8527128477465826,Янаульский муниципальный район,Республика Башкортостан
83,Продовольствие,2024-01,2.097956761525952,Янаульский муниципальный район,Республика Башкортостан
168,Транспорт,2024-10,2.0819494673813774,городской округ Баксан,Кабардино-Балкарская Республика
169,Все категории,2023-05,2.7737821813911503,городской округ Прохладный,Кабардино-Балкарская Республика
169,Продовольствие,2024-12,2.151606346695518,городской округ Прохладный,Кабардино-Балкарская Республика
181,Общественное питание,2024-05,2.063428395803863,Городовиковский муниципальный район,Республика Калмыкия
184,Здоровье,2024-09,2.2145312208044348,Лаганский муниципальный район,Республика Калмыкия
188,Маркетплейсы,2023-12,2.5263724061676394,Сарпинский муниципальный район,Республика Калмыкия
203,Все категории,2024-04,2.2418038876836337,Урупский муниципальный район,Карачаево-Черкесская Республика
203,Продовольствие,2024-11,2.897817688096433,Урупский муниципальный район,Карачаево-Черкесская Республика
203,Общественное питание,2024-05,2.055218442001134,Урупский муниципальный район,Карачаево-Черкесская Республика
203,Маркетплейсы,2024-04,3.118355712810421,Урупский муниципальный район,Карачаево-Черкесская Республика
204,Все категории,2023-08,3.185172011886489,Усть-Джегутинский муниципальный район,Карачаево-Черкесская Республика
210,Здоровье,2024-08,2.0344596015442193,Кемский муниципальный район,Республика Карелия
211,Продовольствие,2023-12,3.5030176270510407,Кондопожский муниципальный район,Республика Карелия
215,Продовольствие,2024-09,2.418660381441166,Муезерский муниципальный район,Республика Карелия
217,Общественное питание,2024-12,3.3160628665862357,Питкярантский муниципальный округ,Республика Карелия
219,Транспорт,2024-09,2.071821752507034,Пряжинский муниципальный район,Республика Карелия
223,Продовольствие,2024-09,2.036069433846575,Суоярвский муниципальный округ,Республика Карелия
225,Транспорт,2023-09,2.0521833369914217,городской округ Воркута,Республика Коми
225,Маркетплейсы,2023-12,2.5695231294598284,городской округ Воркута,Республика Коми
226,Здоровье,2024-06,2.1304087699277274,муниципальный округ Вуктыл,Республика Коми
226,Маркетплейсы,2023-11,2.07157547064327,муниципальный округ Вуктыл,Республика Коми
227,Маркетплейсы,2024-12,2.0244900815997044,городской округ Инта,Республика Коми
228,Транспорт,2023-06,2.6137165333257526,муниципальный округ Усинск,Республика Коми
228,Маркетплейсы,2023-12,2.808850058300827,муниципальный округ Усинск,Республика Коми
231,Все категории,2023-09,4.979745282256016,Княжпогостский муниципальный район,Республика Коми
231,Маркетплейсы,2023-09,2.09180257719893,Княжпогостский муниципальный район,Республика Коми
232,Общественное питание,2024-12,2.116507076122225,Койгородский муниципальный район,Республика Коми
233,Продовольствие,2023-10,2.144676284531576,Корткеросский муниципальный район,Республика Коми
233,Общественное питание,2024-11,2.393936247172318,Корткеросский муниципальный район,Республика Коми
234,Маркетплейсы,2023-12,3.0872669340789707,муниципальный район Печора,Республика Коми
238,Маркетплейсы,2024-10,2.0775387450904197,Сысольский муниципальный район,Республика Коми
241,Все категории,2024-12,2.1828989516355857,Усть-Вымский муниципальный район,Республика Коми
242,Общественное питание,2023-10,2.1209889582046624,Усть-Куломский муниципальный район,Республика Коми
243,Продовольствие,2024-05,2.236044929613571,Усть-Цилемский муниципальный район,Республика Коми
243,Общественное питание,2023-05,3.3337745520214215,Усть-Цилемский муниципальный район,Республика Коми
274,Общественное питание,2023-12,2.6907565996759275,Звениговский муниципальный район,Республика Марий Эл
275,Маркетплейсы,2024-02,2.05973078223269,Килемарский муниципальный район,Республика Марий Эл
282,Продовольствие,2024-06,2.3027817175285628,Параньгинский муниципальный район,Республика Марий Эл
287,Общественное питание,2024-04,2.192606034111248,Ардатовский муниципальный район,Республика Мордовия
288,Здоровье,2024-08,2.815715011707863,Атюрьевский муниципальный район,Республика Мордовия
288,Транспорт,2023-11,2.076267104999575,Атюрьевский муниципальный район,Республика Мордовия
296,Продовольствие,2023-09,2.1856897378342257,Ичалковский муниципальный район,Республика Мордовия
297,Все категории,2023-09,2.114408227954088,Кадошкинский муниципальный район,Республика Мордовия
297,Транспорт,2024-04,2.1274331728579354,Кадошкинский муниципальный район,Республика Мордовия
300,Общественное питание,2023-10,2.296799324770724,Краснослободский муниципальный район,Республика Мордовия
300,Общественное питание,2024-05,2.2537056873372268,Краснослободский муниципальный район,Республика Мордовия
302,Общественное питание,2023-12,3.090666161150153,Ромодановский муниципальный район,Республика Мордовия
308,Все категории,2023-12,2.035619261240728,Чамзинский муниципальный район,Республика Мордовия
308,Продовольствие,2023-12,2.137066202614114,Чамзинский муниципальный район,Республика Мордовия
316,Продовольствие,2023-12,2.890964972314955,Булунский муниципальный район,Республика Саха (Якутия)
319,Продовольствие,2024-12,2.230563227160793,Верхоянский муниципальный район,Республика Саха (Якутия)
319,Транспорт,2023-05,2.2190691334385955,Верхоянский муниципальный район,Республика Саха (Якутия)
320,Продовольствие,2024-01,3.106118843618546,Вилюйский муниципальный район,Республика Саха (Якутия)
326,Все категории,2023-06,2.2673578567017985,Мегино-Кангаласский муниципальный район,Республика Саха (Якутия)
336,Продовольствие,2023-06,2.8787023193020835,Сунтарский муниципальный район,Республика Саха (Якутия)
336,Транспорт,2024-05,2.3941836328740886,Сунтарский муниципальный район,Республика Саха (Якутия)
341,Продовольствие,2023-12,2.3481876977010137,Усть-Янский муниципальный район,Республика Саха (Якутия)
343,Все категории,2023-06,2.7132291643858233,Чурапчинский муниципальный район,Республика Саха (Якутия)
355,Здоровье,2024-01,2.2937053228157076,городской округ город Набережные Челны,Республика Татарстан
357,Все категории,2024-01,2.039649918048094,Азнакаевский муниципальный район,Республика Татарстан
357,Продовольствие,2024-12,2.174374227449683,Азнакаевский муниципальный район,Республика Татарстан
357,Общественное питание,2023-11,2.031527775972247,Азнакаевский муниципальный район,Республика Татарстан
364,Маркетплейсы,2024-01,2.7570978440373892,Арский муниципальный район,Республика Татарстан
366,Здоровье,2024-12,2.0931889917160014,Бавлинский муниципальный район,Республика Татарстан
366,Транспорт,2023-10,2.2366630218628942,Бавлинский муниципальный район,Республика Татарстан
367,Общественное питание,2024-11,2.1847098932745435,Балтасинский муниципальный район,Республика Татарстан
367,Транспорт,2024-11,2.5948752823499404,Балтасинский муниципальный район,Республика Татарстан
370,Общественное питание,2024-10,2.2435026449443067,Верхнеуслонский муниципальный район,Республика Татарстан
376,Здоровье,2024-05,2.481951855368825,Кайбицкий муниципальный район,Республика Татарстан
381,Здоровье,2023-06,2.5921270274718875,Мамадышский муниципальный район,Республика Татарстан
383,Маркетплейсы,2023-10,2.426779946497574,Мензелинский муниципальный район,Республика Татарстан
384,Общественное питание,2023-06,2.020798678331547,Муслюмовский муниципальный район,Республика Татарстан
388,Продовольствие,2024-12,2.508424144508286,Пестречинский муниципальный район,Республика Татарстан
390,Все категории,2024-01,2.3051934420935645,Сабинский муниципальный район,Республика Татарстан
390,Продовольствие,2023-12,2.7421196407280912,Сабинский муниципальный район,Республика Татарстан
391,Маркетплейсы,2023-11,3.6637325672491095,Сармановский муниципальный район,Республика Татарстан
392,Продовольствие,2023-12,2.2538762281130373,Спасский муниципальный район,Республика Татарстан
392,Общественное питание,2023-05,2.4000531135919583,Спасский муниципальный район,Республика Татарстан
393,Здоровье,2024-08,3.026050447608684,Тетюшский муниципальный район,Республика Татарстан
396,Продовольствие,2024-08,2.3680197371329688,Черемшанский муниципальный район,Республика Татарстан
396,Общественное питание,2024-05,2.107072466408941,Черемшанский муниципальный район,Республика Татарстан
398,Все категории,2023-06,4.264916728131155,Ютазинский муниципальный район,Республика Татарстан
401,Транспорт,2023-08,2.1718815289386106,Бай-Тайгинский муниципальный район,Республика Тыва
401,Транспорт,2024-04,2.131009996711607,Бай-Тайгинский муниципальный район,Республика Тыва
402,Продовольствие,2023-12,2.3308037013526675,Барун-Хемчикский муниципальный район,Республика Тыва
402,Здоровье,2024-12,5.070978572608145,Барун-Хемчикский муниципальный район,Республика Тыва
403,Продовольствие,2024-01,2.3087273830971506,Дзун-Хемчикский муниципальный район,Республика Тыва
404,Маркетплейсы,2023-08,2.7544127286562006,Каа-Хемский муниципальный район,Республика Тыва
408,Здоровье,2024-11,2.427566471110879,Пий-Хемский муниципальный район,Республика Тыва
410,Общественное питание,2024-03,2.1006653068819134,Тандинский муниципальный район,Республика Тыва
413,Здоровье,2024-06,2.467900734188398,Тоджинский муниципальный район,Республика Тыва
420,Общественное питание,2023-06,2.2131868773629044,городской округ город Глазов,Удмуртская Республика
425,Здоровье,2023-12,2.3962103443854113,муниципальный округ Вавожский район,Удмуртская Республика
429,Все категории,2023-10,2.0245513943375975,муниципальный округ Дебёсский район,Удмуртская Республика
433,Продовольствие,2024-06,2.961121783283581,муниципальный округ Каракулинский район,Удмуртская Республика
434,Все категории,2024-11,2.163117112803382,муниципальный округ Кезский район,Удмуртская Республика
436,Общественное питание,2023-06,2.2572843832145337,муниципальный округ Киясовский район,Удмуртская Республика
437,Все категории,2023-09,2.0938105859550835,муниципальный округ Красногорский район,Удмуртская Республика
440,Транспорт,2023-06,2.59517389039462,муниципальный округ Сарапульский район,Удмуртская Республика
440,Маркетплейсы,2023-10,2.173582391611105,муниципальный округ Сарапульский район,Удмуртская Республика
442,Здоровье,2023-12,2.2879385997975117,муниципальный округ Сюмсинский район,Удмуртская Республика
444,Здоровье,2023-12,2.309497170187096,муниципальный округ Шарканский район,Удмуртская Республика
444,Общественное питание,2024-04,2.0710210800301443,муниципальный округ Шарканский район,Удмуртская Республика
447,Транспорт,2023-07,2.236128815074382,муниципальный округ Ярский район,Удмуртская Республика
449,Здоровье,2023-11,3.2704927770276293,городской округ город Абаза,Республика Хакасия
450,Продовольствие,2024-09,2.355419055810408,городской округ город Саяногорск,Республика Хакасия
457,Все категории,2023-12,2.111477542114869,Орджоникидзевский муниципальный район,Республика Хакасия
457,Общественное питание,2023-05,2.091018887859809,Орджоникидзевский муниципальный район,Республика Хакасия
478,Здоровье,2024-06,2.1408590317300393,городской округ город Чебоксары,Чувашская Республика
479,Транспорт,2023-10,2.596204053559881,городской округ город Алатырь,Чувашская Республика
484,Здоровье,2024-07,2.5009145653116,Аликовский муниципальный округ,Чувашская Республика
486,Здоровье,2024-06,2.3489987491631483,Вурнарский муниципальный округ,Чувашская Республика
487,Транспорт,2023-10,2.434957012932571,Ибресинский муниципальный округ,Чувашская Республика
492,Все категории,2023-07,2.3547648475313983,Красночетайский муниципальный округ,Чувашская Республика
492,Транспорт,2023-05,2.3657003533748937,Красночетайский муниципальный округ,Чувашская Республика
493,Общественное питание,2024-07,2.0353909985616365,Мариинско-Посадский муниципальный округ,Чувашская Республика
494,Здоровье,2023-11,2.8415641381510683,Моргаушский муниципальный округ,Чувашская Республика
495,Все категории,2024-05,2.052380757816101,Порецкий муниципальный округ,Чувашская Республика
497,Все категории,2024-12,2.095472204316013,Цивильский муниципальный округ,Чувашская Республика
499,Общественное питание,2023-10,2.028161780302505,Шемуршинский муниципальный округ,Чувашская Республика
499,Маркетплейсы,2024-01,2.172367518353758,Шемуршинский муниципальный округ,Чувашская Республика
501,Все категории,2023-06,2.202966341830091,Ядринский муниципальный округ,Чувашская Республика
501,Транспорт,2024-07,2.2100679447283564,Ядринский муниципальный округ,Чувашская Республика
503,Все категории,2024-12,2.1234874693257337,Янтиковский муниципальный округ,Чувашская Республика
503,Продовольствие,2023-12,2.178368880052058,Янтиковский муниципальный округ,Чувашская Республика
506,Продовольствие,2023-06,6.180545676614282,городской округ город Белокуриха,Алтайский край
508,Здоровье,2024-01,2.2964845064634627,городской округ город Заринск,Алтайский край
509,Транспорт,2024-08,2.0676568831433215,городской округ город Новоалтайск,Алтайский край
518,Транспорт,2024-10,2.390034126762374,Благовещенский муниципальный район,Алтайский край
519,Продовольствие,2024-09,2.0393981339166944,Бурлинский муниципальный район,Алтайский край
519,Транспорт,2024-06,2.0825698823862626,Бурлинский муниципальный район,Алтайский край
520,Общественное питание,2023-12,2.342939381968158,Быстроистокский муниципальный район,Алтайский край
521,Все категории,2023-06,4.827207687071142,Волчихинский муниципальный район,Алтайский край
523,Транспорт,2024-04,2.31178838520556,Ельцовский муниципальный район,Алтайский край
525,Все категории,2024-05,3.258755491174412,Залесовский муниципальный округ,Алтайский край
525,Продовольствие,2024-05,2.5045245234327784,Залесовский муниципальный округ,Алтайский край
525,Транспорт,2024-05,2.0786545897317,Залесовский муниципальный округ,Алтайский край
529,Общественное питание,2024-10,2.0542194146927084,Каменский муниципальный район,Алтайский край
536,Продовольствие,2023-06,2.1927490023966687,Курьинский муниципальный район,Алтайский край
537,Здоровье,2024-04,2.152852212450162,Кытмановский муниципальный район,Алтайский край
540,Здоровье,2024-05,2.062286801087233,Михайловский муниципальный район,Алтайский край
542,Продовольствие,2024-12,2.1567333195280605,Зональный муниципальный район,Алтайский край
542,Общественное питание,2023-12,2.027319814886124,Зональный муниципальный район,Алтайский край
543,Транспорт,2024-07,2.425883823630313,Павловский муниципальный район,Алтайский край
546,Все категории,2023-12,2.108541831247229,Петропавловский муниципальный район,Алтайский край
546,Общественное питание,2024-04,2.4895783813248227,Петропавловский муниципальный район,Алтайский край
547,Маркетплейсы,2023-08,2.420253949947977,Поспелихинский муниципальный район,Алтайский край
556,Маркетплейсы,2023-11,2.517345778930994,Солтонский муниципальный район,Алтайский край
557,Общественное питание,2024-12,2.1459013226785806,Шелаболихинский муниципальный район,Алтайский край
557,Маркетплейсы,2024-04,2.023263989261912,Шелаболихинский муниципальный район,Алтайский край
558,Все категории,2024-11,2.2504448965064623,Табунский муниципальный район,Алтайский край
559,Маркетплейсы,2024-10,2.0326272609871983,Тальменский муниципальный район,Алтайский край
561,Общественное питание,2023-12,2.336533840740356,Топчихинский муниципальный район,Алтайский край
562,Общественное питание,2024-12,2.223944503698196,Третьяковский муниципальный район,Алтайский край
564,Маркетплейсы,2023-08,2.1130827742359055,Тюменцевский муниципальный район,Алтайский край
566,Здоровье,2023-12,2.062230142049065,Усть-Калманский муниципальный район,Алтайский край
571,Все категории,2024-01,2.9167105900757284,Шипуновский муниципальный район,Алтайский край
571,Общественное питание,2023-11,2.444004711142177,Шипуновский муниципальный район,Алтайский край
578,Продовольствие,2024-06,2.6103325331104155,Балейский муниципальный район,Забайкальский край
578,Общественное питание,2024-06,2.3532532405353774,Балейский муниципальный район,Забайкальский край
580,Транспорт,2024-03,2.581227418150718,Газимуро-Заводский муниципальный округ,Забайкальский край
582,Общественное питание,2024-10,2.1006471957443216,Каларский муниципальный округ,Забайкальский край
584,Продовольствие,2024-09,2.0570701215987843,Карымский муниципальный район,Забайкальский край
585,Продовольствие,2024-01,2.1707966857240035,муниципальный район Город Краснокаменск и Краснокаменский район,Забайкальский край
586,Продовольствие,2023-12,2.749121247736638,Красночикойский муниципальный район,Забайкальский край
589,Продовольствие,2023-12,2.6736790401911357,Нерчинский муниципальный район,Забайкальский край
594,Здоровье,2024-04,3.6521750734485816,Приаргунский муниципальный округ,Забайкальский край
595,Здоровье,2023-05,2.794482255595201,Сретенский муниципальный район,Забайкальский край
598,Транспорт,2024-10,2.105493483742854,Улётовский муниципальный район,Забайкальский край
600,Здоровье,2023-10,3.2725871303837004,Чернышевский муниципальный район,Забайкальский край
601,Транспорт,2023-11,2.0903668578827204,Читинский муниципальный район,Забайкальский край
602,Продовольствие,2024-11,2.8698183382125535,Шелопугинский муниципальный район,Забайкальский край
608,Все категории,2023-05,3.9752847304021612,городской округ Петропавловск-Камчатский,Камчатский край
614,Транспорт,2023-07,2.4404060730151045,Соболевский муниципальный район,Камчатский край
618,Транспорт,2024-01,2.0580443826477,Карагинский муниципальный район,Камчатский край
618,Маркетплейсы,2023-12,2.216064259779651,Карагинский муниципальный район,Камчатский край
674,Транспорт,2023-11,2.1191730930765242,городской округ город Канск,Красноярский край
674,Маркетплейсы,2024-02,2.23989024975559,городской округ город Канск,Красноярский край
674,Маркетплейсы,2024-08,2.0695707472017686,городской округ город Канск,Красноярский край
683,Транспорт,2023-12,2.5331201492263804,Абанский муниципальный район,Красноярский край
685,Общественное питание,2023-08,3.527432024853708,Балахтинский муниципальный район,Красноярский край
690,Продовольствие,2023-12,2.336160241953284,Большемуртинский муниципальный район,Красноярский край
690,Общественное питание,2023-05,2.4008628829041183,Большемуртинский муниципальный район,Красноярский край
691,Транспорт,2024-09,2.3392434447701573,Большеулуйский муниципальный район,Красноярский край
692,Общественное питание,2023-06,4.178573489235339,Дзержинский муниципальный район,Красноярский край
695,Продовольствие,2023-12,2.848834554300718,Ермаковский муниципальный район,Красноярский край
697,Здоровье,2023-06,2.8121589046265694,Иланский муниципальный район,Красноярский край
697,Здоровье,2023-12,2.3247508270766617,Иланский муниципальный район,Красноярский край
697,Общественное питание,2024-05,2.4822253201295816,Иланский муниципальный район,Красноярский край
699,Здоровье,2023-06,2.27743069883671,Казачинский муниципальный район,Красноярский край
699,Общественное питание,2024-12,2.925272072881238,Казачинский муниципальный район,Красноярский край
704,Общественное питание,2023-05,2.1078570687757163,Краснотуранский муниципальный район,Красноярский край
708,Продовольствие,2023-10,2.7282422037147676,Мотыгинский муниципальный район,Красноярский край
713,Общественное питание,2023-12,2.088339137150022,Пировский муниципальный округ,Красноярский край
714,Общественное питание,2024-12,3.0571233729970158,Рыбинский муниципальный район,Красноярский край
715,Продовольствие,2023-12,2.0655039028943767,Саянский муниципальный район,Красноярский край
715,Транспорт,2023-09,2.934684374277694,Саянский муниципальный район,Красноярский край
716,Здоровье,2024-03,2.2996575097660727,Северо-Енисейский муниципальный район,Красноярский край
721,Маркетплейсы,2023-12,2.323383719752494,Тюхтетский муниципальный округ,Красноярский край
722,Все категории,2023-06,4.240465379106257,Ужурский муниципальный район,Красноярский край
723,Продовольствие,2023-05,3.9878186446415333,Уярский муниципальный район,Красноярский край
726,Здоровье,2023-07,3.2321586514386915,Эвенкийский муниципальный район,Красноярский край
731,Маркетплейсы,2023-11,2.0704393968333776,городской округ Лысьвенский,Пермский край
731,Маркетплейсы,2024-08,2.133569108639816,городской округ Лысьвенский,Пермский край
734,Маркетплейсы,2023-12,2.4557098829493875,муниципальный округ Александровский,Пермский край
737,Общественное питание,2023-07,2.2211609989025938,муниципальный округ Большесосновский,Пермский край
741,Маркетплейсы,2024-04,2.3192224040528346,городской округ Добрянский,Пермский край
742,Все категории,2023-11,2.5182133117747347,муниципальный округ Еловский,Пермский край
743,Маркетплейсы,2024-05,2.402837859695557,городской округ Ильинский,Пермский край
745,Продовольствие,2023-07,2.032536914678375,городской округ город Кизел,Пермский край
746,Общественное питание,2023-12,3.002664378946154,муниципальный округ Кишертский,Пермский край
747,Транспорт,2023-10,2.1002660326159335,городской округ Красновишерский,Пермский край
749,Продовольствие,2023-07,2.3232794454462486,муниципальный округ Куединский,Пермский край
754,Продовольствие,2023-07,2.3196868336919696,городской округ Осинский,Пермский край
764,Здоровье,2023-09,2.469254504516087,муниципальный округ Частинский,Пермский край
764,Общественное питание,2024-03,2.3602627957628863,муниципальный округ Частинский,Пермский край
766,Общественное питание,2024-08,2.0391397409309913,городской округ Чернушинский,Пермский край
766,Маркетплейсы,2024-08,2.586721156631061,городской округ Чернушинский,Пермский край
770,Все категории,2024-12,2.0552835794261846,муниципальный округ Косинский,Пермский край
770,Общественное питание,2024-01,2.2102847204468166,муниципальный округ Косинский,Пермский край
770,Маркетплейсы,2024-12,2.050841363847156,муниципальный округ Косинский,Пермский край
771,Все категории,2023-09,4.326925182900375,муниципальный округ Кочевский,Пермский край
773,Общественное питание,2023-11,2.2334166158661004,муниципальный округ Юрлинский,Пермский край
774,Продовольствие,2023-07,2.866131102676974,муниципальный округ Юсьвинский,Пермский край
775,Все категории,2023-09,2.4594152616790845,городской округ Владивостокский,Приморский край
775,Маркетплейсы,2023-11,2.638237243159265,городской округ Владивостокский,Приморский край
776,Здоровье,2023-12,2.0895408823835546,городской округ Арсеньевский,Приморский край
777,Здоровье,2023-12,2.0376366647162945,городской округ Артемовский,Приморский край
778,Маркетплейсы,2024-08,2.1320658153021985,городской округ Большой Камень,Приморский край
780,Продовольствие,2024-01,2.890212383156214,городской округ Дальнереченский,Приморский край
782,Все категории,2023-08,2.0875740528710787,городской округ Находкинский,Приморский край
782,Здоровье,2023-12,2.050067292623526,городской округ Находкинский,Приморский край
785,Все категории,2023-09,2.473021655842675,городской округ Уссурийский,Приморский край
788,Общественное питание,2023-06,4.466525251593107,Дальнереченский муниципальный район,Приморский край
789,Маркетплейсы,2024-08,3.190244867965911,Кавалеровский муниципальный округ,Приморский край
790,Все категории,2023-12,2.093658130183767,Кировский муниципальный район,Приморский край
790,Продовольствие,2024-05,2.5285836371317503,Кировский муниципальный район,Приморский край
790,Здоровье,2023-12,2.0881856593381243,Кировский муниципальный район,Приморский край
791,Продовольствие,2024-07,2.4748523537349887,Красноармейский муниципальный округ,Приморский край
796,Все категории,2024-07,2.0982301028326984,Ольгинский муниципальный округ,Приморский край
797,Маркетплейсы,2024-02,3.22535931094287,Партизанский муниципальный округ,Приморский край
798,Здоровье,2024-06,2.0298914960838492,Пограничный муниципальный округ,Приморский край
799,Все категории,2024-01,2.629735138928694,Пожарский муниципальный округ,Приморский край
799,Маркетплейсы,2024-01,2.127119633470366,Пожарский муниципальный округ,Приморский край
800,Все категории,2023-12,2.1419676931518157,Спасский муниципальный район,Приморский край
802,Общественное питание,2023-05,2.918989722381078,Ханкайский муниципальный округ,Приморский край
805,Все категории,2023-12,2.1712214638384317,Черниговский муниципальный округ,Приморский край
805,Продовольствие,2024-05,2.2144550923077246,Черниговский муниципальный округ,Приморский край
805,Здоровье,2023-12,3.0765239353691136,Черниговский муниципальный округ,Приморский край
805,Маркетплейсы,2024-08,2.476478757644469,Черниговский муниципальный округ,Приморский край
806,Транспорт,2023-12,3.8766621240894326,Чугуевский муниципальный округ,Приморский край
806,Маркетплейсы,2024-08,3.0049578204784235,Чугуевский муниципальный округ,Приморский край
807,Маркетплейсы,2024-08,2.286086181186603,Шкотовский муниципальный округ,Приморский край
815,Маркетплейсы,2024-07,2.15229853077419,Ипатовский муниципальный округ,Ставропольский край
820,Все категории,2023-07,2.3235963009222105,городской округ город Невинномысск,Ставропольский край
821,Маркетплейсы,2023-09,2.3651752804174917,Нефтекумский муниципальный округ,Ставропольский край
822,Все категории,2023-08,4.171576917552548,Новоалександровский муниципальный округ,Ставропольский край
822,Продовольствие,2023-08,2.579367457870191,Новоалександровский муниципальный округ,Ставропольский край
823,Общественное питание,2023-05,2.253867557684593,Петровский муниципальный округ,Ставропольский край
825,Все категории,2024-08,2.2174659745804233,Советский муниципальный округ,Ставропольский край
829,Все категории,2023-12,2.181604095286798,Арзгирский муниципальный округ,Ставропольский край
831,Здоровье,2024-09,2.0316309723102832,Грачёвский муниципальный округ,Ставропольский край
832,Продовольствие,2023-08,3.0274224083489223,Кочубеевский муниципальный округ,Ставропольский край
832,Продовольствие,2024-04,2.4493575928514804,Кочубеевский муниципальный округ,Ставропольский край
843,Продовольствие,2024-08,2.2642555903849835,городской округ город Комсомольск-на-Амуре,Хабаровский край
848,Все категории,2023-09,2.608436850100562,Верхнебуреинский муниципальный район,Хабаровский край
848,Маркетплейсы,2023-11,2.5369862436255866,Верхнебуреинский муниципальный район,Хабаровский край
849,Продовольствие,2023-12,2.971530115348669,Вяземский муниципальный район,Хабаровский край
852,Маркетплейсы,2023-05,5.732137398105969,Нанайский муниципальный район,Хабаровский край
853,Продовольствие,2023-11,2.452275595987539,Николаевский муниципальный район,Хабаровский край
854,Здоровье,2023-07,2.1125090774743964,Охотский муниципальный округ,Хабаровский край
854,Маркетплейсы,2024-01,2.8438516115351464,Охотский муниципальный округ,Хабаровский край
855,Продовольствие,2024-08,2.484901841707605,муниципальный район имени Полины Осипенко,Хабаровский край
870,Транспорт,2024-07,2.3974283412562007,Архаринский муниципальный округ,Амурская область
871,Продовольствие,2024-12,2.0732630953167868,Белогорский муниципальный округ,Амурская область
874,Все категории,2024-11,2.0385414808457405,Завитинский муниципальный округ,Амурская область
876,Все категории,2024-12,2.569574784414848,Ивановский муниципальный округ,Амурская область
876,Продовольствие,2024-12,2.085533791663808,Ивановский муниципальный округ,Амурская область
877,Продовольствие,2024-01,2.645495639503087,Константиновский муниципальный район,Амурская область
877,Общественное питание,2024-11,2.5928245808275245,Константиновский муниципальный район,Амурская область
880,Все категории,2023-06,3.7047824710963284,Михайловский муниципальный район,Амурская область
883,Продовольствие,2024-10,2.1013990908383384,Свободненский муниципальный район,Амурская область
883,Маркетплейсы,2024-12,2.2237842365902676,Свободненский муниципальный район,Амурская область
884,Общественное питание,2024-04,2.38586828238949,Селемджинский муниципальный район,Амурская область
891,Продовольствие,2024-05,3.4773492748260635,городской округ город Коряжма,Архангельская область
895,Маркетплейсы,2023-12,2.150310875594042,городской округ город Новодвинск,Архангельская область
897,Общественное питание,2023-12,3.187030816027465,Вельский муниципальный район,Архангельская область
899,Общественное питание,2024-05,2.031166940027613,муниципальный округ Вилегодский,Архангельская область
900,Продовольствие,2024-07,3.200724317337077,Виноградовский муниципальный округ,Архангельская область
901,Общественное питание,2024-05,2.2455174437428074,муниципальный округ Каргопольский,Архангельская область
902,Здоровье,2023-09,2.918939409801497,Коношский муниципальный район,Архангельская область
905,Продовольствие,2024-07,2.253005092437115,Ленский муниципальный район,Архангельская область
905,Маркетплейсы,2024-05,2.6512161481034973,Ленский муниципальный район,Архангельская область
907,Продовольствие,2024-12,2.1842383036887822,Мезенский муниципальный округ,Архангельская область
907,Транспорт,2024-05,2.0607864245991836,Мезенский муниципальный округ,Архангельская область
909,Продовольствие,2024-07,2.096523221181964,Онежский муниципальный район,Архангельская область
915,Общественное питание,2024-11,2.1476047397170843,Шенкурский муниципальный округ,Архангельская область
916,Маркетплейсы,2023-09,3.8472691397295464,городской округ город Нарьян-Мар,Ненецкий автономный округ
920,Продовольствие,2024-06,2.0899010152090995,Ахтубинский муниципальный район,Астраханская область
920,Общественное питание,2024-07,2.399967957495422,Ахтубинский муниципальный район,Астраханская область
923,Маркетплейсы,2023-05,3.1740594662118107,Икрянинский муниципальный район,Астраханская область
923,Маркетплейсы,2024-01,2.0658629639989874,Икрянинский муниципальный район,Астраханская область
927,Продовольствие,2023-08,2.1337311086277357,Наримановский муниципальный район,Астраханская область
930,Продовольствие,2024-01,2.03292278381897,Черноярский муниципальный район,Астраханская область
930,Здоровье,2024-11,2.0912434000756255,Черноярский муниципальный район,Астраханская область
930,Общественное питание,2023-11,2.1512919947242284,Черноярский муниципальный район,Астраханская область
992,Маркетплейсы,2023-06,2.9552116165094753,Вязниковский муниципальный район,Владимирская область
993,Все категории,2024-01,2.250276100127959,Гороховецкий муниципальный район,Владимирская область
993,Продовольствие,2024-01,2.4540699261211576,Гороховецкий муниципальный район,Владимирская область
993,Транспорт,2024-07,2.0453974966114155,Гороховецкий муниципальный район,Владимирская область
994,Все категории,2024-10,2.060118973525842,Гусь-Хрустальный муниципальный район,Владимирская область
994,Продовольствие,2023-12,2.562925500546494,Гусь-Хрустальный муниципальный район,Владимирская область
1004,Все категории,2024-01,2.2299072548030456,Судогодский муниципальный район,Владимирская область
1005,Здоровье,2023-11,2.2910447979138,Суздальский муниципальный район,Владимирская область
1005,Здоровье,2024-08,2.158387944921458,Суздальский муниципальный район,Владимирская область
1006,Общественное питание,2023-09,2.760913151012798,Юрьев-Польский муниципальный район,Владимирская область
1014,Продовольствие,2024-01,2.5532463343275307,Быковский муниципальный район,Волгоградская область
1015,Маркетплейсы,2024-09,2.1729652622653486,Городищенский муниципальный район,Волгоградская область
1016,Продовольствие,2023-12,2.8325791789435275,Даниловский муниципальный район,Волгоградская область
1017,Здоровье,2024-05,2.2809110233411114,Дубовский муниципальный район,Волгоградская область
1017,Маркетплейсы,2023-12,2.021885841524306,Дубовский муниципальный район,Волгоградская область
1019,Все категории,2023-12,2.075877290394581,Жирновский муниципальный район,Волгоградская область
1019,Общественное питание,2023-05,2.5801998847259235,Жирновский муниципальный район,Волгоградская область
1020,Общественное питание,2024-06,2.731138378549276,Иловлинский муниципальный район,Волгоградская область
1025,Здоровье,2024-09,2.630567517577603,Котельниковский муниципальный район,Волгоградская область
1027,Все категории,2023-11,2.3186359156273575,Кумылженский муниципальный район,Волгоградская область
1028,Продовольствие,2023-05,2.558685427572886,Ленинский муниципальный район,Волгоградская область
1028,Общественное питание,2023-09,2.0825061945932206,Ленинский муниципальный район,Волгоградская область
1029,Транспорт,2024-09,2.0546644785647485,Нехаевский муниципальный район,Волгоградская область
1029,Маркетплейсы,2024-04,2.4662013479200184,Нехаевский муниципальный район,Волгоградская область
1030,Все категории,2023-07,2.3238248414501936,Николаевский муниципальный район,Волгоградская область
1033,Общественное питание,2024-01,2.049949176292784,Октябрьский муниципальный район,Волгоградская область
1036,Общественное питание,2024-06,2.3446499956006184,Руднянский муниципальный район,Волгоградская область
1040,Транспорт,2023-11,2.5119425680826213,Старополтавский муниципальный район,Волгоградская область
1041,Общественное питание,2023-12,2.282453400896089,Суровикинский муниципальный район,Волгоградская область
1044,Общественное питание,2024-02,2.6236714781530512,Чернышковский муниципальный район,Волгоградская область
1047,Здоровье,2024-01,2.9269356255399352,Бабаевский муниципальный округ,Вологодская область
1047,Маркетплейсы,2023-05,2.2608689532990405,Бабаевский муниципальный округ,Вологодская область
1048,Общественное питание,2024-05,2.1034963519853114,Бабушкинский муниципальный округ,Вологодская область
1051,Все категории,2024-01,2.1726801639314495,Великоустюгский муниципальный округ,Вологодская область
1052,Транспорт,2024-09,2.173353255693306,Верховажский муниципальный округ,Вологодская область
1059,Общественное питание,2024-03,2.3116111409446662,Кичменгско-Городецкий муниципальный округ,Вологодская область
1061,Маркетплейсы,2024-09,3.0433205190598915,Никольский муниципальный округ,Вологодская область
1062,Все категории,2023-06,2.0259260395461807,Нюксенский муниципальный округ,Вологодская область
1062,Здоровье,2023-08,2.2030551487251078,Нюксенский муниципальный округ,Вологодская область
1062,Здоровье,2024-05,2.9599256043968696,Нюксенский муниципальный округ,Вологодская область
1062,Общественное питание,2024-12,3.1221093740075574,Нюксенский муниципальный округ,Вологодская область
1063,Здоровье,2023-10,2.8731859112339624,Сокольский муниципальный округ,Вологодская область
1066,Общественное питание,2024-05,4.645123166642019,Тотемский муниципальный округ,Вологодская область
1066,Транспорт,2024-01,2.585430454910428,Тотемский муниципальный округ,Вологодская область
1067,Общественное питание,2023-07,3.0037657725468163,Усть-Кубинский муниципальный округ,Вологодская область
1068,Общественное питание,2024-06,2.095267116542189,Устюженский муниципальный округ,Вологодская область
1070,Общественное питание,2024-07,2.5076615120673393,Чагодощенский муниципальный округ,Вологодская область
1070,Транспорт,2024-01,2.6493274242046683,Чагодощенский муниципальный округ,Вологодская область
1070,Транспорт,2024-11,2.2843445448282136,Чагодощенский муниципальный округ,Вологодская область
1070,Маркетплейсы,2023-11,3.473209143091638,Чагодощенский муниципальный округ,Вологодская область
1108,Общественное питание,2024-03,2.0549282420777106,городской округ Вичуга,Ивановская область
1110,Здоровье,2024-07,2.0246091438281257,городской округ Кохма,Ивановская область
1112,Транспорт,2024-04,2.430182044877398,городской округ Шуя,Ивановская область
1115,Продовольствие,2024-12,2.060011213004045,Гаврилово-Посадский муниципальный район,Ивановская область
1116,Все категории,2024-07,2.40847890349689,Заволжский муниципальный район,Ивановская область
1116,Здоровье,2023-09,2.9293487114584087,Заволжский муниципальный район,Ивановская область
1116,Общественное питание,2023-06,4.561895985201248,Заволжский муниципальный район,Ивановская область
1117,Все категории,2024-11,2.396465566395143,Ивановский муниципальный район,Ивановская область
1117,Продовольствие,2024-11,2.342383305266872,Ивановский муниципальный район,Ивановская область
1118,Маркетплейсы,2024-12,2.253524405441082,Ильинский муниципальный район,Ивановская область
1119,Общественное питание,2023-08,2.223621408717242,Кинешемский муниципальный район,Ивановская область
1121,Общественное питание,2024-05,2.039594470649896,Лежневский муниципальный район,Ивановская область
1123,Здоровье,2024-08,2.0328533988921587,Палехский муниципальный район,Ивановская область
1124,Общественное питание,2023-07,2.7768460414660403,Пестяковский муниципальный район,Ивановская область
1125,Общественное питание,2024-01,2.5343699716297006,Приволжский муниципальный район,Ивановская область
1126,Общественное питание,2024-03,2.4653721350140874,Пучежский муниципальный район,Ивановская область
1128,Транспорт,2024-12,2.650238228203416,Савинский муниципальный район,Ивановская область
1129,Общественное питание,2024-08,2.0709942886157076,Тейковский муниципальный район,Ивановская область
1130,Все категории,2024-11,2.174939438416016,Фурмановский муниципальный район,Ивановская область
1130,Маркетплейсы,2023-12,2.9180256447038917,Фурмановский муниципальный район,Ивановская область
1130,Маркетплейсы,2024-07,2.1694248811737156,Фурмановский муниципальный район,Ивановская область
1133,Здоровье,2024-05,3.5559967096193765,Юрьевецкий муниципальный район,Ивановская область
1133,Общественное питание,2023-12,2.060584688958683,Юрьевецкий муниципальный район,Ивановская область
1133,Транспорт,2024-10,2.5743839872120606,Юрьевецкий муниципальный район,Ивановская область
1136,Транспорт,2023-05,2.1093899916148495,городской округ город Братск,Иркутская область
1137,Маркетплейсы,2024-02,2.0400930721020423,городской округ Зима,Иркутская область
1138,Маркетплейсы,2023-10,2.031080234561707,городской округ город Саянск,Иркутская область
1141,Транспорт,2023-05,3.9218028268812546,городской округ город Усть-Илимск,Иркутская область
1146,Продовольствие,2024-09,3.846763652828958,Братский муниципальный район,Иркутская область
1148,Общественное питание,2024-01,2.4019759535991234,Заларинский муниципальный район,Иркутская область
1148,Транспорт,2023-11,2.530877670732467,Заларинский муниципальный район,Иркутская область
1151,Продовольствие,2024-07,2.2492919248123506,Казачинско-Ленский муниципальный район,Иркутская область
1153,Общественное питание,2024-04,4.437878308861101,Качугский муниципальный район,Иркутская область
1155,Здоровье,2023-11,2.6540613821045183,Куйтунский муниципальный район,Иркутская область
1157,Продовольствие,2024-07,2.0376425384233197,Нижнеилимский муниципальный район,Иркутская область
1164,Общественное питание,2023-05,4.9275040678938,Усть-Илимский муниципальный район,Иркутская область
1166,Здоровье,2024-01,2.2939503814873308,Усть-Удинский муниципальный район,Иркутская область
1166,Маркетплейсы,2024-11,2.213463725408771,Усть-Удинский муниципальный район,Иркутская область
1167,Общественное питание,2023-07,2.1110447977319264,Черемховский муниципальный район,Иркутская область
1170,Общественное питание,2023-09,2.4386652554065513,Аларский муниципальный район,Иркутская область
1170,Общественное питание,2024-12,2.201330355768229,Аларский муниципальный район,Иркутская область
1172,Все категории,2024-01,2.4754592691721116,Боханский муниципальный район,Иркутская область
1172,Здоровье,2024-10,2.035732142417264,Боханский муниципальный район,Иркутская область
1175,Общественное питание,2023-06,2.827177977559912,Эхирит-Булагатский муниципальный район,Иркутская область
1175,Маркетплейсы,2023-08,2.025409337019895,Эхирит-Булагатский муниципальный район,Иркутская область
1178,Здоровье,2023-06,3.9913648362619667,городской округ Мамоновский,Калининградская область
1181,Продовольствие,2024-11,2.105292748669239,городской округ Советский,Калининградская область
1194,Все категории,2024-05,2.6017198002078312,муниципальный округ Полесский,Калининградская область
1194,Продовольствие,2024-06,2.07336882793205,муниципальный округ Полесский,Калининградская область
1194,Здоровье,2024-06,4.210039486624389,муниципальный округ Полесский,Калининградская область
1198,Маркетплейсы,2024-05,2.172115279324135,городской округ город Калуга,Калужская область
1201,Маркетплейсы,2023-05,2.892410885970074,Барятинский муниципальный район,Калужская область
1201,Маркетплейсы,2024-06,2.0948073606801123,Барятинский муниципальный район,Калужская область
1205,Маркетплейсы,2023-11,2.190444336635807,Жиздринский муниципальный район,Калужская область
1206,Общественное питание,2024-03,2.0219373032469474,Жуковский муниципальный район,Калужская область
1212,Здоровье,2024-06,2.269465806236526,Малоярославецкий муниципальный район,Калужская область
1214,Продовольствие,2023-08,2.1054485732820822,Мещовский муниципальный район,Калужская область
1217,Продовольствие,2023-10,2.0459131118361347,Спас-Деменский муниципальный район,Калужская область
1217,Здоровье,2024-04,2.363312305374276,Спас-Деменский муниципальный район,Калужская область
1218,Все категории,2023-08,2.370568018931694,Сухиничский муниципальный район,Калужская область
1218,Общественное питание,2023-05,2.1535585393677814,Сухиничский муниципальный район,Калужская область
1220,Общественное питание,2024-02,2.248230201034487,Ульяновский муниципальный район,Калужская область
1222,Все категории,2023-06,2.2427487797392742,Хвастовичский муниципальный район,Калужская область
1222,Все категории,2024-10,2.314636931860233,Хвастовичский муниципальный район,Калужская область
1223,Транспорт,2024-01,2.333735245524231,Юхновский муниципальный район,Калужская область
1226,Здоровье,2023-12,2.373323108643456,городской округ Беловский,Кемеровская область
1226,Общественное питание,2024-08,2.8339443005258382,городской округ Беловский,Кемеровская область
1226,Маркетплейсы,2023-10,2.4514171622416896,городской округ Беловский,Кемеровская область
1227,Здоровье,2023-12,2.331781946904682,городской округ Березовский,Кемеровская область
1229,Маркетплейсы,2023-10,2.0745013085206807,городской округ Киселевский,Кемеровская область
1230,Здоровье,2023-12,2.1612505262643666,городской округ Ленинск-Кузнецкий,Кемеровская область
1231,Здоровье,2023-12,3.016923196749888,городской округ Междуреченский,Кемеровская область
1231,Здоровье,2024-01,2.076801606551037,городской округ Междуреченский,Кемеровская область
1236,Общественное питание,2024-06,2.143979532718165,городской округ Прокопьевский,Кемеровская область
1236,Маркетплейсы,2024-08,2.2396957719283463,городской округ Прокопьевский,Кемеровская область
1240,Все категории,2024-08,2.0735688608899876,Беловский муниципальный округ,Кемеровская область
1240,Общественное питание,2024-08,2.4353595963996417,Беловский муниципальный округ,Кемеровская область
1243,Здоровье,2024-04,2.184279958203413,Кемеровский муниципальный округ,Кемеровская область
1253,Продовольствие,2024-05,3.1427103447682083,Тяжинский муниципальный округ,Кемеровская область
1253,Продовольствие,2024-12,2.163360442484934,Тяжинский муниципальный округ,Кемеровская область
1259,Продовольствие,2024-07,2.261060777023479,городской округ город Вятские Поляны,Кировская область
1264,Здоровье,2024-01,3.120762263440486,муниципальный округ Арбажский,Кировская область
1265,Все категории,2023-09,2.162163541268057,муниципальный округ Афанасьевский,Кировская область
1265,Все категории,2024-11,2.037847335950571,муниципальный округ Афанасьевский,Кировская область
1266,Здоровье,2023-10,2.4303326469922637,Белохолуницкий муниципальный район,Кировская область
1267,Здоровье,2023-12,2.3127915189654353,муниципальный округ Богородский,Кировская область
1267,Маркетплейсы,2024-02,2.9116238020835503,муниципальный округ Богородский,Кировская область
1268,Общественное питание,2023-08,2.3032785346839506,муниципальный округ Верхнекамский,Кировская область
1269,Продовольствие,2023-10,2.057685247347582,Верхошижемский муниципальный район,Кировская область
1269,Продовольствие,2024-11,2.185376461795749,Верхошижемский муниципальный район,Кировская область
1269,Здоровье,2023-08,2.2351934075657134,Верхошижемский муниципальный район,Кировская область
1269,Маркетплейсы,2024-10,2.250991436309542,Верхошижемский муниципальный район,Кировская область
1270,Маркетплейсы,2024-01,2.260571055716094,Вятскополянский муниципальный район,Кировская область
1271,Общественное питание,2024-02,2.088457110190471,Даровской муниципальный район,Кировская область
1272,Транспорт,2024-01,2.292810103375789,Зуевский муниципальный район,Кировская область
1273,Общественное питание,2023-05,2.1793311422622805,муниципальный округ Кикнурский,Кировская область
1274,Общественное питание,2024-02,2.630167558214519,Кильмезский муниципальный район,Кировская область
1276,Продовольствие,2024-11,2.30098368676061,Котельничский муниципальный район,Кировская область
1276,Транспорт,2024-09,2.313988803715851,Котельничский муниципальный район,Кировская область
1277,Общественное питание,2023-12,2.5516564971696045,Куменский муниципальный район,Кировская область
1278,Продовольствие,2024-09,2.7635151793187447,муниципальный округ Лебяжский,Кировская область
1279,Продовольствие,2023-11,4.146016221530547,муниципальный округ Лузский,Кировская область
1279,Общественное питание,2024-06,2.343315144891633,муниципальный округ Лузский,Кировская область
1282,Здоровье,2023-12,2.2037232887167595,Нагорский муниципальный район,Кировская область
1282,Маркетплейсы,2023-10,2.200844187619,Нагорский муниципальный район,Кировская область
1284,Продовольствие,2023-12,2.315440098439827,Нолинский муниципальный район,Кировская область
1285,Общественное питание,2024-08,2.8174990379190854,Омутнинский муниципальный район,Кировская область
1286,Продовольствие,2023-09,2.4636093796684975,муниципальный округ Опаринский,Кировская область
1286,Общественное питание,2024-01,2.8209166752793324,муниципальный округ Опаринский,Кировская область
1287,Маркетплейсы,2024-02,2.1380961692720053,Оричевский муниципальный район,Кировская область
1288,Транспорт,2024-01,2.7112380066259707,Орловский муниципальный район,Кировская область
1290,Продовольствие,2023-11,2.3819681952324547,Подосиновский муниципальный район,Кировская область
1291,Маркетплейсы,2023-05,3.717364523001062,муниципальный округ Санчурский,Кировская область
1292,Транспорт,2024-07,2.2177013035834636,муниципальный округ Свечинский,Кировская область
1292,Маркетплейсы,2023-12,2.090785769578754,муниципальный округ Свечинский,Кировская область
1294,Все категории,2023-11,2.2366624574836376,Советский муниципальный район,Кировская область
1294,Продовольствие,2023-11,2.0476496974428873,Советский муниципальный район,Кировская область
1294,Транспорт,2024-07,2.0732662532745088,Советский муниципальный район,Кировская область
1296,Общественное питание,2024-03,2.339882837432627,Тужинский муниципальный район,Кировская область
1298,Продовольствие,2023-11,2.4872579733435187,Уржумский муниципальный район,Кировская область
1298,Здоровье,2023-05,2.5974742044028343,Уржумский муниципальный район,Кировская область
1300,Продовольствие,2023-11,2.0850192193372123,Шабалинский муниципальный район,Кировская область
1300,Общественное питание,2023-12,2.4782021449812026,Шабалинский муниципальный район,Кировская область
1301,Все категории,2024-08,2.397276693924508,Юрьянский муниципальный район,Кировская область
1301,Маркетплейсы,2024-08,2.3757501837400783,Юрьянский муниципальный район,Кировская область
1303,Общественное питание,2023-10,2.1646703886601726,городской округ город Кострома,Костромская область
1303,Общественное питание,2024-08,2.0302328663821694,городской округ город Кострома,Костромская область
1304,Продовольствие,2024-10,2.6858198822371895,городской округ город Буй,Костромская область
1304,Общественное питание,2024-12,2.1758205248412965,городской округ город Буй,Костромская область
1305,Все категории,2024-01,2.3283306533448553,городской округ город Волгореченск,Костромская область
1305,Продовольствие,2024-05,3.928973998981497,городской округ город Волгореченск,Костромская область
1305,Здоровье,2023-11,2.118538752338293,городской округ город Волгореченск,Костромская область
1305,Здоровье,2024-06,2.6486911398356376,городской округ город Волгореченск,Костромская область
1309,Все категории,2024-05,2.4321978088435485,Антроповский муниципальный район,Костромская область
1309,Продовольствие,2024-05,2.887725765992584,Антроповский муниципальный район,Костромская область
1309,Здоровье,2024-05,2.263647326336786,Антроповский муниципальный район,Костромская область
1311,Транспорт,2024-01,2.5782826346091507,Вохомский муниципальный район,Костромская область
1312,Маркетплейсы,2023-05,3.808045007942346,Галичский муниципальный район,Костромская область
1315,Маркетплейсы,2023-08,2.5058153872967157,Костромской муниципальный район,Костромская область
1316,Продовольствие,2023-05,2.5955212423374023,Красносельский муниципальный район,Костромская область
1319,Все категории,2024-04,2.305506811489123,Межевской муниципальный округ,Костромская область
1319,Маркетплейсы,2023-08,2.276841919198739,Межевской муниципальный округ,Костромская область
1320,Здоровье,2023-10,2.0574259314738095,Нейский муниципальный округ,Костромская область
1321,Продовольствие,2024-05,2.663772666562864,муниципальный район город Нерехта и Нерехтский район,Костромская область
1321,Общественное питание,2024-07,2.850478918560705,муниципальный район город Нерехта и Нерехтский район,Костромская область
1323,Маркетплейсы,2023-09,2.1836771454369517,Островский муниципальный округ,Костромская область
1324,Продовольствие,2023-12,2.3785810532576295,Павинский муниципальный округ,Костромская область
1326,Здоровье,2023-12,3.5825911298404165,Поназыревский муниципальный округ,Костромская область
1328,Общественное питание,2023-12,4.546140799631686,Солигаличский муниципальный округ,Костромская область
1329,Все категории,2024-12,2.0734000941555073,Судиславский муниципальный район,Костромская область
1330,Здоровье,2024-11,2.6940152975972333,Сусанинский муниципальный район,Костромская область
1330,Общественное питание,2024-02,2.3113747232211006,Сусанинский муниципальный район,Костромская область
1330,Транспорт,2023-11,2.25460205005018,Сусанинский муниципальный район,Костромская область
1334,Здоровье,2024-01,2.099002258366804,городской округ город Шадринск,Курганская область
1334,Маркетплейсы,2024-08,2.154797766248728,городской округ город Шадринск,Курганская область
1338,Общественное питание,2023-07,4.7756079354497425,Далматовский муниципальный округ,Курганская область
1339,Общественное питание,2024-05,2.6711575078677523,Звериноголовский муниципальный округ,Курганская область
1339,Транспорт,2024-05,2.1456005770635613,Звериноголовский муниципальный округ,Курганская область
1341,Маркетплейсы,2023-05,2.946037010477508,Катайский муниципальный округ,Курганская область
1343,Общественное питание,2023-05,2.681155648054342,Куртамышский муниципальный округ,Курганская область
1345,Все категории,2023-06,3.581779744372624,муниципальный округ Макушинский,Курганская область
1347,Общественное питание,2024-12,2.0583101799968766,Мокроусовский муниципальный округ,Курганская область
1349,Общественное питание,2024-04,2.5549269115350084,Половинский муниципальный округ,Курганская область
1351,Продовольствие,2023-06,2.3307052611418952,Сафакулевский муниципальный округ,Курганская область
1351,Продовольствие,2023-11,2.039293670100593,Сафакулевский муниципальный округ,Курганская область
1351,Продовольствие,2024-09,3.1299175477919476,Сафакулевский муниципальный округ,Курганская область
1351,Здоровье,2024-06,2.1126279321301724,Сафакулевский муниципальный округ,Курганская область
1352,Продовольствие,2023-05,2.518770294047533,Целинный муниципальный округ,Курганская область
1352,Здоровье,2023-08,2.254609473228057,Целинный муниципальный округ,Курганская область
1357,Все категории,2024-12,2.147239116260328,Щучанский муниципальный округ,Курганская область
1393,Общественное питание,2024-03,2.106287685579451,Волосовский муниципальный район,Ленинградская область
1406,Продовольствие,2023-10,2.7123414135841792,Сланцевский муниципальный район,Ленинградская область
1406,Продовольствие,2024-05,2.3739601373516015,Сланцевский муниципальный район,Ленинградская область
1410,Все категории,2024-01,2.274751862447861,городской округ город Липецк,Липецкая область
1410,Общественное питание,2024-01,2.252835866450217,городской округ город Липецк,Липецкая область
1410,Маркетплейсы,2024-01,3.4788640303794724,городской округ город Липецк,Липецкая область
1411,Все категории,2024-01,2.5579313930830927,городской округ город Елец,Липецкая область
1411,Общественное питание,2024-01,3.706979242043492,городской округ город Елец,Липецкая область
1411,Маркетплейсы,2024-01,3.983405085940867,городской округ город Елец,Липецкая область
1412,Общественное питание,2024-02,2.322319854422613,Воловский муниципальный район,Липецкая область
1414,Продовольствие,2024-01,2.201075464717014,Данковский муниципальный район,Липецкая область
1417,Здоровье,2024-05,2.0403245401567855,Долгоруковский муниципальный район,Липецкая область
1419,Все категории,2024-01,2.9854731173192937,Задонский муниципальный район,Липецкая область
1420,Транспорт,2023-06,2.2095659424999026,Измалковский муниципальный район,Липецкая область
1421,Общественное питание,2024-12,2.3163664322274795,Краснинский муниципальный район,Липецкая область
1422,Продовольствие,2024-01,2.122215786964179,Лебедянский муниципальный район,Липецкая область
1425,Общественное питание,2023-07,2.4966940934653823,Становлянский муниципальный район,Липецкая область
1425,Общественное питание,2024-11,5.73120165035568,Становлянский муниципальный район,Липецкая область
1426,Все категории,2024-01,2.4623669237495522,Тербунский муниципальный район,Липецкая область
1426,Здоровье,2024-07,2.024381126743845,Тербунский муниципальный район,Липецкая область
1426,Транспорт,2024-07,2.1582250581588367,Тербунский муниципальный район,Липецкая область
1429,Транспорт,2024-11,2.335171829477549,Чаплыгинский муниципальный район,Липецкая область
1430,Все категории,2023-06,2.8616212406291295,городской округ город Магадан,Магаданская область
1431,Здоровье,2023-10,2.237764021917108,муниципальный округ Ольский,Магаданская область
1431,Общественное питание,2024-08,2.2647654788624463,муниципальный округ Ольский,Магаданская область
1431,Транспорт,2024-08,2.324649078807678,муниципальный округ Ольский,Магаданская область
1440,Маркетплейсы,2023-11,2.3649323472195394,городской округ Бронницы,Московская область
1449,Все категории,2024-01,2.342290317729218,городской округ Зарайск,Московская область
1453,Маркетплейсы,2023-11,3.3932519585528387,городской округ Истра,Московская область
1454,Маркетплейсы,2023-11,2.6497688404452995,городской округ Кашира,Московская область
1457,Продовольствие,2024-08,2.0271560551556598,городской округ Котельники,Московская область
1468,Маркетплейсы,2023-11,2.54326640543969,городской округ Наро-Фоминский,Московская область
1473,Общественное питание,2023-05,2.113827555656985,городской округ Протвино,Московская область
1474,Маркетплейсы,2024-12,3.0100886844058836,городской округ Пущино,Московская область
1477,Маркетплейсы,2023-11,2.212951568967864,городской округ Рузский,Московская область
1478,Все категории,2024-01,2.6558078485428993,городской округ Серебряные Пруды,Московская область
1483,Все категории,2024-01,2.239290500284982,городской округ Черноголовка,Московская область
1484,Маркетплейсы,2023-11,4.133339180775978,городской округ Чехов,Московская область
1489,Транспорт,2023-07,2.3859403366901057,городской округ Волоколамский,Московская область
1490,Здоровье,2023-12,2.572528189428262,городской округ Воскресенск,Московская область
1490,Общественное питание,2024-01,2.3303807036339372,городской округ Воскресенск,Московская область
1490,Маркетплейсы,2023-11,3.3027602401103566,городской округ Воскресенск,Московская область
1491,Здоровье,2023-12,2.6553815470938718,городской округ Дмитровский,Московская область
1491,Маркетплейсы,2023-11,2.186326988203197,городской округ Дмитровский,Московская область
1504,Все категории,2024-01,2.958089290565689,городской округ Талдомский,Московская область
1519,Общественное питание,2024-07,2.4169550214922286,Кольский муниципальный район,Мурманская область
1520,Продовольствие,2024-01,2.0264686607095084,Ловозерский муниципальный район,Мурманская область
1528,Маркетплейсы,2024-03,2.3770218199271063,городской округ город Кулебаки,Нижегородская область
1529,Общественное питание,2024-06,2.396937459227461,городской округ Навашинский,Нижегородская область
1533,Продовольствие,2024-02,2.0855307569680446,городской округ город Шахунья,Нижегородская область
1537,Транспорт,2024-01,2.7888909529084094,Ардатовский муниципальный округ,Нижегородская область
1541,Общественное питание,2023-06,2.636003878181535,Большеболдинский муниципальный округ,Нижегородская область
1542,Все категории,2024-07,2.085380042784822,Большемурашкинский муниципальный округ,Нижегородская область
1542,Общественное питание,2024-04,2.666933017363597,Большемурашкинский муниципальный округ,Нижегородская область
1543,Все категории,2023-09,2.5021103365765964,Бутурлинский муниципальный округ,Нижегородская область
1543,Маркетплейсы,2024-01,2.2430394599057304,Бутурлинский муниципальный округ,Нижегородская область
1545,Общественное питание,2023-05,2.68049748604038,Варнавинский муниципальный округ,Нижегородская область
1545,Транспорт,2024-07,2.080091873698526,Варнавинский муниципальный округ,Нижегородская область
1547,Продовольствие,2024-11,2.0420176511414945,Ветлужский муниципальный округ,Нижегородская область
1547,Транспорт,2023-11,2.0810647524095454,Ветлужский муниципальный округ,Нижегородская область
1554,Общественное питание,2024-11,2.0740316355237716,Дальнеконстантиновский муниципальный округ,Нижегородская область
1557,Общественное питание,2023-07,2.3020434007523267,Ковернинский муниципальный округ,Нижегородская область
1557,Общественное питание,2024-09,2.6519155377396264,Ковернинский муниципальный округ,Нижегородская область
1557,Транспорт,2024-03,2.646117867133288,Ковернинский муниципальный округ,Нижегородская область
1558,Транспорт,2024-08,2.429710737160718,Краснобаковский муниципальный округ,Нижегородская область
1559,Маркетплейсы,2024-02,2.0765580059274047,Краснооктябрьский муниципальный округ,Нижегородская область
1561,Все категории,2024-01,2.488076910217286,Лукояновский муниципальный округ,Нижегородская область
1565,Продовольствие,2023-09,2.304195861009932,Починковский муниципальный округ,Нижегородская область
1565,Маркетплейсы,2024-09,2.265541575869712,Починковский муниципальный округ,Нижегородская область
1568,Продовольствие,2024-11,2.1394650923321064,Сосновский муниципальный округ,Нижегородская область
1568,Здоровье,2024-11,2.9036678764937043,Сосновский муниципальный округ,Нижегородская область
1568,Общественное питание,2024-12,8.001213937010604,Сосновский муниципальный округ,Нижегородская область
1568,Маркетплейсы,2024-03,2.425322812273335,Сосновский муниципальный округ,Нижегородская область
1569,Маркетплейсы,2024-05,2.9105438571845457,Спасский муниципальный округ,Нижегородская область
1570,Продовольствие,2024-10,2.323737341086857,Тонкинский муниципальный округ,Нижегородская область
1571,Продовольствие,2023-09,3.7425045202367118,Тоншаевский муниципальный округ,Нижегородская область
1572,Продовольствие,2024-01,2.304796029966863,Уренский муниципальный округ,Нижегородская область
1575,Маркетплейсы,2024-01,2.1781830948928658,городской округ Великий Новгород,Новгородская область
1579,Все категории,2024-12,2.130358059745961,муниципальный округ Волотовский,Новгородская область
1579,Транспорт,2023-12,2.04497144478902,муниципальный округ Волотовский,Новгородская область
1580,Общественное питание,2024-09,2.068060126616822,муниципальный округ Демянский,Новгородская область
1581,Все категории,2023-05,2.1805666106911223,муниципальный округ Крестецкий,Новгородская область
1581,Транспорт,2023-10,2.1557840205535435,муниципальный округ Крестецкий,Новгородская область
1583,Маркетплейсы,2024-06,2.7888693953480552,Маловишерский муниципальный район,Новгородская область
1585,Все категории,2024-02,2.0689697166696392,муниципальный округ Мошенской,Новгородская область
1585,Продовольствие,2024-04,2.57203015258466,муниципальный округ Мошенской,Новгородская область
1585,Общественное питание,2024-07,2.095948250792663,муниципальный округ Мошенской,Новгородская область
1589,Транспорт,2024-09,2.1449626973002753,муниципальный округ Пестовский,Новгородская область
1594,Все категории,2023-05,2.1378714438584274,Холмский муниципальный район,Новгородская область
1594,Общественное питание,2023-09,3.9478134704198595,Холмский муниципальный район,Новгородская область
1595,Транспорт,2023-11,2.2656425418673756,Чудовский муниципальный район,Новгородская область
1596,Здоровье,2023-05,2.0749460316089965,Шимский муниципальный район,Новгородская область
1596,Транспорт,2023-12,2.4081573557944846,Шимский муниципальный район,Новгородская область
1599,Общественное питание,2023-12,2.425938248323049,городской округ город Искитим,Новосибирская область
1600,Здоровье,2024-01,2.441828122317432,городской округ город Обь,Новосибирская область
1600,Транспорт,2023-09,2.415685429809021,городской округ город Обь,Новосибирская область
1602,Продовольствие,2024-12,2.2929023475387065,Баганский муниципальный район,Новосибирская область
1602,Общественное питание,2023-06,4.100644947154646,Баганский муниципальный район,Новосибирская область
1607,Здоровье,2023-08,2.4898191471680633,Здвинский муниципальный район,Новосибирская область
1608,Общественное питание,2023-12,2.366569896583082,Искитимский муниципальный район,Новосибирская область
1610,Транспорт,2023-10,2.60585651140806,Каргатский муниципальный район,Новосибирская область
1610,Маркетплейсы,2024-10,2.0831768637851362,Каргатский муниципальный район,Новосибирская область
1616,Транспорт,2024-09,2.168116294448692,Купинский муниципальный район,Новосибирская область
1616,Маркетплейсы,2024-10,2.1863551581983356,Купинский муниципальный район,Новосибирская область
1617,Продовольствие,2024-12,2.1926509359711606,Кыштовский муниципальный район,Новосибирская область
1617,Транспорт,2024-07,2.025250899145546,Кыштовский муниципальный район,Новосибирская область
1618,Общественное питание,2024-06,2.3794096183588906,Маслянинский муниципальный район,Новосибирская область
1618,Общественное питание,2024-07,2.24912267619774,Маслянинский муниципальный район,Новосибирская область
1619,Общественное питание,2024-04,3.287659387522148,Мошковский муниципальный район,Новосибирская область
1623,Общественное питание,2024-04,2.2263037822199006,Сузунский муниципальный район,Новосибирская область
1625,Все категории,2024-01,2.151786162763299,Тогучинский муниципальный район,Новосибирская область
1625,Общественное питание,2024-09,2.89796870520667,Тогучинский муниципальный район,Новосибирская область
1626,Продовольствие,2023-09,2.27741464761761,Убинский муниципальный район,Новосибирская область
1629,Продовольствие,2024-09,2.2552531263879296,Черепановский муниципальный район,Новосибирская область
1629,Транспорт,2023-05,2.031136856442219,Черепановский муниципальный район,Новосибирская область
1630,Здоровье,2023-12,2.3043319907908164,Чистоозерный муниципальный район,Новосибирская область
1630,Общественное питание,2024-02,2.8376386323078875,Чистоозерный муниципальный район,Новосибирская область
1630,Транспорт,2024-10,2.1933506614908738,Чистоозерный муниципальный район,Новосибирская область
1630,Маркетплейсы,2023-11,2.6267371235431747,Чистоозерный муниципальный район,Новосибирская область
1632,Здоровье,2023-12,2.2340949389757836,городской округ город Омск,Омская область
1633,Маркетплейсы,2024-02,2.819807697898026,Азовский немецкий национальный муниципальный район,Омская область
1637,Все категории,2023-12,2.485235889838481,Знаменский муниципальный район,Омская область
1637,Продовольствие,2023-12,2.1216102942208686,Знаменский муниципальный район,Омская область
1638,Общественное питание,2023-05,10.220619152304707,Исилькульский муниципальный район,Омская область
1638,Общественное питание,2023-10,3.7575868654236664,Исилькульский муниципальный район,Омская область
1640,Продовольствие,2024-01,2.12619456737477,Колосовский муниципальный район,Омская область
1641,Общественное питание,2024-12,3.76184763157652,Кормиловский муниципальный район,Омская область
1642,Здоровье,2023-10,2.117466000107031,Крутинский муниципальный район,Омская область
1643,Общественное питание,2024-01,2.242582974843831,Любинский муниципальный район,Омская область
1646,Транспорт,2023-07,2.0614403176894265,Муромцевский муниципальный район,Омская область
1647,Общественное питание,2023-06,3.0537440593233263,Называевский муниципальный район,Омская область
1649,Продовольствие,2023-12,2.1641628523489427,Нововаршавский муниципальный район,Омская область
1654,Продовольствие,2023-05,2.1576269717476837,Полтавский муниципальный район,Омская область
1654,Общественное питание,2023-12,3.6163505469846258,Полтавский муниципальный район,Омская область
1657,Все категории,2023-07,2.3539733389721147,Седельниковский муниципальный район,Омская область
1658,Продовольствие,2023-05,2.4401091890268822,Таврический муниципальный район,Омская область
1658,Общественное питание,2024-06,2.6385784964328565,Таврический муниципальный район,Омская область
1659,Здоровье,2024-01,2.7708368039902664,Тарский муниципальный район,Омская область
1660,Транспорт,2024-09,2.700409585232979,Тевризский муниципальный район,Омская область
1662,Общественное питание,2023-06,4.984172809120614,Усть-Ишимский муниципальный район,Омская область
1663,Общественное питание,2023-11,2.4986303597805226,Черлакский муниципальный район,Омская область
1664,Транспорт,2024-03,2.189858200685082,Шербакульский муниципальный район,Омская область
1666,Здоровье,2024-03,2.3077196080856677,городской округ Абдулинский,Оренбургская область
1671,Здоровье,2024-11,2.0406566790209846,городской округ город Медногорск,Оренбургская область
1671,Транспорт,2023-06,7.000349775459233,городской округ город Медногорск,Оренбургская область
1673,Все категории,2023-06,2.456410026573343,городской округ город Орск,Оренбургская область
1673,Продовольствие,2024-04,3.057435308858633,городской округ город Орск,Оренбургская область
1673,Здоровье,2024-04,2.0524848842071592,городской округ город Орск,Оренбургская область
1673,Общественное питание,2024-05,2.1369860060470263,городской округ город Орск,Оренбургская область
1681,Маркетплейсы,2024-04,2.069492693230106,Асекеевский муниципальный район,Оренбургская область
1682,Здоровье,2024-04,2.1191778444147156,Беляевский муниципальный район,Оренбургская область
1682,Общественное питание,2024-11,2.16155737739317,Беляевский муниципальный район,Оренбургская область
1682,Маркетплейсы,2024-08,2.0896922951148817,Беляевский муниципальный район,Оренбургская область
1683,Маркетплейсы,2023-12,2.0650857099827475,Бугурусланский муниципальный район,Оренбургская область
1686,Продовольствие,2024-05,2.77408537649547,Домбаровский муниципальный район,Оренбургская область
1686,Здоровье,2024-03,2.253730456739836,Домбаровский муниципальный район,Оренбургская область
1686,Общественное питание,2024-06,2.1402775952612605,Домбаровский муниципальный район,Оренбургская область
1687,Продовольствие,2023-05,2.215587808742912,Илекский муниципальный район,Оренбургская область
1688,Продовольствие,2023-05,2.286298838345191,Кваркенский муниципальный район,Оренбургская область
1688,Маркетплейсы,2024-10,2.0440747733634517,Кваркенский муниципальный район,Оренбургская область
1690,Транспорт,2024-10,2.0317877295312368,Курманаевский муниципальный район,Оренбургская область
1692,Все категории,2024-01,2.036497829788948,Новоорский муниципальный район,Оренбургская область
1692,Все категории,2024-12,2.2689909410066345,Новоорский муниципальный район,Оренбургская область
1692,Продовольствие,2024-01,2.069028354188427,Новоорский муниципальный район,Оренбургская область
1693,Общественное питание,2023-05,2.5326759971564177,Новосергиевский муниципальный район,Оренбургская область
1697,Здоровье,2023-09,2.1166628294307266,Переволоцкий муниципальный район,Оренбургская область
1698,Маркетплейсы,2023-11,2.1169717950424287,Пономарёвский муниципальный район,Оренбургская область
1699,Общественное питание,2023-12,2.696311809137046,Сакмарский муниципальный район,Оренбургская область
1700,Маркетплейсы,2024-04,2.1982198857620445,Саракташский муниципальный район,Оренбургская область
1702,Транспорт,2023-07,2.1026233915537755,Северный муниципальный район,Оренбургская область
1704,Маркетплейсы,2024-05,2.942736252934773,Тоцкий муниципальный район,Оренбургская область
1705,Все категории,2024-07,2.6903263810836586,Тюльганский муниципальный район,Оренбургская область
1705,Здоровье,2023-08,2.6185824312406503,Тюльганский муниципальный район,Оренбургская область
1710,Здоровье,2024-07,3.061315167105932,Болховский муниципальный район,Орловская область
1711,Транспорт,2024-10,2.215320086861279,Верховский муниципальный район,Орловская область
1712,Все категории,2024-03,2.233825447575044,Глазуновский муниципальный район,Орловская область
1712,Общественное питание,2023-09,2.080436028784293,Глазуновский муниципальный район,Орловская область
1715,Общественное питание,2024-04,2.8792136667735093,Залегощенский муниципальный район,Орловская область
1715,Транспорт,2024-04,2.557944235571468,Залегощенский муниципальный район,Орловская область
1717,Транспорт,2023-09,2.444434552424598,Колпнянский муниципальный район,Орловская область
1717,Маркетплейсы,2024-04,2.9985622609512914,Колпнянский муниципальный район,Орловская область
1718,Маркетплейсы,2023-06,2.786331982683724,Краснозоренский муниципальный район,Орловская область
1722,Транспорт,2024-03,2.484403410194264,Малоархангельский муниципальный район,Орловская область
1724,Все категории,2024-03,2.1409659428932373,Новодеревеньковский муниципальный район,Орловская область
1724,Общественное питание,2024-11,2.154241300805442,Новодеревеньковский муниципальный район,Орловская область
1724,Маркетплейсы,2023-05,2.543132851846542,Новодеревеньковский муниципальный район,Орловская область
1725,Общественное питание,2024-04,2.6829562452338798,Новосильский муниципальный район,Орловская область
1728,Транспорт,2023-12,2.739087607315206,Свердловский муниципальный район,Орловская область
1731,Все категории,2024-08,2.1831292442775023,Урицкий муниципальный район,Орловская область
1731,Общественное питание,2024-08,3.192469667835984,Урицкий муниципальный район,Орловская область
1731,Транспорт,2023-10,2.0240311129668216,Урицкий муниципальный район,Орловская область
1731,Маркетплейсы,2023-09,2.655117446927402,Урицкий муниципальный район,Орловская область
1732,Все категории,2024-03,2.0319225105276497,Хотынецкий муниципальный район,Орловская область
1732,Продовольствие,2024-07,2.3998059328467054,Хотынецкий муниципальный район,Орловская область
1732,Транспорт,2024-09,2.0210111803468784,Хотынецкий муниципальный район,Орловская область
1739,Продовольствие,2024-10,2.1185896178797368,Белинский муниципальный район,Пензенская область
1741,Транспорт,2023-11,3.0836894034453235,Вадинский муниципальный район,Пензенская область
1742,Общественное питание,2024-06,2.355075016447154,Городищенский муниципальный район,Пензенская область
1742,Маркетплейсы,2023-10,2.059469249383398,Городищенский муниципальный район,Пензенская область
1743,Здоровье,2023-12,2.19365993420193,Земетчинский муниципальный район,Пензенская область
1744,Здоровье,2023-12,2.0241361100148936,Иссинский муниципальный район,Пензенская область
1744,Маркетплейсы,2024-09,2.446249006733824,Иссинский муниципальный район,Пензенская область
1746,Транспорт,2024-07,2.6434316854488737,Камешкирский муниципальный район,Пензенская область
1746,Транспорт,2024-09,2.059707102897009,Камешкирский муниципальный район,Пензенская область
1746,Маркетплейсы,2024-02,2.1255849479026008,Камешкирский муниципальный район,Пензенская область
1747,Общественное питание,2024-12,2.0230840875689955,Колышлейский муниципальный район,Пензенская область
1749,Все категории,2023-11,2.754132467236102,Лопатинский муниципальный район,Пензенская область
1750,Общественное питание,2023-10,2.0461626168532026,Лунинский муниципальный район,Пензенская область
1750,Маркетплейсы,2024-04,2.5784975473178773,Лунинский муниципальный район,Пензенская область
1752,Общественное питание,2023-11,2.4785431103030886,Мокшанский муниципальный район,Пензенская область
1756,Все категории,2023-06,2.6912785682041074,Никольский муниципальный район,Пензенская область
1760,Все категории,2024-09,2.093150578167595,Сосновоборский муниципальный район,Пензенская область
1766,Общественное питание,2023-08,2.1505605791106697,Бежаницкий муниципальный район,Псковская область
1766,Маркетплейсы,2023-12,2.2188274938124675,Бежаницкий муниципальный район,Псковская область
1768,Транспорт,2023-07,2.2087283220915053,Гдовский муниципальный район,Псковская область
1770,Продовольствие,2024-01,2.0400244137804364,Дновский муниципальный район,Псковская область
1770,Общественное питание,2023-05,2.8826415132792227,Дновский муниципальный район,Псковская область
1771,Общественное питание,2023-06,2.2389931648991306,муниципальный округ Красногородский,Псковская область
1773,Продовольствие,2024-10,2.1766993369248158,муниципальный округ Локнянский,Псковская область
1774,Все категории,2024-05,2.344291069587829,муниципальный округ Невельский,Псковская область
1774,Все категории,2024-06,2.2926844821920116,муниципальный округ Невельский,Псковская область
1774,Продовольствие,2024-04,2.036288770175245,муниципальный округ Невельский,Псковская область
1774,Продовольствие,2024-05,3.2786653642300534,муниципальный округ Невельский,Псковская область
1774,Здоровье,2023-12,2.208850546179207,муниципальный округ Невельский,Псковская область
1774,Общественное питание,2023-06,2.29801798552334,муниципальный округ Невельский,Псковская область
1774,Маркетплейсы,2024-06,2.141997002645776,муниципальный округ Невельский,Псковская область
1785,Общественное питание,2023-06,2.8996910433325827,Пушкиногорский муниципальный район,Псковская область
1785,Общественное питание,2024-12,2.2509221450925336,Пушкиногорский муниципальный район,Псковская область
1787,Общественное питание,2023-06,2.5098375486747533,Себежский муниципальный район,Псковская область
1788,Все категории,2024-01,2.0544064459289393,муниципальный округ Струго-Красненский,Псковская область
1849,Маркетплейсы,2023-12,3.0013225104216836,Ермишинский муниципальный район,Рязанская область
1850,Транспорт,2023-05,3.923625264538894,Захаровский муниципальный район,Рязанская область
1851,Транспорт,2024-08,2.420730677331831,Кадомский муниципальный район,Рязанская область
1852,Здоровье,2024-10,2.650239684146297,Касимовский муниципальный район,Рязанская область
1854,Здоровье,2023-10,2.1729235215428444,Кораблинский муниципальный район,Рязанская область
1856,Все категории,2024-08,2.087376803916409,Михайловский муниципальный район,Рязанская область
1856,Общественное питание,2023-10,2.2821404249343313,Михайловский муниципальный район,Рязанская область
1856,Транспорт,2023-05,2.722256626672467,Михайловский муниципальный район,Рязанская область
1857,Все категории,2024-06,2.879548706172633,Александро-Невский муниципальный район,Рязанская область
1857,Продовольствие,2024-06,2.0815654713886187,Александро-Невский муниципальный район,Рязанская область
1857,Транспорт,2023-08,2.0924906971388553,Александро-Невский муниципальный район,Рязанская область
1858,Общественное питание,2024-01,2.0495630552425563,Пителинский муниципальный район,Рязанская область
1863,Здоровье,2024-05,2.121249529444786,Рязанский муниципальный район,Рязанская область
1865,Маркетплейсы,2023-12,3.339329781238041,Сараевский муниципальный район,Рязанская область
1868,Все категории,2024-10,2.298756378192196,Спасский муниципальный район,Рязанская область
1870,Маркетплейсы,2024-01,3.2751170091681723,Ухоловский муниципальный район,Рязанская область
1873,Все категории,2024-11,2.514404806758179,Шиловский муниципальный район,Рязанская область
1873,Здоровье,2024-11,2.461579552258523,Шиловский муниципальный район,Рязанская область
1874,Общественное питание,2024-06,2.5592137243657325,городской округ Самара,Самарская область
1877,Здоровье,2024-04,3.1935248070489872,городской округ Новокуйбышевск,Самарская область
1879,Все категории,2023-08,2.217895026009133,городской округ Отрадный,Самарская область
1879,Продовольствие,2024-02,2.4224054863840885,городской округ Отрадный,Самарская область
1883,Здоровье,2024-04,2.1926397459585676,городской округ Чапаевск,Самарская область
1883,Общественное питание,2024-01,2.192448758156456,городской округ Чапаевск,Самарская область
1886,Общественное питание,2024-06,3.6732018689057306,Богатовский муниципальный район,Самарская область
1887,Продовольствие,2024-08,2.525299314624393,Большеглушицкий муниципальный район,Самарская область
1887,Общественное питание,2024-02,2.5702828912752227,Большеглушицкий муниципальный район,Самарская область
1887,Маркетплейсы,2024-04,2.0718921416824716,Большеглушицкий муниципальный район,Самарская область
1889,Продовольствие,2024-06,2.713686354114098,Борский муниципальный район,Самарская область
1889,Продовольствие,2024-08,2.0569307618779065,Борский муниципальный район,Самарская область
1889,Здоровье,2024-06,2.635015230550258,Борский муниципальный район,Самарская область
1891,Продовольствие,2023-09,2.234703755412829,Елховский муниципальный район,Самарская область
1891,Здоровье,2023-05,3.7891836627165962,Елховский муниципальный район,Самарская область
1891,Здоровье,2023-07,2.2104353245963764,Елховский муниципальный район,Самарская область
1892,Здоровье,2024-07,2.097547083526616,Исаклинский муниципальный район,Самарская область
1895,Все категории,2024-05,3.3141026208707305,Кинель-Черкасский муниципальный район,Самарская область
1895,Общественное питание,2024-05,2.3184724994715706,Кинель-Черкасский муниципальный район,Самарская область
1898,Продовольствие,2024-12,2.8234023797121335,Красноармейский муниципальный район,Самарская область
1898,Здоровье,2024-03,2.9399845784265892,Красноармейский муниципальный район,Самарская область
1898,Общественное питание,2024-11,2.034060339394021,Красноармейский муниципальный район,Самарская область
1899,Здоровье,2023-11,2.02359838352178,Красноярский муниципальный район,Самарская область
1899,Маркетплейсы,2023-08,2.233986840082468,Красноярский муниципальный район,Самарская область
1900,Продовольствие,2024-01,2.123653297510846,Нефтегорский муниципальный район,Самарская область
1900,Транспорт,2024-04,2.227019801879376,Нефтегорский муниципальный район,Самарская область
1904,Транспорт,2024-06,2.25515007547499,Сергиевский муниципальный район,Самарская область
1907,Транспорт,2023-05,2.2510668014229815,Хворостянский муниципальный район,Самарская область
1909,Маркетплейсы,2024-08,2.1630456397135696,Шенталинский муниципальный район,Самарская область
1912,Маркетплейсы,2023-05,2.9043660083024925,городской округ город Шиханы,Саратовская область
1917,Общественное питание,2023-10,3.0432373878928587,Аткарский муниципальный район,Саратовская область
1921,Все категории,2023-10,2.2486397029346277,Балтайский муниципальный район,Саратовская область
1924,Здоровье,2024-05,2.068619292878064,Дергачевский муниципальный район,Саратовская область
1924,Общественное питание,2023-06,2.816573361381303,Дергачевский муниципальный район,Саратовская область
1929,Транспорт,2023-11,3.3018378078769333,Калининский муниципальный район,Саратовская область
1930,Общественное питание,2024-06,2.6773404803206686,Красноармейский муниципальный район,Саратовская область
1931,Транспорт,2024-05,2.1424083949746002,Краснокутский муниципальный район,Саратовская область
1932,Общественное питание,2024-11,2.3543060913451686,Краснопартизанский муниципальный район,Саратовская область
1932,Транспорт,2024-04,2.1617882738919736,Краснопартизанский муниципальный район,Саратовская область
1934,Продовольствие,2024-11,2.072115624444912,Марксовский муниципальный район,Саратовская область
1939,Транспорт,2024-08,2.238972063762607,Петровский муниципальный район,Саратовская область
1941,Все категории,2024-06,2.277821528971079,Пугачевский муниципальный район,Саратовская область
1941,Общественное питание,2024-07,2.0437541347004067,Пугачевский муниципальный район,Саратовская область
1943,Маркетплейсы,2023-06,2.45981550458805,Романовский муниципальный район,Саратовская область
1945,Общественное питание,2024-11,2.2200617155443494,Самойловский муниципальный район,Саратовская область
1951,Транспорт,2024-10,2.14439073458199,Хвалынский муниципальный район,Саратовская область
1955,Все категории,2024-05,2.738975233927282,городской округ Анивский,Сахалинская область
1955,Продовольствие,2024-05,3.8446297103127582,городской округ Анивский,Сахалинская область
1955,Общественное питание,2024-01,2.964802365102449,городской округ Анивский,Сахалинская область
1955,Общественное питание,2024-02,2.2086963072135055,городской округ Анивский,Сахалинская область
1955,Транспорт,2024-05,3.0408433035550173,городской округ Анивский,Сахалинская область
1956,Все категории,2024-01,2.179770762811489,городской округ Долинский,Сахалинская область
1956,Здоровье,2023-09,2.335455635225923,городской округ Долинский,Сахалинская область
1956,Здоровье,2024-01,2.169153380407316,городской округ Долинский,Сахалинская область
1956,Общественное питание,2024-01,2.331106336456566,городской округ Долинский,Сахалинская область
1957,Все категории,2023-09,2.1068797940185373,городской округ Корсаковский,Сахалинская область
1957,Здоровье,2023-09,2.6083410729551613,городской округ Корсаковский,Сахалинская область
1959,Общественное питание,2024-01,4.252241614772108,городской округ Макаровский,Сахалинская область
1959,Транспорт,2024-05,2.0285050053750195,городской округ Макаровский,Сахалинская область
1959,Маркетплейсы,2024-02,2.334422230450691,городской округ Макаровский,Сахалинская область
1960,Здоровье,2023-09,2.543538904195671,городской округ Невельский,Сахалинская область
1962,Маркетплейсы,2023-06,2.772826827110915,городской округ Охинский,Сахалинская область
1963,Продовольствие,2024-01,2.0296578465212805,городской округ Поронайский,Сахалинская область
1968,Продовольствие,2024-08,2.249888071422037,городской округ Углегорский,Сахалинская область
1971,Здоровье,2023-12,2.672675933716184,городской округ город Екатеринбург,Свердловская область
1974,Здоровье,2024-01,2.1182370635456302,городской округ Асбестовский,Свердловская область
1975,Все категории,2024-10,2.0208969355176354,городской округ Малышевский,Свердловская область
1975,Транспорт,2024-09,2.45041536104331,городской округ Малышевский,Свердловская область
1975,Маркетплейсы,2023-05,3.2766312481121593,городской округ Малышевский,Свердловская область
1975,Маркетплейсы,2023-12,2.0539765031259183,городской округ Малышевский,Свердловская область
1979,Здоровье,2024-01,2.296165976878052,городской округ Верхняя Пышма,Свердловская область
1983,Маркетплейсы,2023-09,3.206617289149228,городской округ Ивдельский,Свердловская область
1984,Общественное питание,2024-09,2.108739188867227,городской округ Пелым,Свердловская область
1985,Здоровье,2024-01,2.675430724302248,городской округ город Ирбит,Свердловская область
1986,Здоровье,2023-12,2.453769927959669,городской округ город Каменск-Уральский,Свердловская область
1986,Здоровье,2024-01,2.0884645789204535,городской округ город Каменск-Уральский,Свердловская область
1986,Общественное питание,2024-06,2.2163234249021704,городской округ город Каменск-Уральский,Свердловская область
1987,Маркетплейсы,2024-06,2.025710028748892,городской округ Камышловский,Свердловская область
1990,Транспорт,2024-11,2.4946024284930033,городской округ Качканарский,Свердловская область
1992,Общественное питание,2024-11,2.4475566400716273,городской округ Верхний Тагил,Свердловская область
1993,Здоровье,2024-01,3.0897403999579156,городской округ Краснотурьинск,Свердловская область
1994,Здоровье,2023-08,3.3470055057063095,городской округ Красноуральск,Свердловская область
1995,Здоровье,2024-01,2.521492301194371,городской округ Красноуфимск,Свердловская область
1999,Общественное питание,2024-01,2.0249379118574353,городской округ Невьянский,Свердловская область
2004,Здоровье,2023-12,2.101825013872825,городской округ Первоуральск,Свердловская область
2005,Все категории,2024-01,2.1118937425231787,городской округ Полевской,Свердловская область
2005,Здоровье,2023-12,2.9091800655026065,городской округ Полевской,Свердловская область
2005,Здоровье,2024-01,2.0497102078022005,городской округ Полевской,Свердловская область
2007,Продовольствие,2023-06,2.7359011475208623,городской округ Дегтярск,Свердловская область
2009,Все категории,2024-08,2.029673597763656,городской округ Североуральский,Свердловская область
2011,Здоровье,2024-01,2.232019164932868,городской округ Сухой Лог,Свердловская область
2015,Все категории,2023-06,2.489262231427937,городской округ Алапаевское,Свердловская область
2017,Транспорт,2023-08,2.3679782258073407,городской округ Артинский,Свердловская область
2018,Все категории,2024-11,2.0825685423711815,городской округ Ачитский,Свердловская область
2018,Маркетплейсы,2023-09,3.2673986970939346,городской округ Ачитский,Свердловская область
2022,Все категории,2023-05,3.5896050600768716,городской округ Гаринский,Свердловская область
2022,Здоровье,2024-06,2.0220358279274184,городской округ Гаринский,Свердловская область
2023,Продовольствие,2024-12,2.9163436178944515,городской округ Ирбитское,Свердловская область
2025,Продовольствие,2024-12,2.4729820930756574,городской округ Красноуфимский округ,Свердловская область
2025,Маркетплейсы,2023-10,2.0254551906499065,городской округ Красноуфимский округ,Свердловская область
2027,Здоровье,2023-10,2.1471310176155147,городской округ Бисертский,Свердловская область
2027,Общественное питание,2024-07,2.627028970612684,городской округ Бисертский,Свердловская область
2027,Маркетплейсы,2024-06,2.099462314198732,городской округ Бисертский,Свердловская область
2028,Маркетплейсы,2023-05,2.163351543843005,городской округ Новолялинский,Свердловская область
2032,Маркетплейсы,2024-05,2.2138097953887694,городской округ Сысертский,Свердловская область
2033,Маркетплейсы,2024-05,2.1822199923369117,городской округ Арамильский,Свердловская область
2034,Общественное питание,2023-09,2.5922191768122027,городской округ Талицкий,Свердловская область
2037,Маркетплейсы,2024-02,2.316104079600127,городской округ Шалинский,Свердловская область
2039,Здоровье,2024-10,2.526595239663259,Байкаловский муниципальный район,Свердловская область
2039,Маркетплейсы,2023-11,2.1125571419080087,Байкаловский муниципальный район,Свердловская область
2040,Маркетплейсы,2024-07,2.6115737898536375,Камышловский муниципальный район,Свердловская область
2046,Все категории,2024-01,4.137938520478333,Велижский муниципальный район,Смоленская область
2046,Транспорт,2024-01,2.390470512275006,Велижский муниципальный район,Смоленская область
2046,Маркетплейсы,2024-04,2.3980066534734394,Велижский муниципальный район,Смоленская область
2048,Здоровье,2024-06,2.113604568444289,Гагаринский муниципальный район,Смоленская область
2050,Продовольствие,2023-05,2.02417613590095,Демидовский муниципальный район,Смоленская область
2050,Общественное питание,2023-05,2.178943234333367,Демидовский муниципальный район,Смоленская область
2053,Транспорт,2023-07,2.200512972545496,Ельнинский муниципальный район,Смоленская область
2057,Все категории,2024-06,2.1382608470336035,Монастырщинский муниципальный район,Смоленская область
2057,Общественное питание,2023-05,2.1064232669114813,Монастырщинский муниципальный район,Смоленская область
2057,Общественное питание,2023-07,3.420359043280786,Монастырщинский муниципальный район,Смоленская область
2058,Продовольствие,2023-12,2.517808095906648,Новодугинский муниципальный район,Смоленская область
2059,Здоровье,2024-06,2.0240318873162813,Починковский муниципальный район,Смоленская область
2059,Общественное питание,2024-01,2.3907074769575827,Починковский муниципальный район,Смоленская область
2061,Все категории,2023-09,2.3784211365865287,Руднянский муниципальный район,Смоленская область
2061,Продовольствие,2023-08,2.3603003882717726,Руднянский муниципальный район,Смоленская область
2061,Общественное питание,2023-06,2.3310504944284665,Руднянский муниципальный район,Смоленская область
2064,Общественное питание,2023-06,2.073613893783992,Сычевский муниципальный район,Смоленская область
2067,Общественное питание,2024-01,2.767857423266481,Хиславичский муниципальный район,Смоленская область
2068,Транспорт,2024-06,2.0316133840764565,Холм-Жирковский муниципальный район,Смоленская область
2077,Продовольствие,2024-07,2.1267856916446632,городской округ город Уварово,Тамбовская область
2078,Продовольствие,2023-09,2.062635497955617,Бондарский муниципальный округ,Тамбовская область
2078,Маркетплейсы,2024-04,2.511527178963565,Бондарский муниципальный округ,Тамбовская область
2079,Все категории,2023-10,2.0959630229858797,Гавриловский муниципальный округ,Тамбовская область
2079,Все категории,2024-10,2.8775059821065705,Гавриловский муниципальный округ,Тамбовская область
2079,Общественное питание,2024-01,2.493998765431801,Гавриловский муниципальный округ,Тамбовская область
2081,Общественное питание,2023-12,2.1652463527166224,Знаменский муниципальный округ,Тамбовская область
2082,Здоровье,2024-12,2.5933467332578255,Инжавинский муниципальный округ,Тамбовская область
2087,Продовольствие,2024-07,2.2766904113648754,Мучкапский муниципальный округ,Тамбовская область
2087,Здоровье,2024-04,2.776221755957015,Мучкапский муниципальный округ,Тамбовская область
2090,Продовольствие,2023-05,2.2829872846071675,Петровский муниципальный округ,Тамбовская область
2093,Здоровье,2023-12,2.143747567089444,Ржаксинский муниципальный округ,Тамбовская область
2095,Продовольствие,2023-12,2.553660271173819,Сосновский муниципальный округ,Тамбовская область
2095,Маркетплейсы,2023-12,2.155737467625529,Сосновский муниципальный округ,Тамбовская область
2100,Здоровье,2024-12,2.084920003706379,Умётский муниципальный округ,Тамбовская область
2112,Здоровье,2023-10,3.2494127915224804,муниципальный округ Бельский,Тверская область
2116,Все категории,2024-07,2.252999275569986,муниципальный округ Жарковский,Тверская область
2118,Общественное питание,2024-08,2.0939845990233006,муниципальный округ Зубцовский,Тверская область
2118,Транспорт,2024-11,2.0855027791195857,муниципальный округ Зубцовский,Тверская область
2120,Здоровье,2024-11,2.4962159811289033,муниципальный округ Калязинский,Тверская область
2122,Общественное питание,2024-06,2.477231880119308,муниципальный округ Кесовогорский,Тверская область
2122,Транспорт,2024-12,2.2662039636136697,муниципальный округ Кесовогорский,Тверская область
2122,Маркетплейсы,2023-11,2.1951293387829676,муниципальный округ Кесовогорский,Тверская область
2125,Маркетплейсы,2024-09,2.3900275825495747,муниципальный округ Краснохолмский,Тверская область
2129,Все категории,2023-11,2.4573683017017904,муниципальный округ Максатихинский,Тверская область
2129,Транспорт,2023-06,2.6650347467491127,муниципальный округ Максатихинский,Тверская область
2131,Здоровье,2024-07,2.4414821177751733,городской округ Нелидовский,Тверская область
2134,Продовольствие,2024-11,2.114490533117793,муниципальный округ Рамешковский,Тверская область
2134,Общественное питание,2024-12,2.7065418573218007,муниципальный округ Рамешковский,Тверская область
2134,Маркетплейсы,2023-07,2.2125901985428045,муниципальный округ Рамешковский,Тверская область
2137,Транспорт,2023-07,2.358487565626875,муниципальный округ Селижаровский,Тверская область
2137,Маркетплейсы,2023-11,2.565882369990245,муниципальный округ Селижаровский,Тверская область
2138,Общественное питание,2024-11,2.0613833350409556,муниципальный округ Сонковский,Тверская область
2139,Здоровье,2023-06,2.444222156603031,муниципальный округ Спировский,Тверская область
2142,Транспорт,2024-09,3.551001238700854,муниципальный округ Торопецкий,Тверская область
2142,Маркетплейсы,2024-09,4.217551249925675,муниципальный округ Торопецкий,Тверская область
2143,Продовольствие,2023-09,2.2443536253654655,муниципальный округ Фировский,Тверская область
2145,Все категории,2024-12,2.2972340083890543,городской округ город Кедровый,Томская область
2145,Транспорт,2023-08,2.9042003658003908,городской округ город Кедровый,Томская область
2148,Маркетплейсы,2024-05,2.170853355048983,Александровский муниципальный район,Томская область
2151,Общественное питание,2024-09,6.978130399861224,Верхнекетский муниципальный район,Томская область
2153,Общественное питание,2024-06,3.457295503539947,Каргасокский муниципальный район,Томская область
2156,Продовольствие,2024-01,2.263654956974155,Кривошеинский муниципальный район,Томская область
2156,Здоровье,2023-06,2.3973480556499296,Кривошеинский муниципальный район,Томская область
2158,Здоровье,2023-10,2.2350351463012648,Парабельский муниципальный район,Томская область
2160,Все категории,2024-09,2.117813904956568,Тегульдетский муниципальный район,Томская область
2160,Все категории,2024-12,2.549493622691372,Тегульдетский муниципальный район,Томская область
2171,Все категории,2024-03,2.2667117860130914,Арсеньевский муниципальный район,Тульская область
2171,Маркетплейсы,2024-01,2.2494587551075105,Арсеньевский муниципальный район,Тульская область
2172,Маркетплейсы,2023-08,2.022154833323817,Белевский муниципальный район,Тульская область
2177,Здоровье,2024-06,2.0492309794773895,Заокский муниципальный район,Тульская область
2177,Маркетплейсы,2023-09,2.0789310636487537,Заокский муниципальный район,Тульская область
2179,Здоровье,2023-08,5.293642007855224,Кимовский муниципальный район,Тульская область
2181,Маркетплейсы,2023-05,3.8296141397601,Куркинский муниципальный район,Тульская область
2183,Продовольствие,2023-07,2.5555982733731137,Плавский муниципальный район,Тульская область
2184,Все категории,2024-06,2.0631226061682097,Суворовский муниципальный район,Тульская область
2185,Маркетплейсы,2024-02,2.0932207741451476,Тепло-Огаревский муниципальный район,Тульская область
2190,Здоровье,2023-12,2.7040019213619693,городской округ город Тюмень,Тюменская область
2192,Здоровье,2023-12,2.8473911978547632,городской округ город Ишим,Тюменская область
2195,Все категории,2023-09,3.162806452722255,Абатский муниципальный район,Тюменская область
2195,Здоровье,2023-12,2.555240557412948,Абатский муниципальный район,Тюменская область
2199,Продовольствие,2024-01,2.6449950645298546,Вагайский муниципальный район,Тюменская область
2200,Здоровье,2024-05,2.3643679227850734,Викуловский муниципальный район,Тюменская область
2200,Транспорт,2024-05,2.7428198709160494,Викуловский муниципальный район,Тюменская область
2202,Продовольствие,2024-05,2.742109951382964,Исетский муниципальный район,Тюменская область
2204,Транспорт,2023-06,2.047753017485981,Казанский муниципальный район,Тюменская область
2204,Маркетплейсы,2023-05,2.135038694434387,Казанский муниципальный район,Тюменская область
2204,Маркетплейсы,2024-02,2.062484087420189,Казанский муниципальный район,Тюменская область
2205,Маркетплейсы,2024-10,2.0488162109691,Нижнетавдинский муниципальный район,Тюменская область
2206,Продовольствие,2024-01,3.187975996847324,Омутинский муниципальный район,Тюменская область
2207,Общественное питание,2023-12,2.1435800536779435,Сладковский муниципальный район,Тюменская область
2211,Все категории,2023-09,2.079869883939296,Уватский муниципальный район,Тюменская область
2211,Транспорт,2024-04,2.6102661629117834,Уватский муниципальный район,Тюменская область
2212,Общественное питание,2024-12,2.2995399015677394,Упоровский муниципальный район,Тюменская область
2216,Общественное питание,2023-08,2.0825390814572633,городской округ город Ханты-Мансийск,Ханты-Мансийский автономный округ — Югра
2217,Здоровье,2023-12,2.097592401533942,городской округ город Когалым,Ханты-Мансийский автономный округ — Югра
2218,Здоровье,2023-06,4.378620812432714,городской округ город Лангепас,Ханты-Мансийский автономный округ — Югра
2220,Здоровье,2023-12,3.592866345946543,городской округ город Нефтеюганск,Ханты-Мансийский автономный округ — Югра
2222,Здоровье,2023-12,2.0615358344576187,городской округ город Нягань,Ханты-Мансийский автономный округ — Югра
2222,Общественное питание,2024-09,2.08780571254916,городской округ город Нягань,Ханты-Мансийский автономный округ — Югра
2222,Маркетплейсы,2023-11,2.3392293826059545,городской округ город Нягань,Ханты-Мансийский автономный округ — Югра
2223,Маркетплейсы,2024-11,2.4679969397480406,городской округ город Покачи,Ханты-Мансийский автономный округ — Югра
2224,Здоровье,2023-12,2.928472968871678,городской округ город Пыть-Ях,Ханты-Мансийский автономный округ — Югра
2224,Общественное питание,2024-12,2.6571577679541747,городской округ город Пыть-Ях,Ханты-Мансийский автономный округ — Югра
2224,Транспорт,2023-05,2.296974542693992,городской округ город Пыть-Ях,Ханты-Мансийский автономный округ — Югра
2228,Все категории,2024-11,2.0984708405985,городской округ город Югорск,Ханты-Мансийский автономный округ — Югра
2228,Здоровье,2023-12,2.612588475756989,городской округ город Югорск,Ханты-Мансийский автономный округ — Югра
2229,Маркетплейсы,2023-11,2.2183094306670377,Белоярский муниципальный район,Ханты-Мансийский автономный округ — Югра
2231,Общественное питание,2024-09,3.130306545763425,Кондинский муниципальный район,Ханты-Мансийский автономный округ — Югра
2231,Транспорт,2024-04,2.11068325961638,Кондинский муниципальный район,Ханты-Мансийский автономный округ — Югра
2233,Общественное питание,2023-05,2.374023601304241,Нижневартовский муниципальный район,Ханты-Мансийский автономный округ — Югра
2234,Здоровье,2023-06,2.195606903873644,Октябрьский муниципальный район,Ханты-Мансийский автономный округ — Югра
2235,Продовольствие,2024-11,2.060428600246192,Советский муниципальный район,Ханты-Мансийский автономный округ — Югра
2235,Здоровье,2023-12,2.6592071585477743,Советский муниципальный район,Ханты-Мансийский автономный округ — Югра
2238,Здоровье,2023-06,2.0218316300237116,городской округ город Салехард,Ямало-Ненецкий автономный округ
2241,Все категории,2023-09,2.2215097199785565,городской округ город Муравленко,Ямало-Ненецкий автономный округ
2241,Продовольствие,2024-10,2.42523705661854,городской округ город Муравленко,Ямало-Ненецкий автономный округ
2243,Продовольствие,2023-10,2.281455578978248,городской округ город Ноябрьск,Ямало-Ненецкий автономный округ
2244,Здоровье,2023-05,8.69547879591492,муниципальный округ Красноселькупский район,Ямало-Ненецкий автономный округ
2249,Продовольствие,2024-06,2.5944636527425864,муниципальный округ Шурышкарский район,Ямало-Ненецкий автономный округ
2254,Здоровье,2023-05,2.300707339685448,Базарносызганский муниципальный район,Ульяновская область
2254,Здоровье,2023-11,2.7334132640076367,Базарносызганский муниципальный район,Ульяновская область
2260,Здоровье,2023-10,2.496852913112121,Майнский муниципальный район,Ульяновская область
2260,Маркетплейсы,2024-02,2.1545421506804567,Майнский муниципальный район,Ульяновская область
2262,Продовольствие,2023-09,2.055071371357734,Николаевский муниципальный район,Ульяновская область
2262,Общественное питание,2023-05,2.3776801254208175,Николаевский муниципальный район,Ульяновская область
2262,Маркетплейсы,2023-09,2.17584367763613,Николаевский муниципальный район,Ульяновская область
2264,Здоровье,2023-09,2.2057137573196997,Новоспасский муниципальный район,Ульяновская область
2265,Здоровье,2024-04,3.426610927823118,Павловский муниципальный район,Ульяновская область
2267,Общественное питание,2024-02,2.034215890312123,Сенгилеевский муниципальный район,Ульяновская область
2268,Маркетплейсы,2024-01,2.4615146396680365,Старокулаткинский муниципальный район,Ульяновская область
2270,Продовольствие,2023-06,3.7976529544181803,Сурский муниципальный район,Ульяновская область
2270,Маркетплейсы,2024-03,2.1893486919701655,Сурский муниципальный район,Ульяновская область
2271,Все категории,2023-10,2.56115222811215,Тереньгульский муниципальный район,Ульяновская область
2272,Здоровье,2023-09,2.8048921384945387,Ульяновский муниципальный район,Ульяновская область
2274,Здоровье,2023-11,2.11883818635328,Чердаклинский муниципальный район,Ульяновская область
2275,Маркетплейсы,2023-08,2.0418011809634065,городской округ Челябинский,Челябинская область
2279,Здоровье,2023-09,2.603591865345896,городской округ Копейский,Челябинская область
2287,Общественное питание,2024-12,2.1416066663979847,городской округ Усть-Катавский,Челябинская область
2289,Транспорт,2024-07,2.0280682007878448,городской округ Южноуральский,Челябинская область
2293,Общественное питание,2024-01,2.5735563684474085,Ашинский муниципальный район,Челябинская область
2295,Общественное питание,2024-01,2.15426475626897,Варненский муниципальный район,Челябинская область
2295,Транспорт,2023-07,2.128678207037014,Варненский муниципальный район,Челябинская область
2296,Транспорт,2024-05,2.2387455326157597,Верхнеуральский муниципальный район,Челябинская область
2297,Все категории,2024-09,2.4937748387765186,Еманжелинский муниципальный район,Челябинская область
2300,Транспорт,2023-05,2.062470643148923,Каслинский муниципальный район,Челябинская область
2300,Транспорт,2024-05,2.115392379711936,Каслинский муниципальный район,Челябинская область
2305,Маркетплейсы,2024-05,2.061092752795473,Кунашакский муниципальный район,Челябинская область
2307,Продовольствие,2024-08,2.508151020237533,Нагайбакский муниципальный район,Челябинская область
2308,Общественное питание,2023-05,5.456932169872811,Нязепетровский муниципальный район,Челябинская область
2314,Здоровье,2024-08,2.5155459722800217,Увельский муниципальный район,Челябинская область
2315,Продовольствие,2023-06,2.668938476067583,Уйский муниципальный район,Челябинская область
2316,Все категории,2024-06,3.0198842942903035,Чебаркульский муниципальный район,Челябинская область
2316,Все категории,2024-09,2.0770977095974112,Чебаркульский муниципальный район,Челябинская область
2316,Продовольствие,2024-01,2.9802985014436754,Чебаркульский муниципальный район,Челябинская область
2317,Маркетплейсы,2023-06,2.1284823578698404,Чесменский муниципальный район,Челябинская область
2318,Общественное питание,2024-06,2.921450779567379,городской округ город Ярославль,Ярославская область
2321,Продовольствие,2023-12,3.355453286228437,Большесельский муниципальный район,Ярославская область
2323,Здоровье,2023-09,2.0877789456388354,Брейтовский муниципальный район,Ярославская область
2326,Общественное питание,2024-09,2.068957373813128,Любимский муниципальный район,Ярославская область
2333,Маркетплейсы,2024-02,2.1958842554686475,Ростовский муниципальный район,Ярославская область
2335,Транспорт,2023-06,2.9817700232831696,Тутаевский муниципальный район,Ярославская область
2336,Здоровье,2024-06,2.2601156643306646,Угличский муниципальный район,Ярославская область
2338,Все категории,2023-12,2.162455134845875,городской округ город Биробиджан,Еврейская автономная область
2342,Все категории,2024-12,2.104260817469305,Октябрьский муниципальный район,Еврейская автономная область
2342,Маркетплейсы,2023-10,3.0022437550869707,Октябрьский муниципальный район,Еврейская автономная область
2345,Продовольствие,2023-12,2.595923117369846,городской округ Эгвекинот,Чукотский автономный округ
2351,Маркетплейсы,2024-08,2.147009059068104,внутригородская территория города федерального значения муниципальный округ Коломна,Санкт-Петербург
2353,Продовольствие,2023-12,2.3832344659481097,внутригородская территория города федерального значения муниципальный округ Адмиралтейский округ,Санкт-Петербург
2353,Здоровье,2023-09,2.1403456955015514,внутригородская территория города федерального значения муниципальный округ Адмиралтейский округ,Санкт-Петербург
2364,Продовольствие,2023-07,2.725397526041887,внутригородская территория города федерального значения муниципальный округ Сампсониевское,Санкт-Петербург
2372,Маркетплейсы,2023-11,2.4086235855746314,внутригородская территория города федерального значения муниципальный округ № 65,Санкт-Петербург
2373,Здоровье,2024-03,2.1248698627310265,внутригородская территория города федерального значения муниципальный округ Ланское,Санкт-Петербург
2376,Маркетплейсы,2023-11,2.042994593733248,внутригородская территория города федерального значения муниципальный округ Юнтолово,Санкт-Петербург
2381,Продовольствие,2023-08,2.344366311239416,внутригородская территория города федерального значения муниципальный округ № 21,Санкт-Петербург
2386,Общественное питание,2023-06,2.310338514423937,внутригородская территория города федерального значения муниципальный округ Ульянка,Санкт-Петербург
2387,Общественное питание,2024-06,2.0704164094190673,внутригородская территория города федерального значения муниципальный округ Дачное,Санкт-Петербург
2389,Транспорт,2023-12,2.268844185440379,внутригородская территория города федерального значения муниципальный округ Нарвский округ,Санкт-Петербург
2391,Продовольствие,2024-10,2.15020335891006,внутригородская территория города федерального значения муниципальный округ Морские ворота,Санкт-Петербург
2391,Здоровье,2024-09,2.7226957703921877,внутригородская территория города федерального значения муниципальный округ Морские ворота,Санкт-Петербург
2391,Маркетплейсы,2023-10,4.279663563099305,внутригородская территория города федерального значения муниципальный округ Морские ворота,Санкт-Петербург
2401,Продовольствие,2023-07,4.515249454418897,внутригородская территория города федерального значения муниципальный округ Пороховые,Санкт-Петербург
2404,Продовольствие,2024-08,2.3694807675706,внутригородская территория города федерального значения муниципальный округ Юго-Запад,Санкт-Петербург
2410,Продовольствие,2023-08,2.38667883423336,внутригородская территория города федерального значения город Кронштадт,Санкт-Петербург
2416,Продовольствие,2024-12,2.5617559632647415,внутригородская территория города федерального значения поселок Песочный,Санкт-Петербург
2416,Общественное питание,2023-08,2.4398169003951686,внутригородская территория города федерального значения поселок Песочный,Санкт-Петербург
2416,Маркетплейсы,2024-02,2.228934958572753,внутригородская территория города федерального значения поселок Песочный,Санкт-Петербург
2422,Здоровье,2024-06,2.1938926385544235,внутригородская территория города федерального значения город Ломоносов,Санкт-Петербург
2437,Общественное питание,2024-06,2.0261804596911195,внутригородская территория города федерального значения город Павловск,Санкт-Петербург
2439,Все категории,2024-01,2.4430070349687667,внутригородская территория города федерального значения муниципальный округ Введенский,Санкт-Петербург
2439,Продовольствие,2024-09,3.0945683564437596,внутригородская территория города федерального значения муниципальный округ Введенский,Санкт-Петербург
2451,Продовольствие,2024-06,2.790463369840607,внутригородская территория города федерального значения муниципальный округ № 72,Санкт-Петербург
2456,Транспорт,2023-12,2.3184524909145448,внутригородская территория города федерального значения муниципальный округ Дворцовый округ,Санкт-Петербург
2457,Общественное питание,2023-06,2.335457123957358,внутригородская территория города федерального значения муниципальный округ № 78,Санкт-Петербург
2467,Маркетплейсы,2024-08,2.0695831130230045,внутригородская территория города федерального значения муниципальный округ Ивановское,Москва
2471,Маркетплейсы,2024-01,2.1188716696742014,внутригородская территория города федерального значения муниципальный округ Новокосино,Москва
2473,Маркетплейсы,2024-08,2.1389861221381126,внутригородская территория города федерального значения муниципальный округ Перово,Москва
2477,Маркетплейсы,2024-08,2.4954056809339957,внутригородская территория города федерального значения муниципальный округ Преображенское,Москва
2479,Здоровье,2024-03,2.1093310479366782,внутригородская территория города федерального значения муниципальный округ Дорогомилово,Москва
2479,Маркетплейсы,2024-08,2.4857596256524546,внутригородская территория города федерального значения муниципальный округ Дорогомилово,Москва
2480,Маркетплейсы,2024-02,2.7055014790481615,внутригородская территория города федерального значения муниципальный округ Крылатское,Москва
2485,Маркетплейсы,2024-08,2.159797387602817,внутригородская территория города федерального значения муниципальный округ Проспект Вернадского,Москва
2486,Маркетплейсы,2024-08,2.4144471084393895,внутригородская территория города федерального значения муниципальный округ Раменки,Москва
2488,Маркетплейсы,2024-02,2.0918219593277865,внутригородская территория города федерального значения муниципальный округ Тропарево-Никулино,Москва
2493,Маркетплейсы,2024-01,2.0553170853349987,внутригородская территория города федерального значения муниципальный округ Силино,Москва
2495,Здоровье,2024-03,2.2207045816481736,внутригородская территория города федерального значения муниципальный округ Беговой,Москва
2497,Продовольствие,2023-06,2.8366145175340196,внутригородская территория города федерального значения муниципальный округ Войковский,Москва
2498,Маркетплейсы,2024-08,2.342978377325721,внутригородская территория города федерального значения муниципальный округ Восточное Дегунино,Москва
2499,Маркетплейсы,2024-08,3.1775355081840697,внутригородская территория города федерального значения муниципальный округ Головинский,Москва
2503,Маркетплейсы,2024-05,2.184143142202821,внутригородская территория города федерального значения муниципальный округ Левобережный,Москва
2505,Маркетплейсы,2024-08,2.35958476022564,внутригородская территория города федерального значения муниципальный округ Савеловский,Москва
2506,Продовольствие,2024-09,2.044527961255687,внутригородская территория города федерального значения муниципальный округ Сокол,Москва
2506,Здоровье,2024-03,2.309523754008173,внутригородская территория города федерального значения муниципальный округ Сокол,Москва
2506,Маркетплейсы,2024-08,2.1393196792451747,внутригородская территория города федерального значения муниципальный округ Сокол,Москва
2507,Маркетплейсы,2024-08,2.3278451914509293,внутригородская территория города федерального значения муниципальный округ Тимирязевский,Москва
2508,Маркетплейсы,2024-08,2.6278586915014976,внутригородская территория города федерального значения муниципальный округ Ховрино,Москва
2523,Маркетплейсы,2024-08,2.44031718417109,внутригородская территория города федерального значения муниципальный округ Северное Медведково,Москва
2528,Маркетплейсы,2023-05,2.4227595095877117,внутригородская территория города федерального значения муниципальный округ Митино,Москва
2529,Маркетплейсы,2024-08,2.460738833424765,внутригородская территория города федерального значения муниципальный округ Покровское-Стрешнево,Москва
2530,Маркетплейсы,2024-08,2.0511283942590657,внутригородская территория города федерального значения муниципальный округ Северное Тушино,Москва
2532,Маркетплейсы,2024-08,2.0764810533455544,внутригородская территория города федерального значения муниципальный округ Хорошево-Мневники,Москва
2536,Маркетплейсы,2024-08,2.029577351690426,внутригородская территория города федерального значения муниципальный округ Басманный,Москва
2539,Маркетплейсы,2023-11,2.415762440562155,внутригородская территория города федерального значения муниципальный округ Красносельский,Москва
2540,Маркетплейсы,2024-08,2.0564229682266797,внутригородская территория города федерального значения муниципальный округ Мещанский,Москва
2541,Маркетплейсы,2024-08,3.2340311054761495,внутригородская территория города федерального значения муниципальный округ Пресненский,Москва
2543,Маркетплейсы,2024-08,3.057963196916025,внутригородская территория города федерального значения муниципальный округ Тверской,Москва
2545,Здоровье,2024-03,2.2136704886897385,внутригородская территория города федерального значения муниципальный округ Якиманка,Москва
2557,Здоровье,2024-03,2.6097267585485735,внутригородская территория города федерального значения муниципальный округ Южнопортовый,Москва
2561,Маркетплейсы,2024-08,2.9774569725654674,внутригородская территория города федерального значения муниципальный округ Коньково,Москва
2564,Маркетплейсы,2024-08,2.706601573766559,внутригородская территория города федерального значения муниципальный округ Обручевский,Москва
2572,Маркетплейсы,2024-07,2.228891488336707,внутригородская территория города федерального значения муниципальный округ Братеево,Москва
2574,Здоровье,2024-03,2.451619248899659,внутригородская территория города федерального значения муниципальный округ Донской,Москва
2574,Маркетплейсы,2023-05,2.1681474824520044,внутригородская территория города федерального значения муниципальный округ Донской,Москва
2574,Маркетплейсы,2024-08,2.0356308142171837,внутригородская территория города федерального значения муниципальный округ Донской,Москва
2579,Маркетплейсы,2024-08,2.8490961812146707,внутригородская территория города федерального значения муниципальный округ Нагорный,Москва
2582,Маркетплейсы,2024-08,2.30595327111738,внутригородская территория города федерального значения муниципальный округ Царицыно,Москва
2589,Продовольствие,2023-06,3.9813073932576737,внутригородская территория города федерального значения поселение Внуковское,Москва
2595,Маркетплейсы,2023-06,2.567876071360975,внутригородская территория города федерального значения поселение Кокошкино,Москва
2597,Продовольствие,2024-07,2.4307815659369094,внутригородская территория города федерального значения поселение Марушкинское,Москва
2601,Маркетплейсы,2023-07,2.220805310313286,внутригородская территория города федерального значения поселение Новофедоровское,Москва
2604,Здоровье,2024-06,2.7498928522142987,внутригородская территория города федерального значения поселение Рязановское,Москва
2607,Продовольствие,2023-11,2.0333435768347687,внутригородская территория города федерального значения поселение Щаповское,Москва
2619,Здоровье,2024-08,2.2632221185374273,городской округ город Переславль-Залесский,Ярославская область
2621,Общественное питание,2024-06,2.1760711478239254,городской округ город Березники,Пермский край
2652,Здоровье,2024-01,2.32676788171697,городской округ Орехово-Зуевский,Московская область
2710,Здоровье,2023-05,3.0206375247563986,городской округ Вышневолоцкий,Тверская область
2808,Маркетплейсы,2023-11,2.110252891525293,городской округ Коломна,Московская область
2872,Продовольствие,2023-05,2.070386843030616,муниципальный округ Приуральский район,Ямало-Ненецкий автономный округ
2872,Общественное питание,2023-06,2.9244717800057534,муниципальный округ Приуральский район,Ямало-Ненецкий автономный округ
2880,Транспорт,2023-09,2.3617641572993664,городской округ город Лабытнанги,Ямало-Ненецкий автономный округ
2880,Маркетплейсы,2023-10,2.6299806427851333,городской округ город Лабытнанги,Ямало-Ненецкий автономный округ
2882,Продовольствие,2024-10,2.0342799186177154,муниципальный округ Пуровский район,Ямало-Ненецкий автономный округ
2883,Продовольствие,2023-08,2.703214360212622,муниципальный округ Кимрский,Тверская область
2885,Транспорт,2023-05,2.2132418376960925,муниципальный округ Кудымкарский,Пермский край
3011,Здоровье,2024-01,2.0553538327972465,городской округ Златоустовский,Челябинская область
