{"type":"FeatureCollection","features":[{"type":"Feature","properties":{"name":"Академический","key":"академический","kind":"district","lx":37.58054,"ly":55.68934},"geometry":{"type":"Polygon","coordinates":[[[37.55222,55.68406],[37.56146,55.69163],[37.58734,55.70633],[37.59612,55.69613],[37.60154,55.69155],[37.5977,55.68985],[37.58606,55.67913],[37.57951,55.67686],[37.58031,55.67486],[37.57799,55.67275],[37.56299,55.67789],[37.55222,55.68406]]]}},{"type":"Feature","properties":{"name":"Алексеевский","key":"алексеевский","kind":"district","lx":37.64907,"ly":55.81372},"geometry":{"type":"Polygon","coordinates":[[[37.635,55.79717],[37.6393,55.81859],[37.65427,55.83328],[37.65515,55.83213],[37.65349,55.83012],[37.6544,55.82864],[37.6653,55.82659],[37.66684,55.8259],[37.66737,55.82494],[37.67069,55.82439],[37.66808,55.81987],[37.65382,55.80386],[37.65072,55.79942],[37.65012,55.79279],[37.65154,55.78936],[37.64606,55.79094],[37.64049,55.79461],[37.635,55.79717]]]}},{"type":"Feature","properties":{"name":"Алтуфьевский","key":"алтуфьевский","kind":"district","lx":37.57713,"ly":55.87873},"geometry":{"type":"Polygon","coordinates":[[[37.5674,55.8873],[37.59481,55.8869],[37.59961,55.88497],[37.60754,55.87911],[37.58628,55.87481],[37.5853,55.87001],[37.57218,55.86953],[37.57184,55.87022],[37.57137,55.87018],[37.56829,55.87759],[37.5674,55.8873]]]}},{"type":"Feature","properties":{"name":"Арбат","key":"арбат","kind":"district","lx":37.58744,"ly":55.75187},"geometry":{"type":"Polygon","coordinates":[[[37.57206,55.75202],[37.57454,55.75295],[37.57678,55.75522],[37.58383,55.75526],[37.58446,55.75811],[37.5892,55.75638],[37.58954,55.7567],[37.60227,55.7536],[37.60406,55.75418],[37.60601,55.754],[37.60736,55.7561],[37.61224,55.75456],[37.60888,55.74921],[37.60429,55.7504],[37.60294,55.7486],[37.59972,55.74889],[37.59934,55.74707],[37.59582,55.74765],[37.58767,55.74678],[37.58581,55.7463],[37.58743,55.7441],[37.5838,55.74375],[37.58304,55.74549],[37.57939,55.74583],[37.57413,55.74543],[37.57449,55.74886],[37.57402,55.75034],[37.57206,55.75202]]]}},{"type":"Feature","properties":{"name":"Аэропорт","key":"аэропорт","kind":"district","lx":37.53234,"ly":55.80799},"geometry":{"type":"Polygon","coordinates":[[[37.51101,55.80608],[37.5195,55.81517],[37.5301,55.81561],[37.53397,55.81514],[37.53648,55.81426],[37.54946,55.80708],[37.54846,55.80663],[37.5635,55.79375],[37.56963,55.79141],[37.5745,55.79165],[37.56574,55.78548],[37.53188,55.80046],[37.51101,55.80608]]]}},{"type":"Feature","properties":{"name":"Бабушкинский","key":"бабушкинский","kind":"district","lx":37.66554,"ly":55.86616},"geometry":{"type":"Polygon","coordinates":[[[37.64172,55.86531],[37.64516,55.86548],[37.64883,55.86667],[37.64829,55.8673],[37.64847,55.86777],[37.6516,55.87032],[37.65608,55.87136],[37.6562,55.87188],[37.65809,55.87268],[37.65868,55.87359],[37.65743,55.87502],[37.65722,55.87865],[37.65748,55.87982],[37.65881,55.8808],[37.66507,55.88236],[37.66849,55.88191],[37.67194,55.88214],[37.67373,55.88287],[37.6729,55.88354],[37.67394,55.88385],[37.67511,55.88369],[37.67534,55.88312],[37.67827,55.88124],[37.68066,55.87688],[37.67605,55.87076],[37.67532,55.86797],[37.68349,55.86438],[37.68158,55.8631],[37.68111,55.86191],[37.68181,55.86154],[37.67385,55.85568],[37.67252,55.85351],[37.67194,55.85043],[37.67121,55.85045],[37.6619,55.85695],[37.6529,55.85762],[37.64638,55.86128],[37.64474,55.86334],[37.64222,55.86432],[37.64172,55.86531]]]}},{"type":"Feature","properties":{"name":"Басманный","key":"басманный","kind":"district","lx":37.67672,"ly":55.76841},"geometry":{"type":"Polygon","coordinates":[[[37.62787,55.75952],[37.63121,55.76026],[37.63472,55.76256],[37.63729,55.76513],[37.64469,55.76847],[37.64816,55.76856],[37.65447,55.76958],[37.663,55.76973],[37.66443,55.77331],[37.66799,55.77453],[37.67589,55.77839],[37.6801,55.77712],[37.68484,55.78081],[37.68472,55.7816],[37.69636,55.78205],[37.70318,55.78152],[37.70879,55.77962],[37.71353,55.77526],[37.70252,55.77003],[37.69722,55.76682],[37.6922,55.76949],[37.68904,55.76777],[37.68585,55.76398],[37.68584,55.76204],[37.68416,55.76027],[37.68259,55.75954],[37.68022,55.75907],[37.67302,55.75933],[37.67128,55.7588],[37.6704,55.7576],[37.67091,55.75743],[37.67306,55.75343],[37.67255,55.75239],[37.67053,55.75075],[37.66621,55.75315],[37.66429,55.75275],[37.6628,55.75414],[37.65828,55.75473],[37.65496,55.75453],[37.64974,55.75302],[37.64301,55.75266],[37.63895,55.75324],[37.63697,55.7542],[37.63507,55.75386],[37.63164,55.75705],[37.62787,55.75952]]]}},{"type":"Feature","properties":{"name":"Беговой","key":"беговой","kind":"district","lx":37.57744,"ly":55.78417},"geometry":{"type":"Polygon","coordinates":[[[37.54087,55.78496],[37.55007,55.79121],[37.54856,55.7919],[37.54946,55.79253],[37.56574,55.78548],[37.5745,55.79165],[37.58399,55.79222],[37.58653,55.79344],[37.58863,55.79206],[37.58607,55.7827],[37.58479,55.77987],[37.5811,55.77743],[37.57599,55.77561],[37.55192,55.77341],[37.55169,55.77413],[37.55359,55.7748],[37.55503,55.77612],[37.55111,55.77729],[37.54718,55.77971],[37.54537,55.78091],[37.54409,55.78358],[37.54199,55.78346],[37.54087,55.78496]]]}},{"type":"Feature","properties":{"name":"Бекасово","key":"бекасово","kind":"district","lx":36.92268,"ly":55.4182},"geometry":{"type":"MultiPolygon","coordinates":[[[[36.8031,55.44083],[36.80451,55.46551],[36.81521,55.46597],[36.81592,55.47514],[36.81624,55.50835],[36.82798,55.50842],[36.82788,55.50751],[36.84452,55.50707],[36.91947,55.50584],[36.91975,55.51545],[36.93561,55.51501],[36.93359,55.51593],[36.93512,55.51657],[36.93809,55.516],[36.93998,55.51656],[36.94198,55.51533],[36.93927,55.51315],[36.93602,55.50902],[36.93779,55.50946],[36.93713,55.50828],[36.93797,55.50701],[36.93523,55.50523],[36.93691,55.49948],[36.93807,55.499],[36.93506,55.49616],[36.97779,55.49374],[36.97345,55.45546],[36.98296,55.45487],[36.98401,55.45779],[36.98929,55.45685],[36.9896,55.45922],[36.99402,55.45832],[36.99332,55.45665],[36.9944,55.4561],[36.99633,55.45645],[36.9976,55.4552],[36.99728,55.45491],[36.99806,55.45378],[36.99882,55.45363],[36.99977,55.4525],[37.00208,55.4526],[37.00557,55.45052],[37.00347,55.4496],[37.00464,55.44715],[37.00631,55.44617],[37.01923,55.44513],[37.02007,55.45679],[37.03213,55.45596],[37.03558,55.45844],[37.03682,55.46406],[37.06061,55.46266],[37.05861,55.45469],[37.07679,55.45357],[37.08032,55.4527],[37.08051,55.45074],[37.0786,55.45004],[37.07977,55.44894],[37.08142,55.44824],[37.08062,55.44668],[37.08252,55.44549],[37.08727,55.44627],[37.08928,55.44123],[37.09605,55.44328],[37.09708,55.44269],[37.10076,55.44512],[37.09981,55.44571],[37.11278,55.44923],[37.11311,55.44821],[37.11053,55.44705],[37.10794,55.44507],[37.11079,55.44317],[37.11257,55.44129],[37.1065,55.43852],[37.09972,55.43711],[37.09939,55.43566],[37.10019,55.43477],[37.10025,55.43358],[37.09941,55.43274],[37.09799,55.43243],[37.09679,55.43148],[37.09427,55.4316],[37.09043,55.43031],[37.08605,55.42599],[37.08287,55.42492],[37.08122,55.42567],[37.07724,55.42592],[37.07318,55.42034],[37.07268,55.41809],[37.0733,55.41566],[37.07502,55.41349],[37.07381,55.41248],[37.0739,55.4118],[37.0761,55.40696],[37.06432,55.39897],[37.05459,55.39892],[37.05257,55.4],[37.04319,55.39898],[37.03649,55.4015],[37.03628,55.40256],[37.02782,55.40183],[37.02714,55.4023],[37.02069,55.39907],[37.01851,55.3994],[37.01556,55.39901],[37.00977,55.39681],[37.00817,55.3944],[37.00971,55.3942],[37.00931,55.39339],[37.01032,55.39189],[37.01132,55.3923],[37.01285,55.39153],[37.01246,55.38989],[37.0094,55.38573],[37.00792,55.38543],[37.00565,55.38378],[37.00612,55.38285],[37.00491,55.38258],[37.00234,55.38103],[37.00207,55.38043],[37.00067,55.38048],[37.00005,55.37939],[36.99795,55.37835],[36.99786,55.37681],[36.99405,55.37537],[36.98981,55.37522],[36.98774,55.37443],[36.98628,55.37438],[36.98323,55.37538],[36.98111,55.37532],[36.98136,55.3745],[36.97995,55.37371],[36.98111,55.37382],[36.98111,55.37337],[36.9806,55.37328],[36.98094,55.37289],[36.97965,55.37247],[36.9801,55.37195],[36.97769,55.37054],[36.97784,55.37011],[36.97714,55.3698],[36.97543,55.366],[36.9739,55.36529],[36.97478,55.36401],[36.97382,55.36255],[36.97351,55.36032],[36.97032,55.3564],[36.97022,55.35232],[36.97407,55.3518],[37.01099,55.34074],[36.99925,55.33307],[36.99836,55.33204],[36.99499,55.3336],[36.99391,55.33285],[36.99222,55.33266],[36.99196,55.33032],[36.99116,55.33031],[36.99128,55.3275],[36.98971,55.32767],[36.98884,55.32656],[36.98869,55.32533],[36.99022,55.3253],[36.98644,55.31559],[36.96368,55.3241],[36.96041,55.3219],[36.94473,55.32937],[36.94663,55.33067],[36.94222,55.33257],[36.94027,55.33427],[36.93917,55.33662],[36.93689,55.33659],[36.93578,55.34116],[36.93613,55.34126],[36.91624,55.3508],[36.91566,55.3517],[36.91614,55.35254],[36.91514,55.35263],[36.91559,55.35408],[36.90698,55.35476],[36.90294,55.3557],[36.90315,55.35641],[36.90408,55.35701],[36.85579,55.3805],[36.86286,55.38484],[36.84827,55.39208],[36.86187,55.40103],[36.8343,55.41399],[36.84209,55.4187],[36.82581,55.42143],[36.82429,55.42265],[36.82455,55.42334],[36.82307,55.42368],[36.8212,55.42523],[36.8226,55.42487],[36.82605,55.42816],[36.82778,55.42805],[36.82824,55.42864],[36.82478,55.42903],[36.8243,55.42858],[36.82192,55.42928],[36.81913,55.42676],[36.81136,55.4363],[36.8031,55.44083]]],[[[36.90075,55.31486],[36.90325,55.31611],[36.90394,55.31723],[36.90617,55.31675],[36.90909,55.31992],[36.91012,55.32617],[36.90912,55.32684],[36.90844,55.32989],[36.90967,55.3298],[36.91033,55.3313],[36.91585,55.33033],[36.91375,55.3259],[36.92241,55.32475],[36.92281,55.32394],[36.91767,55.31636],[36.91365,55.31701],[36.91207,55.31675],[36.91107,55.31357],[36.90769,55.31125],[36.90351,55.31249],[36.90128,55.31396],[36.90075,55.31486]]]]}},{"type":"Feature","properties":{"name":"Бескудниковский","key":"бескудниковский","kind":"district","lx":37.55206,"ly":55.87028},"geometry":{"type":"Polygon","coordinates":[[[37.52966,55.87283],[37.53183,55.87342],[37.53083,55.87451],[37.5341,55.87531],[37.53374,55.87611],[37.54628,55.87832],[37.54666,55.8774],[37.55761,55.879],[37.5577,55.87545],[37.55819,55.87419],[37.56664,55.86351],[37.56397,55.86298],[37.56465,55.86157],[37.56319,55.86162],[37.56389,55.85942],[37.56703,55.85982],[37.56704,55.8594],[37.56787,55.85934],[37.56666,55.85541],[37.56677,55.85442],[37.57271,55.85473],[37.57291,55.85142],[37.57377,55.84848],[37.56691,55.84951],[37.56025,55.85735],[37.54852,55.86365],[37.53144,55.87163],[37.52966,55.87283]]]}},{"type":"Feature","properties":{"name":"Бибирево","key":"бибирево","kind":"district","lx":37.60775,"ly":55.89323},"geometry":{"type":"Polygon","coordinates":[[[37.58668,55.88721],[37.58727,55.90761],[37.59098,55.91362],[37.5905,55.91129],[37.59315,55.90895],[37.62135,55.90151],[37.64407,55.8977],[37.63561,55.89368],[37.62292,55.88885],[37.62317,55.88778],[37.62018,55.8862],[37.62028,55.88572],[37.61874,55.88571],[37.61719,55.88412],[37.61422,55.88303],[37.61524,55.88119],[37.61692,55.88078],[37.6169,55.88033],[37.61134,55.87999],[37.60754,55.87911],[37.60255,55.88303],[37.59693,55.88635],[37.59318,55.88709],[37.58668,55.88721]]]}},{"type":"Feature","properties":{"name":"Бирюлёво Восточное","key":"бирюлевовосточное","kind":"district","lx":37.67639,"ly":55.59117},"geometry":{"type":"Polygon","coordinates":[[[37.64072,55.6105],[37.64442,55.61195],[37.664,55.61636],[37.6682,55.61788],[37.67139,55.61998],[37.67305,55.61969],[37.67563,55.62184],[37.68011,55.62168],[37.67923,55.61929],[37.67774,55.6179],[37.67813,55.61581],[37.67788,55.61425],[37.67988,55.61169],[37.68053,55.6101],[37.68743,55.60744],[37.69133,55.60708],[37.69183,55.60559],[37.69569,55.60412],[37.69636,55.60283],[37.70014,55.60219],[37.7018,55.60071],[37.70167,55.59983],[37.70257,55.59915],[37.70491,55.59831],[37.70963,55.59824],[37.71251,55.59683],[37.71492,55.59672],[37.71704,55.59572],[37.7245,55.58931],[37.69256,55.57712],[37.69179,55.57641],[37.69138,55.57478],[37.69172,55.57295],[37.69092,55.57232],[37.68916,55.57348],[37.68518,55.57412],[37.67605,55.57209],[37.66428,55.57163],[37.66325,55.57383],[37.66066,55.57714],[37.65938,55.58339],[37.64978,55.60001],[37.64827,55.60217],[37.64463,55.60579],[37.64274,55.60896],[37.64072,55.6105]]]}},{"type":"Feature","properties":{"name":"Бирюлёво Западное","key":"бирюлевозападное","kind":"district","lx":37.6389,"ly":55.58847},"geometry":{"type":"Polygon","coordinates":[[[37.61313,55.57463],[37.61516,55.58993],[37.61711,55.59319],[37.61935,55.59493],[37.62834,55.59934],[37.63746,55.6083],[37.64072,55.6105],[37.64274,55.60896],[37.64463,55.60579],[37.64827,55.60217],[37.64978,55.60001],[37.65938,55.58339],[37.66066,55.57714],[37.66325,55.57383],[37.66428,55.57163],[37.6539,55.57229],[37.65075,55.57173],[37.64966,55.57248],[37.61313,55.57463]]]}},{"type":"Feature","properties":{"name":"Богородское","key":"богородское","kind":"district","lx":37.70955,"ly":55.81501},"geometry":{"type":"Polygon","coordinates":[[[37.67021,55.83874],[37.68998,55.83353],[37.73476,55.81822],[37.74281,55.81412],[37.74513,55.81182],[37.74593,55.81036],[37.74593,55.80903],[37.73183,55.80878],[37.72985,55.80982],[37.72409,55.80652],[37.71164,55.80435],[37.70875,55.80289],[37.70768,55.80366],[37.6988,55.80134],[37.70189,55.80587],[37.70181,55.80702],[37.70041,55.80828],[37.70005,55.80992],[37.69724,55.81079],[37.69482,55.81094],[37.69532,55.81171],[37.69325,55.81061],[37.68517,55.8155],[37.68782,55.81691],[37.68758,55.81712],[37.68544,55.81686],[37.67746,55.81905],[37.67491,55.82049],[37.67453,55.82125],[37.67069,55.82439],[37.67157,55.82903],[37.67021,55.83874]]]}},{"type":"Feature","properties":{"name":"Братеево","key":"братеево","kind":"district","lx":37.7715,"ly":55.63296},"geometry":{"type":"Polygon","coordinates":[[[37.72712,55.6353],[37.72775,55.63529],[37.7295,55.64089],[37.74538,55.6399],[37.74959,55.64063],[37.7662,55.64545],[37.7798,55.64874],[37.78345,55.64855],[37.78534,55.64733],[37.78551,55.64511],[37.78383,55.64259],[37.78503,55.63326],[37.78976,55.62575],[37.79356,55.62296],[37.78374,55.61811],[37.78436,55.61747],[37.78683,55.61713],[37.78719,55.61691],[37.78693,55.61665],[37.7835,55.61715],[37.77971,55.6189],[37.76999,55.6194],[37.76274,55.62194],[37.75668,55.62504],[37.75305,55.62791],[37.75139,55.63096],[37.73879,55.63142],[37.73633,55.6307],[37.73379,55.63071],[37.73301,55.63117],[37.72942,55.63071],[37.7291,55.63076],[37.72957,55.63212],[37.72771,55.63342],[37.72712,55.6353]]]}},{"type":"Feature","properties":{"name":"Бутырский","key":"бутырский","kind":"district","lx":37.59192,"ly":55.81396},"geometry":{"type":"Polygon","coordinates":[[[37.57357,55.83109],[37.57441,55.83331],[37.57611,55.8348],[37.58049,55.83175],[37.58589,55.82889],[37.61359,55.81071],[37.59546,55.80533],[37.59566,55.80289],[37.59638,55.80128],[37.59638,55.79867],[37.59207,55.7961],[37.5889,55.79246],[37.5878,55.79264],[37.58442,55.795],[37.58234,55.80552],[37.58065,55.80829],[37.58473,55.80868],[37.57931,55.81181],[37.57782,55.81664],[37.57431,55.82153],[37.57357,55.83109]]]}},{"type":"Feature","properties":{"name":"Вешняки","key":"вешняки","kind":"district","lx":37.82477,"ly":55.72972},"geometry":{"type":"Polygon","coordinates":[[[37.76752,55.73415],[37.76982,55.73481],[37.84268,55.74907],[37.84254,55.74718],[37.84201,55.74722],[37.84165,55.74049],[37.83861,55.71552],[37.83602,55.70978],[37.7759,55.72994],[37.76752,55.73415]]]}},{"type":"Feature","properties":{"name":"Внуково","key":"внуково","kind":"district","lx":37.2708,"ly":55.61926},"geometry":{"type":"Polygon","coordinates":[[[37.0872,55.59048],[37.09486,55.59251],[37.09199,55.59618],[37.09914,55.59613],[37.09573,55.60011],[37.10221,55.60249],[37.11646,55.60564],[37.11775,55.60445],[37.11861,55.60171],[37.1197,55.60076],[37.12396,55.59896],[37.13045,55.5989],[37.13243,55.59919],[37.13478,55.60132],[37.13452,55.60219],[37.13314,55.60336],[37.13403,55.60405],[37.13266,55.60558],[37.14249,55.60916],[37.1435,55.60867],[37.14424,55.60916],[37.14575,55.60829],[37.14517,55.60914],[37.14612,55.60938],[37.14717,55.60722],[37.14717,55.60575],[37.1518,55.60422],[37.16016,55.60424],[37.1639,55.60553],[37.17204,55.60523],[37.17739,55.60726],[37.17961,55.60971],[37.18015,55.60963],[37.18143,55.61091],[37.18225,55.6129],[37.18452,55.61244],[37.18677,55.61273],[37.18547,55.61878],[37.18865,55.62017],[37.20684,55.6229],[37.21127,55.62011],[37.21456,55.62276],[37.21667,55.62195],[37.21771,55.62243],[37.2222,55.62049],[37.22479,55.62151],[37.22731,55.61964],[37.22901,55.6202],[37.22935,55.62136],[37.22563,55.62323],[37.22861,55.62378],[37.22921,55.62452],[37.23202,55.6254],[37.23578,55.62487],[37.23744,55.62649],[37.23762,55.62747],[37.23506,55.6289],[37.24011,55.63253],[37.24389,55.63356],[37.24327,55.63404],[37.24084,55.63384],[37.24005,55.6342],[37.23939,55.63533],[37.23636,55.63598],[37.23509,55.63736],[37.23597,55.63779],[37.23514,55.6387],[37.23719,55.64017],[37.23885,55.64209],[37.24061,55.64186],[37.24155,55.64322],[37.24082,55.64373],[37.24889,55.64564],[37.25327,55.64799],[37.25735,55.6493],[37.2616,55.64954],[37.2621,55.65007],[37.26569,55.64949],[37.26618,55.65037],[37.27149,55.65151],[37.27141,55.65053],[37.27538,55.65012],[37.27539,55.6496],[37.28281,55.64954],[37.29021,55.64849],[37.2901,55.65194],[37.28959,55.65195],[37.28859,55.65489],[37.29092,55.65535],[37.2921,55.65456],[37.29265,55.65472],[37.29292,55.65408],[37.29253,55.65369],[37.29262,55.65207],[37.29016,55.65194],[37.29027,55.64849],[37.30568,55.64631],[37.3112,55.64657],[37.3121,55.64726],[37.31279,55.64983],[37.31152,55.65008],[37.31154,55.65119],[37.32291,55.65089],[37.32405,55.661],[37.32089,55.66103],[37.31915,55.6616],[37.31952,55.66428],[37.32544,55.66445],[37.32756,55.66322],[37.33144,55.66388],[37.33718,55.66303],[37.33753,55.66254],[37.33688,55.66154],[37.33201,55.65967],[37.34102,55.65713],[37.34306,55.65406],[37.33786,55.65282],[37.33609,55.65188],[37.33284,55.64837],[37.3309,55.64731],[37.33205,55.64594],[37.33065,55.64225],[37.32999,55.64184],[37.33029,55.64092],[37.32982,55.63987],[37.33035,55.63932],[37.33244,55.63955],[37.33441,55.63848],[37.33606,55.63518],[37.33886,55.63539],[37.34212,55.63379],[37.34378,55.63243],[37.35612,55.63058],[37.35987,55.62972],[37.36389,55.62793],[37.36869,55.62489],[37.37095,55.62278],[37.37229,55.62033],[37.37423,55.6147],[37.26288,55.58565],[37.19618,55.57031],[37.12547,55.54996],[37.12287,55.55311],[37.11469,55.56555],[37.09649,55.5774],[37.0872,55.59048]]]}},{"type":"Feature","properties":{"name":"Войковский","key":"войковский","kind":"district","lx":37.50269,"ly":55.82434},"geometry":{"type":"Polygon","coordinates":[[[37.47168,55.83779],[37.47259,55.84035],[37.47987,55.84134],[37.48137,55.83934],[37.49361,55.83936],[37.50484,55.83717],[37.50692,55.83558],[37.50877,55.83314],[37.50778,55.83209],[37.51483,55.82783],[37.51435,55.82745],[37.51944,55.8213],[37.51788,55.81863],[37.52162,55.8176],[37.51945,55.81585],[37.5195,55.81517],[37.50808,55.81475],[37.48686,55.81533],[37.4868,55.81793],[37.48804,55.82063],[37.49026,55.82277],[37.49337,55.82448],[37.49108,55.82727],[37.48791,55.82653],[37.48139,55.82701],[37.4781,55.82667],[37.47442,55.82983],[37.47912,55.83075],[37.47898,55.83155],[37.47168,55.83779]]]}},{"type":"Feature","properties":{"name":"Вороново","key":"вороново","kind":"district","lx":37.10659,"ly":55.28937},"geometry":{"type":"Polygon","coordinates":[[[36.93724,55.24139],[36.9388,55.24266],[36.94105,55.24294],[36.94173,55.24343],[36.94104,55.244],[36.94333,55.24478],[36.94289,55.24526],[36.94371,55.24567],[36.94342,55.24697],[36.94278,55.2474],[36.94378,55.24751],[36.95143,55.24565],[36.95262,55.24927],[36.94776,55.24971],[36.94783,55.25274],[36.94901,55.25458],[36.94907,55.25723],[36.95056,55.25898],[36.95365,55.25909],[36.9571,55.26076],[36.95252,55.26484],[36.95697,55.2654],[36.9615,55.26677],[36.96194,55.26735],[36.96625,55.26633],[36.9678,55.26719],[36.96933,55.26721],[36.97507,55.26621],[36.98048,55.26907],[36.98341,55.26814],[36.9868,55.27633],[36.99004,55.27614],[37.02604,55.28302],[37.02599,55.28437],[37.02141,55.28443],[37.02188,55.28816],[37.02161,55.28879],[37.01266,55.28989],[37.00257,55.28901],[36.99834,55.29028],[36.99774,55.29156],[36.99335,55.29104],[36.99274,55.29274],[36.98381,55.29697],[36.98552,55.29795],[36.98737,55.29996],[36.98553,55.30173],[36.98466,55.30183],[36.98839,55.30832],[36.98644,55.31559],[36.99022,55.3253],[36.98869,55.32533],[36.98884,55.32656],[36.98971,55.32767],[36.99128,55.3275],[36.99116,55.33031],[36.99196,55.33032],[36.99222,55.33266],[36.99391,55.33285],[36.99499,55.3336],[36.99836,55.33204],[36.99925,55.33307],[37.01099,55.34074],[36.97407,55.3518],[36.97022,55.35232],[36.97008,55.35485],[36.97032,55.3564],[36.97351,55.36032],[36.97382,55.36255],[36.97478,55.36401],[36.9739,55.36529],[36.97543,55.366],[36.97714,55.3698],[36.97784,55.37011],[36.97769,55.37054],[36.9801,55.37195],[36.97965,55.37247],[36.98094,55.37289],[36.9806,55.37328],[36.98111,55.37337],[36.98111,55.37382],[36.97995,55.37371],[36.98136,55.3745],[36.98111,55.37532],[36.98323,55.37538],[36.98628,55.37438],[36.98774,55.37443],[36.98981,55.37522],[36.99405,55.37537],[36.99786,55.37681],[36.99795,55.37835],[37.00005,55.37939],[37.00067,55.38048],[37.00207,55.38043],[37.00234,55.38103],[37.00491,55.38258],[37.00612,55.38285],[37.00565,55.38378],[37.00792,55.38543],[37.0094,55.38573],[37.01246,55.38989],[37.01285,55.39153],[37.01132,55.3923],[37.01032,55.39189],[37.00931,55.39339],[37.00971,55.3942],[37.00817,55.3944],[37.00977,55.39681],[37.01556,55.39901],[37.01851,55.3994],[37.02069,55.39907],[37.02714,55.4023],[37.02782,55.40183],[37.03628,55.40256],[37.03649,55.4015],[37.04431,55.39886],[37.04577,55.39947],[37.05257,55.4],[37.05459,55.39892],[37.05331,55.39865],[37.05439,55.39677],[37.05274,55.39473],[37.05646,55.39389],[37.05678,55.39254],[37.05881,55.39195],[37.0593,55.39008],[37.05856,55.38879],[37.0591,55.38724],[37.06107,55.38723],[37.06162,55.38865],[37.0638,55.38927],[37.06699,55.3913],[37.06876,55.39087],[37.07023,55.39308],[37.07213,55.39285],[37.07272,55.39234],[37.07194,55.39076],[37.07224,55.38937],[37.07624,55.39202],[37.08676,55.38746],[37.09164,55.38357],[37.09336,55.38302],[37.09457,55.38338],[37.10106,55.38335],[37.10406,55.38202],[37.10425,55.38119],[37.10664,55.38012],[37.10371,55.37755],[37.11223,55.37358],[37.1167,55.37235],[37.11663,55.37103],[37.12098,55.36885],[37.12105,55.371],[37.1426,55.36746],[37.1439,55.36838],[37.14472,55.36832],[37.15391,55.36421],[37.15495,55.36432],[37.15562,55.36543],[37.1569,55.36483],[37.16151,55.36537],[37.16203,55.36587],[37.16119,55.36688],[37.16119,55.36911],[37.16513,55.36976],[37.16819,55.36961],[37.17063,55.36865],[37.17259,55.36851],[37.17289,55.36743],[37.174,55.36701],[37.17639,55.3678],[37.18539,55.36787],[37.18552,55.3698],[37.19447,55.3779],[37.19999,55.38114],[37.20525,55.38304],[37.20724,55.38254],[37.21302,55.38237],[37.21663,55.38422],[37.21897,55.38466],[37.22359,55.38655],[37.22465,55.38612],[37.22408,55.38529],[37.22584,55.38442],[37.28643,55.36894],[37.3169,55.35837],[37.31961,55.35849],[37.32248,55.35711],[37.32424,55.35737],[37.32538,55.35662],[37.3253,55.35595],[37.32645,55.35409],[37.32901,55.35444],[37.33242,55.35226],[37.33514,55.35261],[37.33538,55.35323],[37.33757,55.35468],[37.33813,55.35621],[37.33971,55.35771],[37.34087,55.35756],[37.34213,55.35675],[37.34242,55.35603],[37.34536,55.35738],[37.3467,55.35753],[37.34982,55.35649],[37.35405,55.35808],[37.37592,55.35096],[37.37796,55.35082],[37.38099,55.35172],[37.38668,55.35121],[37.38856,55.35051],[37.38549,55.34858],[37.38463,55.34739],[37.3847,55.34659],[37.38533,55.34606],[37.39028,55.34531],[37.39325,55.34306],[37.396,55.34301],[37.39691,55.34204],[37.39658,55.34087],[37.3938,55.33931],[37.39377,55.33856],[37.39477,55.33761],[37.395,55.33644],[37.39673,55.33525],[37.397,55.33276],[37.39543,55.33188],[37.39412,55.33183],[37.38988,55.33332],[37.38819,55.3327],[37.38797,55.33148],[37.3889,55.32955],[37.38861,55.32829],[37.38785,55.32753],[37.38819,55.32704],[37.39227,55.32758],[37.40016,55.32583],[37.41021,55.3222],[37.40837,55.32053],[37.41421,55.31905],[37.41703,55.31713],[37.42389,55.31639],[37.42782,55.31473],[37.42234,55.31236],[37.42213,55.31152],[37.41465,55.31186],[37.40978,55.30942],[37.40698,55.31136],[37.40181,55.31298],[37.40034,55.31449],[37.39669,55.31604],[37.39552,55.31494],[37.38946,55.31628],[37.38273,55.31679],[37.38627,55.31456],[37.38792,55.31217],[37.38987,55.31222],[37.38965,55.31117],[37.39044,55.3112],[37.39142,55.30959],[37.39318,55.30961],[37.39365,55.30788],[37.39507,55.30807],[37.39539,55.30737],[37.39266,55.30662],[37.39143,55.30406],[37.38996,55.30254],[37.3915,55.30139],[37.39251,55.29952],[37.39752,55.30133],[37.39926,55.30102],[37.39945,55.30169],[37.40407,55.30049],[37.40409,55.29845],[37.40301,55.29777],[37.40286,55.29653],[37.4036,55.29614],[37.40491,55.29679],[37.40642,55.29623],[37.40701,55.2967],[37.40806,55.29619],[37.4091,55.29667],[37.41031,55.29601],[37.4109,55.29626],[37.41323,55.29359],[37.41198,55.29318],[37.41216,55.29279],[37.40857,55.29191],[37.40972,55.29017],[37.41151,55.29066],[37.41442,55.2905],[37.41799,55.29128],[37.41626,55.29057],[37.41663,55.29017],[37.41523,55.29003],[37.41545,55.2865],[37.41419,55.28361],[37.41283,55.28222],[37.41091,55.27874],[37.41163,55.27863],[37.40664,55.26084],[37.40532,55.25058],[37.40038,55.25009],[37.38512,55.24681],[37.35324,55.23885],[37.33441,55.23804],[37.33505,55.2375],[37.33339,55.22867],[37.32681,55.22901],[37.31666,55.22829],[37.31782,55.22272],[37.31697,55.22072],[37.30085,55.22453],[37.30008,55.22723],[37.29992,55.23061],[37.30433,55.23184],[37.30666,55.2317],[37.30505,55.23427],[37.305,55.23581],[37.30521,55.23818],[37.30699,55.24012],[37.30298,55.2429],[37.29446,55.24238],[37.29102,55.24859],[37.27156,55.25882],[37.26788,55.25647],[37.27687,55.25158],[37.27449,55.24461],[37.2696,55.24072],[37.27016,55.24049],[37.25127,55.24],[37.24746,55.24193],[37.24552,55.23927],[37.23478,55.24277],[37.23553,55.24439],[37.23316,55.24558],[37.23485,55.24763],[37.219,55.25311],[37.21623,55.25223],[37.21421,55.25269],[37.21268,55.25162],[37.20977,55.2508],[37.20784,55.2491],[37.20594,55.24947],[37.20529,55.24845],[37.20396,55.24765],[37.20395,55.24689],[37.20118,55.24436],[37.20187,55.24309],[37.20263,55.24313],[37.20243,55.24273],[37.20332,55.24277],[37.20496,55.2417],[37.19984,55.23772],[37.19394,55.23481],[37.189,55.23647],[37.18487,55.23688],[37.1781,55.23429],[37.17585,55.23256],[37.17151,55.23135],[37.16336,55.23158],[37.16627,55.21615],[37.16959,55.21576],[37.16961,55.21496],[37.16799,55.21161],[37.16667,55.21144],[37.16888,55.19464],[37.17444,55.19504],[37.17418,55.19386],[37.17341,55.19301],[37.17336,55.19161],[37.16728,55.18542],[37.16836,55.18284],[37.16739,55.18063],[37.17005,55.17379],[37.16958,55.17242],[37.16981,55.17145],[37.17113,55.17037],[37.17134,55.16547],[37.16988,55.16434],[37.16666,55.16538],[37.1661,55.16438],[37.16206,55.16472],[37.15718,55.16175],[37.15632,55.16476],[37.14078,55.16438],[37.14208,55.15568],[37.11058,55.15416],[37.11121,55.14919],[37.06439,55.14712],[37.06475,55.14428],[37.04482,55.14338],[37.04563,55.14217],[37.04152,55.14285],[37.03921,55.14252],[37.03784,55.14602],[37.03257,55.1477],[37.02794,55.15015],[37.02743,55.15261],[37.02323,55.1556],[37.02085,55.15606],[37.01811,55.15759],[37.01523,55.16],[37.01855,55.16018],[37.01989,55.16112],[37.01982,55.16719],[37.01923,55.16895],[37.01947,55.17149],[37.01926,55.17296],[37.01824,55.17423],[37.01809,55.17727],[37.0159,55.17652],[37.01466,55.17659],[37.01422,55.1773],[37.01971,55.18295],[37.01647,55.18402],[37.01039,55.18333],[37.00823,55.18283],[37.00655,55.1806],[37.00121,55.18151],[36.99717,55.18014],[36.99636,55.18049],[36.99516,55.18219],[36.99355,55.1828],[36.99147,55.18286],[36.99026,55.18169],[36.98588,55.1809],[36.98411,55.18128],[36.98261,55.18047],[36.98159,55.18228],[36.98107,55.18612],[36.97977,55.18625],[36.97571,55.18954],[36.97503,55.19105],[36.97383,55.19203],[36.96906,55.19847],[36.9671,55.19974],[36.96587,55.20421],[36.9663,55.20535],[36.96164,55.20898],[36.96277,55.2096],[36.96503,55.21207],[36.96219,55.21257],[36.96227,55.21414],[36.95726,55.21661],[36.95147,55.21821],[36.94707,55.21851],[36.94846,55.22031],[36.9459,55.2228],[36.94964,55.2247],[36.94711,55.2278],[36.94583,55.23072],[36.94594,55.23138],[36.94886,55.23431],[36.94893,55.23564],[36.95013,55.23826],[36.94944,55.24024],[36.94678,55.2414],[36.9414,55.24169],[36.93724,55.24139]]]}},{"type":"Feature","properties":{"name":"Восточное Дегунино","key":"восточноедегунино","kind":"district","lx":37.55916,"ly":55.8866},"geometry":{"type":"Polygon","coordinates":[[[37.54304,55.88724],[37.5508,55.88731],[37.55096,55.89062],[37.55034,55.89063],[37.55031,55.89172],[37.55119,55.89184],[37.5516,55.89287],[37.55152,55.89728],[37.55198,55.89777],[37.56307,55.8937],[37.5659,55.89193],[37.56706,55.89016],[37.56829,55.87759],[37.5746,55.86212],[37.57455,55.85989],[37.57271,55.85473],[37.56677,55.85442],[37.56666,55.85541],[37.56787,55.85934],[37.56704,55.8594],[37.56703,55.85982],[37.56389,55.85942],[37.56319,55.86162],[37.56465,55.86157],[37.56397,55.86298],[37.56664,55.86351],[37.55819,55.87419],[37.5577,55.87545],[37.55761,55.879],[37.54666,55.8774],[37.54368,55.88278],[37.54304,55.88724]]]}},{"type":"Feature","properties":{"name":"Восточное Измайлово","key":"восточноеизмайлово","kind":"district","lx":37.83371,"ly":55.796},"geometry":{"type":"Polygon","coordinates":[[[37.79945,55.79324],[37.80558,55.79334],[37.80512,55.80287],[37.84041,55.80369],[37.84203,55.78896],[37.83416,55.78765],[37.82997,55.78933],[37.82354,55.79022],[37.8236,55.78921],[37.82318,55.78895],[37.79993,55.78827],[37.79947,55.7897],[37.79945,55.79324]]]}},{"type":"Feature","properties":{"name":"Восточный","key":"восточный","kind":"district","lx":37.86705,"ly":55.81401},"geometry":{"type":"MultiPolygon","coordinates":[[[[37.84533,55.81356],[37.85288,55.81672],[37.85732,55.81791],[37.85727,55.81834],[37.85811,55.81879],[37.85765,55.8196],[37.85917,55.81998],[37.86001,55.8194],[37.87222,55.82254],[37.8738,55.82],[37.87834,55.82065],[37.87895,55.8199],[37.88054,55.81951],[37.88397,55.82034],[37.88428,55.81996],[37.88516,55.82062],[37.88791,55.82079],[37.88909,55.81942],[37.89782,55.81792],[37.89931,55.81629],[37.8993,55.8151],[37.89855,55.81439],[37.89454,55.81394],[37.8914,55.81512],[37.8893,55.81518],[37.88687,55.81653],[37.88614,55.81617],[37.88532,55.81666],[37.88307,55.8163],[37.88084,55.81432],[37.87982,55.8142],[37.87964,55.81327],[37.87815,55.81143],[37.87413,55.81069],[37.87358,55.8087],[37.87008,55.80776],[37.8712,55.80633],[37.86659,55.80421],[37.86574,55.80421],[37.86326,55.80742],[37.86282,55.80731],[37.8617,55.80869],[37.86003,55.80843],[37.86069,55.80754],[37.85637,55.80604],[37.85612,55.80665],[37.85219,55.80896],[37.85024,55.80856],[37.84887,55.80942],[37.84981,55.81047],[37.84533,55.81356]]],[[[37.86849,55.82393],[37.87352,55.82523],[37.87567,55.82534],[37.876,55.8249],[37.86894,55.82287],[37.86849,55.82393]]],[[[37.79122,56.00729],[37.79532,56.00902],[37.7949,56.00932],[37.79851,56.0097],[37.79898,56.00928],[37.79799,56.00877],[37.79846,56.00871],[37.799,56.00769],[37.79814,56.00744],[37.79943,56.00615],[37.79735,56.00541],[37.79684,56.00476],[37.79315,56.00554],[37.79122,56.00729]]],[[[37.79003,56.00292],[37.79289,56.00388],[37.79409,56.00316],[37.7921,56.00249],[37.79163,56.00288],[37.79048,56.00248],[37.79003,56.00292]]]]}},{"type":"Feature","properties":{"name":"Выхино-Жулебино","key":"выхиножулебино","kind":"district","lx":37.81993,"ly":55.69712},"geometry":{"type":"Polygon","coordinates":[[[37.78719,55.68951],[37.78726,55.69048],[37.78951,55.69067],[37.79912,55.72211],[37.85344,55.70379],[37.85818,55.70125],[37.85732,55.7007],[37.85841,55.70012],[37.85617,55.69876],[37.86409,55.69369],[37.86001,55.69103],[37.86475,55.68826],[37.86479,55.68735],[37.85896,55.67721],[37.85689,55.6757],[37.84339,55.68173],[37.83686,55.68426],[37.83466,55.68464],[37.83277,55.68403],[37.83246,55.68304],[37.83453,55.67789],[37.83038,55.67728],[37.82672,55.67927],[37.82595,55.67892],[37.82502,55.67951],[37.822,55.67829],[37.81809,55.68037],[37.81003,55.6759],[37.81227,55.67473],[37.81196,55.67456],[37.80982,55.67578],[37.80793,55.67464],[37.80449,55.67742],[37.80532,55.68028],[37.80253,55.68049],[37.80545,55.68692],[37.8055,55.68796],[37.79858,55.68898],[37.79112,55.68711],[37.78865,55.68798],[37.78719,55.68951]]]}},{"type":"Feature","properties":{"name":"Гагаринский","key":"гагаринский","kind":"district","lx":37.56147,"ly":55.70141},"geometry":{"type":"Polygon","coordinates":[[[37.53005,55.68993],[37.53657,55.69356],[37.55923,55.71028],[37.5654,55.71076],[37.56961,55.71162],[37.57761,55.71421],[37.58423,55.70951],[37.58875,55.70712],[37.56146,55.69163],[37.55186,55.68375],[37.54747,55.68081],[37.53867,55.68502],[37.53005,55.68993]]]}},{"type":"Feature","properties":{"name":"Головинский","key":"головинский","kind":"district","lx":37.52099,"ly":55.85261},"geometry":{"type":"Polygon","coordinates":[[[37.46446,55.84712],[37.47643,55.8502],[37.49195,55.85083],[37.51119,55.85774],[37.50531,55.86201],[37.50542,55.86239],[37.51004,55.86439],[37.51419,55.86769],[37.54704,55.85352],[37.55518,55.84836],[37.55055,55.84689],[37.52307,55.84098],[37.52233,55.84172],[37.5208,55.84122],[37.5187,55.84127],[37.51751,55.8408],[37.51472,55.83795],[37.50484,55.83717],[37.49361,55.83936],[37.48137,55.83934],[37.47987,55.84134],[37.47259,55.84035],[37.47227,55.84177],[37.46885,55.84354],[37.46807,55.84468],[37.46446,55.84712]]]}},{"type":"Feature","properties":{"name":"Гольяново","key":"гольяново","kind":"district","lx":37.80122,"ly":55.82623},"geometry":{"type":"Polygon","coordinates":[[[37.74593,55.80903],[37.74738,55.81073],[37.75515,55.81324],[37.76588,55.81793],[37.78322,55.82167],[37.78268,55.82252],[37.78486,55.8225],[37.78474,55.82462],[37.78142,55.82476],[37.78027,55.8315],[37.77741,55.85644],[37.82739,55.8306],[37.82974,55.83056],[37.83014,55.8303],[37.83008,55.82915],[37.83439,55.82596],[37.83737,55.82249],[37.83871,55.81911],[37.83917,55.81626],[37.84355,55.81497],[37.83801,55.81381],[37.81176,55.81065],[37.78057,55.80962],[37.75395,55.8028],[37.74614,55.80136],[37.74593,55.80903]]]}},{"type":"Feature","properties":{"name":"Даниловский","key":"даниловский","kind":"district","lx":37.64757,"ly":55.70398},"geometry":{"type":"Polygon","coordinates":[[[37.60613,55.71091],[37.60829,55.71673],[37.61362,55.71665],[37.61377,55.7199],[37.62789,55.72136],[37.63306,55.72256],[37.6358,55.72202],[37.63642,55.72354],[37.64176,55.72221],[37.64374,55.7224],[37.64491,55.72801],[37.64599,55.72946],[37.65229,55.72807],[37.65421,55.72882],[37.65672,55.72637],[37.66313,55.72676],[37.66368,55.72456],[37.66368,55.71813],[37.66781,55.70528],[37.66524,55.68622],[37.63959,55.68427],[37.63612,55.68461],[37.6332,55.68551],[37.63157,55.68667],[37.62887,55.69175],[37.62831,55.694],[37.62814,55.70345],[37.62857,55.70526],[37.62099,55.70605],[37.61134,55.70431],[37.60814,55.70763],[37.60749,55.70752],[37.60613,55.71091]]]}},{"type":"Feature","properties":{"name":"Дмитровский","key":"дмитровский","kind":"district","lx":37.52956,"ly":55.89172},"geometry":{"type":"Polygon","coordinates":[[[37.49625,55.89248],[37.52445,55.90492],[37.52794,55.90601],[37.53632,55.90757],[37.53831,55.90443],[37.54117,55.90203],[37.55198,55.89777],[37.55152,55.89728],[37.5516,55.89287],[37.55119,55.89184],[37.55031,55.89172],[37.55034,55.89063],[37.55096,55.89062],[37.5508,55.88731],[37.54304,55.88724],[37.54368,55.88278],[37.54628,55.87832],[37.53374,55.87611],[37.5341,55.87531],[37.53083,55.87451],[37.53183,55.87342],[37.52966,55.87283],[37.52626,55.8751],[37.51167,55.88929],[37.50602,55.88609],[37.49625,55.89248]]]}},{"type":"Feature","properties":{"name":"Домодедово","key":"домодедово","kind":"town","lx":37.74745,"ly":55.4336},"geometry":{"type":"MultiPolygon","coordinates":[[[[37.65294,55.45647],[37.66135,55.46048],[37.66282,55.46174],[37.6637,55.46347],[37.66428,55.46649],[37.66779,55.46733],[37.66985,55.46944],[37.6704,55.47185],[37.66995,55.47378],[37.66879,55.47539],[37.6662,55.47752],[37.66664,55.48103],[37.66718,55.48171],[37.66978,55.48253],[37.67119,55.48378],[37.67204,55.48547],[37.67244,55.488],[37.67337,55.4894],[37.67775,55.48878],[37.68281,55.48575],[37.68333,55.48475],[37.68219,55.48337],[37.67739,55.48178],[37.67185,55.47556],[37.67069,55.47296],[37.67115,55.47014],[37.67349,55.46781],[37.67726,55.46713],[37.67879,55.46493],[37.68209,55.46182],[37.6839,55.4612],[37.68581,55.46131],[37.68791,55.46243],[37.68964,55.46501],[37.69228,55.46603],[37.69367,55.46733],[37.69463,55.46999],[37.69395,55.47349],[37.69684,55.47627],[37.7007,55.47641],[37.70452,55.47894],[37.70839,55.479],[37.71077,55.48057],[37.71427,55.48821],[37.71649,55.49091],[37.71692,55.49369],[37.71788,55.496],[37.71774,55.49884],[37.71856,55.49961],[37.7213,55.4992],[37.72541,55.49938],[37.72828,55.49693],[37.73066,55.49621],[37.73353,55.49696],[37.73573,55.49908],[37.74031,55.49912],[37.74288,55.4975],[37.74494,55.49517],[37.74773,55.49438],[37.74963,55.49479],[37.75193,55.49659],[37.75662,55.49834],[37.76426,55.4953],[37.76668,55.4958],[37.76826,55.49701],[37.76944,55.49878],[37.7724,55.49966],[37.77499,55.49942],[37.77709,55.49865],[37.78397,55.49811],[37.78515,55.4975],[37.79086,55.49068],[37.793,55.48979],[37.79598,55.4897],[37.79839,55.48727],[37.79863,55.48475],[37.79981,55.48262],[37.80417,55.47937],[37.80645,55.47873],[37.80876,55.4792],[37.81602,55.48361],[37.81885,55.48306],[37.82123,55.48362],[37.82307,55.48524],[37.82399,55.48778],[37.82381,55.48973],[37.82288,55.49146],[37.82092,55.49292],[37.81763,55.49343],[37.81643,55.49611],[37.81514,55.49763],[37.81237,55.49869],[37.80792,55.49804],[37.80713,55.49924],[37.80778,55.50021],[37.81657,55.50252],[37.8239,55.49948],[37.82645,55.49977],[37.82977,55.49914],[37.83157,55.4997],[37.83342,55.50099],[37.83566,55.50071],[37.84001,55.49958],[37.84238,55.4979],[37.8447,55.4973],[37.84886,55.4983],[37.85225,55.49771],[37.85911,55.49968],[37.86266,55.4973],[37.864,55.49437],[37.86376,55.49028],[37.86031,55.48853],[37.85691,55.48839],[37.85339,55.48902],[37.85064,55.48867],[37.84863,55.49033],[37.8467,55.49383],[37.84414,55.4951],[37.8413,55.49476],[37.83827,55.49239],[37.83747,55.49011],[37.83768,55.48818],[37.83893,55.48611],[37.8414,55.4846],[37.84312,55.48079],[37.8432,55.47832],[37.844,55.47649],[37.84635,55.47469],[37.85285,55.47342],[37.8538,55.47014],[37.85328,55.46933],[37.85081,55.46848],[37.84819,55.46965],[37.84172,55.47067],[37.83975,55.4704],[37.8371,55.46822],[37.83648,55.46485],[37.83748,55.46259],[37.84111,55.45942],[37.84309,55.45896],[37.84562,55.45948],[37.84883,55.4593],[37.8525,55.45726],[37.85528,55.45659],[37.85676,55.45425],[37.85642,55.44921],[37.85748,55.44649],[37.85941,55.445],[37.86275,55.44457],[37.86759,55.44204],[37.86886,55.43989],[37.86825,55.43881],[37.86496,55.43765],[37.86136,55.4378],[37.85974,55.43844],[37.85839,55.44013],[37.85643,55.44148],[37.85469,55.44426],[37.85111,55.44576],[37.84894,55.44834],[37.84831,55.45073],[37.84628,55.45385],[37.84222,55.45667],[37.83981,55.45676],[37.83802,55.456],[37.83666,55.45462],[37.83576,55.45281],[37.83291,55.45082],[37.82571,55.44909],[37.82473,55.44945],[37.82347,55.45183],[37.8219,55.45314],[37.81792,55.45494],[37.81437,55.45533],[37.81376,55.45614],[37.81383,55.45692],[37.81697,55.45955],[37.81782,55.46129],[37.81806,55.46325],[37.81903,55.4641],[37.82012,55.46461],[37.82333,55.46344],[37.82568,55.46341],[37.83038,55.46501],[37.83218,55.46662],[37.83301,55.46889],[37.83269,55.47127],[37.82974,55.47538],[37.82822,55.47666],[37.82633,55.47725],[37.82435,55.47705],[37.82261,55.47611],[37.82116,55.47446],[37.81943,55.47387],[37.81569,55.47642],[37.81279,55.47657],[37.80973,55.47478],[37.80807,55.47166],[37.80386,55.47087],[37.80009,55.47114],[37.79241,55.47673],[37.78961,55.47738],[37.78774,55.4769],[37.7862,55.47573],[37.78483,55.47263],[37.78389,55.47157],[37.77608,55.47162],[37.77532,55.47244],[37.77542,55.4753],[37.77666,55.47743],[37.77699,55.47941],[37.77617,55.48215],[37.77665,55.48492],[37.77622,55.48686],[37.77383,55.48932],[37.76731,55.49138],[37.76535,55.49107],[37.76366,55.49002],[37.76055,55.48527],[37.76005,55.4829],[37.7607,55.48045],[37.76074,55.47767],[37.7597,55.47505],[37.75999,55.47169],[37.75911,55.46798],[37.7564,55.46589],[37.75261,55.47064],[37.75039,55.47158],[37.74773,55.47165],[37.74227,55.47686],[37.74069,55.479],[37.73899,55.47997],[37.73656,55.48017],[37.73323,55.47886],[37.7164,55.47989],[37.71432,55.47875],[37.71318,55.47722],[37.7127,55.47537],[37.71279,55.47271],[37.71055,55.47009],[37.70779,55.46823],[37.70654,55.46617],[37.70634,55.46424],[37.70704,55.46161],[37.70784,55.46028],[37.70981,55.45862],[37.70969,55.45745],[37.70213,55.45673],[37.69961,55.45591],[37.69767,55.4545],[37.69627,55.45171],[37.69441,55.4515],[37.69342,55.4521],[37.69294,55.45637],[37.69168,55.45845],[37.68912,55.4598],[37.68579,55.45929],[37.68429,55.45805],[37.68166,55.45397],[37.68123,55.45107],[37.68206,55.443],[37.68122,55.442],[37.67587,55.44069],[37.67315,55.44392],[37.66633,55.44754],[37.6652,55.44945],[37.66373,55.4507],[37.66139,55.45134],[37.6588,55.45094],[37.65445,55.45362],[37.65287,55.45545],[37.65294,55.45647]]],[[[37.7559,55.46068],[37.75711,55.4591],[37.7607,55.45652],[37.76614,55.44573],[37.76832,55.44451],[37.77161,55.44465],[37.7744,55.44405],[37.77502,55.44349],[37.77499,55.44202],[37.77392,55.43911],[37.77422,55.43598],[37.77678,55.43199],[37.7783,55.42785],[37.78134,55.42345],[37.78105,55.42248],[37.77877,55.41987],[37.77805,55.41656],[37.77842,55.41459],[37.77919,55.41329],[37.78031,55.41228],[37.78258,55.4113],[37.78309,55.41047],[37.78295,55.40971],[37.78124,55.40786],[37.78059,55.406],[37.78088,55.40356],[37.78192,55.40189],[37.784,55.40058],[37.78689,55.40014],[37.78857,55.39721],[37.79067,55.39585],[37.80662,55.39378],[37.80973,55.39454],[37.82185,55.39486],[37.82407,55.39598],[37.82583,55.39851],[37.83038,55.399],[37.83084,55.39819],[37.83094,55.39387],[37.82782,55.3906],[37.82739,55.38869],[37.82772,55.38676],[37.82913,55.38477],[37.83158,55.38346],[37.83451,55.37988],[37.84162,55.37734],[37.84177,55.37622],[37.83994,55.37391],[37.83845,55.3736],[37.83285,55.37449],[37.83101,55.37408],[37.82842,55.37235],[37.82218,55.37264],[37.81956,55.37206],[37.81443,55.37205],[37.8076,55.37349],[37.80387,55.37858],[37.80218,55.37956],[37.80023,55.37982],[37.79758,55.37954],[37.79501,55.37808],[37.77938,55.37702],[37.77628,55.37526],[37.77189,55.37517],[37.76889,55.37387],[37.76495,55.37386],[37.76184,55.37197],[37.76039,55.37179],[37.75928,55.37322],[37.75929,55.37404],[37.76279,55.37774],[37.76412,55.38076],[37.76638,55.38294],[37.76702,55.38476],[37.76692,55.38668],[37.76509,55.38945],[37.75966,55.39129],[37.75788,55.39475],[37.75487,55.39625],[37.75158,55.3955],[37.75018,55.39415],[37.74916,55.39212],[37.74634,55.39071],[37.74506,55.38929],[37.74438,55.38605],[37.74597,55.38257],[37.74574,55.38167],[37.74445,55.38061],[37.73324,55.38153],[37.73088,55.38426],[37.7272,55.38529],[37.72455,55.38738],[37.72455,55.3888],[37.7289,55.39181],[37.73067,55.39198],[37.73373,55.39089],[37.73617,55.39072],[37.74121,55.39311],[37.74473,55.39383],[37.74727,55.39671],[37.74766,55.39862],[37.74729,55.40052],[37.74507,55.40302],[37.73915,55.40531],[37.7372,55.40514],[37.73484,55.40405],[37.72975,55.40274],[37.72877,55.40307],[37.72831,55.40383],[37.72842,55.40698],[37.72727,55.40912],[37.72522,55.41056],[37.72298,55.413],[37.72079,55.41633],[37.71902,55.41728],[37.71585,55.41787],[37.71511,55.42202],[37.71289,55.42492],[37.71296,55.42827],[37.71247,55.43013],[37.71012,55.43247],[37.70665,55.43296],[37.70552,55.43367],[37.70573,55.43576],[37.70496,55.43871],[37.70797,55.44245],[37.71906,55.44491],[37.7224,55.4475],[37.72397,55.44808],[37.73037,55.44881],[37.73234,55.45021],[37.73384,55.45307],[37.73958,55.45417],[37.74195,55.45616],[37.74433,55.45708],[37.74615,55.45889],[37.75269,55.45882],[37.7545,55.4595],[37.7559,55.46068]],[[37.74994,55.4067],[37.75266,55.40215],[37.75539,55.40108],[37.75735,55.40132],[37.76126,55.40329],[37.76289,55.40497],[37.76426,55.40822],[37.76436,55.41017],[37.7637,55.412],[37.76155,55.41395],[37.75917,55.41442],[37.7521,55.4119],[37.75069,55.41051],[37.74993,55.40868],[37.74994,55.4067]]]]}},{"type":"Feature","properties":{"name":"Донской","key":"донской","kind":"district","lx":37.59747,"ly":55.70892},"geometry":{"type":"Polygon","coordinates":[[[37.58214,55.71099],[37.58559,55.71109],[37.58834,55.7131],[37.58787,55.7133],[37.58845,55.71376],[37.58794,55.71395],[37.59267,55.71687],[37.5908,55.71787],[37.59271,55.71969],[37.59256,55.71915],[37.59408,55.71833],[37.59686,55.72013],[37.59813,55.71985],[37.60031,55.7213],[37.60935,55.71952],[37.6101,55.72143],[37.61439,55.721],[37.61558,55.72008],[37.61366,55.71982],[37.61362,55.71665],[37.60829,55.71673],[37.60616,55.71107],[37.60641,55.70952],[37.60749,55.70752],[37.60814,55.70763],[37.61134,55.70431],[37.62099,55.70605],[37.62857,55.70526],[37.62814,55.69982],[37.62831,55.694],[37.62887,55.69175],[37.61259,55.6891],[37.60812,55.68933],[37.60374,55.69052],[37.60064,55.69221],[37.59612,55.69613],[37.58734,55.70633],[37.58875,55.70712],[37.58214,55.71099]]]}},{"type":"Feature","properties":{"name":"Дорогомилово","key":"дорогомилово","kind":"district","lx":37.55253,"ly":55.74022},"geometry":{"type":"Polygon","coordinates":[[[37.48929,55.73301],[37.49854,55.7346],[37.50587,55.73691],[37.50876,55.73856],[37.5157,55.74454],[37.52242,55.74728],[37.52557,55.74534],[37.52797,55.74461],[37.53649,55.74464],[37.54355,55.74652],[37.55454,55.75144],[37.56018,55.75308],[37.56402,55.7536],[37.5708,55.75273],[37.57303,55.75147],[37.57402,55.75034],[37.57449,55.74886],[37.57445,55.74633],[37.57389,55.74471],[37.56833,55.73855],[37.56575,55.7364],[37.55303,55.72995],[37.54779,55.72807],[37.54287,55.73314],[37.53847,55.73621],[37.53132,55.73513],[37.51849,55.73143],[37.50614,55.72578],[37.49857,55.72285],[37.48929,55.73301]]]}},{"type":"Feature","properties":{"name":"Замоскворечье","key":"замоскворечье","kind":"district","lx":37.63556,"ly":55.73443},"geometry":{"type":"Polygon","coordinates":[[[37.61508,55.72694],[37.61994,55.72731],[37.61961,55.72925],[37.62383,55.72958],[37.62503,55.74248],[37.62457,55.7455],[37.62638,55.74598],[37.62506,55.74908],[37.62676,55.74918],[37.63229,55.74885],[37.63927,55.74658],[37.64487,55.74113],[37.64802,55.73496],[37.65049,55.73128],[37.65421,55.72882],[37.65229,55.72807],[37.64599,55.72946],[37.64491,55.72801],[37.64374,55.7224],[37.64176,55.72221],[37.63642,55.72354],[37.6358,55.72202],[37.63306,55.72256],[37.62789,55.72136],[37.61776,55.72029],[37.61508,55.72694]]]}},{"type":"Feature","properties":{"name":"Западное Дегунино","key":"западноедегунино","kind":"district","lx":37.51138,"ly":55.87805},"geometry":{"type":"Polygon","coordinates":[[[37.4737,55.8853],[37.48232,55.88838],[37.4836,55.89065],[37.48399,55.89065],[37.48485,55.8888],[37.48594,55.8884],[37.49286,55.89098],[37.49387,55.89238],[37.49481,55.89281],[37.49603,55.8926],[37.49757,55.89129],[37.50205,55.88903],[37.50602,55.88609],[37.51167,55.88929],[37.52655,55.87487],[37.53144,55.87163],[37.54852,55.86365],[37.56025,55.85735],[37.56691,55.84951],[37.56058,55.84961],[37.55518,55.84836],[37.54704,55.85352],[37.4737,55.8853]]]}},{"type":"Feature","properties":{"name":"Зюзино","key":"зюзино","kind":"district","lx":37.59401,"ly":55.654},"geometry":{"type":"Polygon","coordinates":[[[37.564,55.64946],[37.58125,55.66603],[37.58679,55.66568],[37.58761,55.66523],[37.58884,55.66568],[37.58989,55.66518],[37.59464,55.66554],[37.59693,55.66623],[37.60138,55.66479],[37.61357,55.66348],[37.60541,55.65653],[37.60567,55.64137],[37.59022,55.6424],[37.57545,55.64679],[37.564,55.64946]]]}},{"type":"Feature","properties":{"name":"Зябликово","key":"зябликово","kind":"district","lx":37.74022,"ly":55.62145},"geometry":{"type":"Polygon","coordinates":[[[37.72735,55.62696],[37.72871,55.62923],[37.72959,55.62952],[37.72966,55.63051],[37.7291,55.63076],[37.73301,55.63117],[37.73379,55.63071],[37.73633,55.6307],[37.73746,55.63127],[37.74033,55.63143],[37.74575,55.6309],[37.75139,55.63096],[37.75289,55.62811],[37.75449,55.6265],[37.75997,55.62322],[37.76944,55.61954],[37.77478,55.61915],[37.7751,55.61816],[37.77273,55.61629],[37.77116,55.61577],[37.76207,55.61406],[37.75916,55.61285],[37.75429,55.61174],[37.74911,55.61109],[37.73579,55.61165],[37.7313,55.6112],[37.72808,55.61793],[37.72769,55.62019],[37.72784,55.6243],[37.72868,55.6246],[37.72876,55.62573],[37.72749,55.62596],[37.72735,55.62696]]]}},{"type":"Feature","properties":{"name":"Ивановское","key":"ивановское","kind":"district","lx":37.82701,"ly":55.77356},"geometry":{"type":"Polygon","coordinates":[[[37.79976,55.76241],[37.80139,55.76639],[37.79993,55.78827],[37.82318,55.78895],[37.8236,55.78921],[37.82354,55.79022],[37.82997,55.78933],[37.83416,55.78765],[37.84203,55.78896],[37.84314,55.77924],[37.84556,55.77821],[37.85,55.77893],[37.85068,55.77857],[37.84576,55.77701],[37.8434,55.77473],[37.84362,55.77256],[37.84593,55.76861],[37.8457,55.76807],[37.8435,55.76691],[37.84268,55.74907],[37.82808,55.74616],[37.82763,55.74695],[37.83071,55.74947],[37.82377,55.75066],[37.82698,55.75767],[37.80323,55.76106],[37.80058,55.76089],[37.79976,55.76241]]]}},{"type":"Feature","properties":{"name":"Измайлово","key":"измайлово","kind":"district","lx":37.76301,"ly":55.78271},"geometry":{"type":"Polygon","coordinates":[[[37.74294,55.78772],[37.7433,55.78998],[37.74604,55.79798],[37.74614,55.80136],[37.75222,55.80224],[37.80512,55.80287],[37.80558,55.79334],[37.79945,55.79324],[37.80133,55.76802],[37.79185,55.76616],[37.77867,55.76611],[37.76917,55.7632],[37.76894,55.76397],[37.76405,55.76218],[37.75474,55.76043],[37.7537,55.75961],[37.75093,55.76452],[37.74857,55.76594],[37.74804,55.77005],[37.74535,55.77005],[37.74391,55.77672],[37.74294,55.78772]]]}},{"type":"Feature","properties":{"name":"Капотня","key":"капотня","kind":"district","lx":37.79952,"ly":55.64367},"geometry":{"type":"Polygon","coordinates":[[[37.78345,55.64855],[37.78796,55.6585],[37.79412,55.65757],[37.83693,55.65712],[37.84139,55.6567],[37.84114,55.65519],[37.8391,55.65547],[37.8349,55.65006],[37.82254,55.64151],[37.82411,55.64059],[37.82351,55.63967],[37.82176,55.63908],[37.82072,55.63943],[37.81812,55.63909],[37.79356,55.62296],[37.78976,55.62575],[37.78503,55.63326],[37.78383,55.64259],[37.78551,55.64511],[37.78534,55.64733],[37.78345,55.64855]]]}},{"type":"Feature","properties":{"name":"Кашира","key":"кашира","kind":"town","lx":38.15172,"ly":54.8341},"geometry":{"type":"MultiPolygon","coordinates":[[[[38.15122,54.84655],[38.1547,54.84559],[38.16002,54.84663],[38.16962,54.84994],[38.17885,54.85531],[38.18112,54.85809],[38.18469,54.85951],[38.19183,54.86088],[38.19732,54.86116],[38.2014,54.85894],[38.20731,54.85857],[38.21151,54.85759],[38.21194,54.85667],[38.21123,54.85486],[38.21114,54.85295],[38.21234,54.85037],[38.21474,54.84886],[38.21954,54.84844],[38.22035,54.84673],[38.21745,54.84041],[38.21631,54.83948],[38.21539,54.83941],[38.21438,54.84012],[38.21284,54.84823],[38.21068,54.85073],[38.20743,54.85134],[38.20272,54.84903],[38.1994,54.84868],[38.19703,54.84709],[38.19599,54.84494],[38.19607,54.84255],[38.1977,54.83964],[38.19722,54.8386],[38.194,54.83743],[38.18778,54.83648],[38.18534,54.83932],[38.18316,54.84052],[38.17988,54.84074],[38.1756,54.84015],[38.17364,54.8388],[38.17251,54.83671],[38.1724,54.8348],[38.17328,54.83141],[38.16909,54.82612],[38.16541,54.8261],[38.16344,54.82553],[38.15982,54.82594],[38.15705,54.82483],[38.1548,54.82269],[38.15363,54.82022],[38.15224,54.81898],[38.15127,54.81729],[38.15102,54.81535],[38.15207,54.81044],[38.15347,54.80846],[38.15828,54.8047],[38.1613,54.80439],[38.16446,54.80583],[38.16651,54.8055],[38.1675,54.80355],[38.16772,54.80052],[38.16752,54.79629],[38.16454,54.79607],[38.16271,54.7954],[38.16127,54.79408],[38.16031,54.79214],[38.15938,54.79178],[38.1574,54.79227],[38.15656,54.79602],[38.15448,54.79801],[38.14924,54.79886],[38.14676,54.80006],[38.14189,54.80038],[38.14054,54.80141],[38.14084,54.80302],[38.14649,54.80617],[38.14799,54.80798],[38.1485,54.81028],[38.14807,54.81288],[38.14971,54.81565],[38.14972,54.81864],[38.14747,54.82342],[38.14399,54.82586],[38.14129,54.82949],[38.13783,54.83264],[38.13577,54.83381],[38.13259,54.83387],[38.13161,54.83488],[38.13206,54.83588],[38.14317,54.84225],[38.14907,54.84452],[38.15122,54.84655]]],[[[38.10857,54.88367],[38.11059,54.884],[38.11677,54.88289],[38.12259,54.87991],[38.13435,54.88052],[38.14176,54.88188],[38.14375,54.88329],[38.1453,54.88607],[38.14962,54.88698],[38.15381,54.88213],[38.1556,54.8814],[38.15802,54.88135],[38.15996,54.87996],[38.16082,54.87667],[38.15885,54.87421],[38.15831,54.8722],[38.15687,54.86994],[38.15644,54.86763],[38.15742,54.86484],[38.16042,54.86277],[38.16062,54.86166],[38.15726,54.85868],[38.15419,54.85792],[38.15255,54.85702],[38.14955,54.85324],[38.14674,54.85416],[38.14466,54.85646],[38.14198,54.85752],[38.1398,54.85924],[38.13477,54.86086],[38.13,54.86347],[38.12625,54.86463],[38.12382,54.86674],[38.12217,54.86756],[38.11908,54.86753],[38.11628,54.86544],[38.1138,54.86447],[38.11122,54.8652],[38.11074,54.8665],[38.11405,54.86948],[38.11482,54.87274],[38.11424,54.87459],[38.113,54.87608],[38.10534,54.88046],[38.10553,54.8817],[38.10857,54.88367]]],[[[38.09224,54.80845],[38.0931,54.80976],[38.09634,54.80974],[38.09883,54.8112],[38.1002,54.81373],[38.10333,54.81612],[38.10448,54.81758],[38.10506,54.81949],[38.10484,54.82194],[38.10545,54.82264],[38.10719,54.82299],[38.10896,54.82237],[38.11738,54.82122],[38.11967,54.82213],[38.12165,54.82441],[38.12591,54.82558],[38.12841,54.8245],[38.12925,54.82327],[38.12887,54.82208],[38.124,54.82075],[38.12164,54.81835],[38.12114,54.81517],[38.11954,54.8124],[38.11948,54.81044],[38.12046,54.80819],[38.1231,54.80621],[38.1246,54.80373],[38.12475,54.80202],[38.12301,54.79956],[38.12048,54.79755],[38.11913,54.79522],[38.11587,54.79307],[38.11491,54.7932],[38.11127,54.79549],[38.11024,54.79965],[38.10719,54.80246],[38.10414,54.80348],[38.09358,54.80555],[38.09217,54.80729],[38.09224,54.80845]]]]}},{"type":"Feature","properties":{"name":"Коммунарка","key":"коммунарка","kind":"district","lx":37.4497,"ly":55.5784},"geometry":{"type":"Polygon","coordinates":[[[37.36827,55.56716],[37.37187,55.5693],[37.37262,55.57021],[37.37226,55.57057],[37.37333,55.57226],[37.37335,55.57364],[37.37466,55.57534],[37.37432,55.57651],[37.38018,55.57822],[37.39287,55.58488],[37.39703,55.58607],[37.39996,55.58853],[37.40087,55.58952],[37.40154,55.59865],[37.40691,55.60157],[37.39495,55.60777],[37.38928,55.60961],[37.38057,55.61141],[37.37625,55.61379],[37.3747,55.614],[37.37423,55.6147],[37.44174,55.63218],[37.44857,55.63424],[37.45543,55.63722],[37.456,55.63688],[37.45796,55.63739],[37.46078,55.63706],[37.46448,55.6337],[37.46597,55.63314],[37.46749,55.63136],[37.4889,55.61328],[37.48912,55.61072],[37.48784,55.60839],[37.48879,55.60816],[37.48985,55.60961],[37.49118,55.6101],[37.49275,55.60877],[37.4941,55.60857],[37.50655,55.59825],[37.51188,55.5956],[37.52629,55.59162],[37.52741,55.59036],[37.52724,55.58966],[37.52908,55.58953],[37.53042,55.5907],[37.54727,55.58666],[37.54541,55.58494],[37.54625,55.58411],[37.54917,55.58295],[37.54952,55.58227],[37.54899,55.58246],[37.54964,55.58142],[37.55118,55.58032],[37.54574,55.57836],[37.5419,55.57855],[37.54091,55.57884],[37.54102,55.57923],[37.53865,55.57956],[37.53685,55.57729],[37.5393,55.57672],[37.53872,55.57592],[37.53995,55.57604],[37.53954,55.57326],[37.53688,55.5731],[37.53724,55.57239],[37.53891,55.57221],[37.54069,55.57113],[37.54612,55.56994],[37.5475,55.5704],[37.54888,55.56994],[37.54789,55.56892],[37.55349,55.56762],[37.55316,55.56406],[37.55059,55.5636],[37.55035,55.56293],[37.55201,55.56185],[37.5548,55.56148],[37.55215,55.55487],[37.54947,55.55413],[37.54882,55.55263],[37.54488,55.55202],[37.52919,55.55525],[37.5145,55.5485],[37.51111,55.54499],[37.50777,55.54295],[37.49345,55.53965],[37.48877,55.53963],[37.48748,55.54009],[37.47552,55.5373],[37.47571,55.53539],[37.47019,55.53405],[37.47122,55.52934],[37.47064,55.52857],[37.4695,55.52886],[37.46628,55.52751],[37.46678,55.52711],[37.46643,55.52319],[37.46584,55.52309],[37.46573,55.5226],[37.46298,55.52212],[37.46217,55.52068],[37.46101,55.5207],[37.45699,55.51795],[37.451,55.51565],[37.45096,55.51476],[37.44958,55.51251],[37.44746,55.5113],[37.44974,55.5101],[37.44945,55.50962],[37.44287,55.50829],[37.44309,55.50697],[37.44936,55.505],[37.45031,55.50537],[37.45614,55.50188],[37.45568,55.50134],[37.45626,55.50103],[37.45396,55.49893],[37.44919,55.50002],[37.45088,55.49919],[37.44889,55.49792],[37.44702,55.49944],[37.44369,55.50012],[37.44118,55.50136],[37.44086,55.50199],[37.43911,55.50212],[37.43758,55.50056],[37.43484,55.50106],[37.43255,55.50238],[37.43297,55.50321],[37.43209,55.50404],[37.43282,55.50568],[37.42923,55.5057],[37.42887,55.50428],[37.42431,55.50415],[37.42415,55.50465],[37.42153,55.50479],[37.42048,55.50642],[37.41782,55.5067],[37.41561,55.50589],[37.41515,55.5048],[37.41671,55.50238],[37.41822,55.50178],[37.41781,55.50113],[37.41365,55.50194],[37.40823,55.50058],[37.40491,55.50166],[37.40908,55.50479],[37.40985,55.50846],[37.40647,55.50975],[37.40546,55.50902],[37.40438,55.50964],[37.40531,55.51006],[37.40774,55.51389],[37.409,55.51391],[37.40887,55.51274],[37.41365,55.51165],[37.41367,55.51122],[37.41666,55.51139],[37.41686,55.51241],[37.41351,55.5124],[37.4126,55.51293],[37.4113,55.51595],[37.40673,55.51594],[37.40558,55.51645],[37.40505,55.51683],[37.40531,55.51725],[37.40733,55.51882],[37.40411,55.52108],[37.40119,55.52113],[37.39967,55.5207],[37.39881,55.51977],[37.39739,55.52014],[37.39684,55.52058],[37.39655,55.52229],[37.3965,55.52658],[37.39429,55.52657],[37.38975,55.52849],[37.39004,55.53136],[37.39214,55.53513],[37.39483,55.53724],[37.41224,55.54448],[37.40716,55.54841],[37.40803,55.54957],[37.39221,55.55364],[37.39406,55.55566],[37.38888,55.55713],[37.3885,55.55755],[37.38904,55.55883],[37.38727,55.55894],[37.38451,55.5603],[37.37877,55.56172],[37.3785,55.56117],[37.37647,55.56148],[37.36827,55.56716]]]}},{"type":"Feature","properties":{"name":"Коньково","key":"коньково","kind":"district","lx":37.53151,"ly":55.64277},"geometry":{"type":"Polygon","coordinates":[[[37.49851,55.64219],[37.50883,55.64997],[37.51325,55.64809],[37.52189,55.65464],[37.52007,55.65518],[37.52101,55.65585],[37.52278,55.6553],[37.52534,55.65731],[37.53841,55.65588],[37.54823,55.65208],[37.564,55.64946],[37.56093,55.64552],[37.55889,55.64406],[37.54949,55.64095],[37.54533,55.63875],[37.54038,55.63149],[37.54005,55.63024],[37.54056,55.62864],[37.53743,55.62781],[37.53617,55.62684],[37.53235,55.6258],[37.53127,55.62594],[37.53106,55.62548],[37.52443,55.62363],[37.51265,55.62578],[37.5171,55.62963],[37.52049,55.6343],[37.51547,55.63558],[37.49851,55.64219]]]}},{"type":"Feature","properties":{"name":"Коптево","key":"коптево","kind":"district","lx":37.5229,"ly":55.83208},"geometry":{"type":"Polygon","coordinates":[[[37.50484,55.83717],[37.51472,55.83795],[37.51751,55.8408],[37.5187,55.84127],[37.5208,55.84122],[37.52233,55.84172],[37.52307,55.84098],[37.55055,55.84689],[37.55518,55.84836],[37.56054,55.84484],[37.53895,55.83665],[37.5342,55.83396],[37.53178,55.83139],[37.53245,55.82962],[37.53283,55.82547],[37.53198,55.82185],[37.53527,55.81973],[37.53795,55.81704],[37.54111,55.81208],[37.54078,55.8119],[37.53648,55.81426],[37.53259,55.81542],[37.5195,55.81517],[37.51945,55.81585],[37.52162,55.8176],[37.51788,55.81863],[37.51944,55.8213],[37.51435,55.82745],[37.51483,55.82783],[37.50778,55.83209],[37.50877,55.83314],[37.50692,55.83558],[37.50484,55.83717]]]}},{"type":"Feature","properties":{"name":"Косино-Ухтомский","key":"косиноухтомский","kind":"district","lx":37.86022,"ly":55.71628},"geometry":{"type":"Polygon","coordinates":[[[37.83602,55.70978],[37.83861,55.71552],[37.84042,55.73049],[37.84342,55.73103],[37.8613,55.73052],[37.86219,55.73256],[37.86954,55.73239],[37.87341,55.72965],[37.87217,55.72771],[37.87027,55.72659],[37.87245,55.72338],[37.87611,55.72339],[37.877,55.72162],[37.87653,55.72047],[37.88249,55.719],[37.88612,55.71959],[37.88692,55.72026],[37.88713,55.72165],[37.88416,55.7234],[37.88548,55.72419],[37.88985,55.7237],[37.89063,55.72231],[37.89231,55.72319],[37.89932,55.72362],[37.89933,55.72403],[37.90182,55.72442],[37.9029,55.72532],[37.90505,55.7251],[37.90565,55.72491],[37.90554,55.72452],[37.90779,55.72451],[37.90765,55.7248],[37.91505,55.72698],[37.91693,55.72836],[37.91804,55.73062],[37.92359,55.73123],[37.92748,55.73023],[37.92852,55.72935],[37.93087,55.72975],[37.93429,55.72788],[37.93761,55.72689],[37.94227,55.72299],[37.94261,55.72205],[37.94565,55.72084],[37.93659,55.71624],[37.92807,55.71616],[37.92625,55.71515],[37.92611,55.71219],[37.92192,55.70796],[37.90544,55.70699],[37.88697,55.70522],[37.88057,55.70115],[37.88114,55.70086],[37.87947,55.70027],[37.87153,55.6953],[37.86005,55.70114],[37.85878,55.701],[37.85344,55.70379],[37.83602,55.70978]]]}},{"type":"Feature","properties":{"name":"Котловка","key":"котловка","kind":"district","lx":37.59663,"ly":55.67581},"geometry":{"type":"Polygon","coordinates":[[[37.57799,55.67275],[37.58031,55.67486],[37.57951,55.67686],[37.58606,55.67913],[37.5977,55.68985],[37.60154,55.69155],[37.60379,55.69063],[37.60351,55.69035],[37.6051,55.68915],[37.60495,55.68605],[37.606,55.68475],[37.60902,55.68387],[37.6137,55.68448],[37.61397,55.68317],[37.61458,55.68269],[37.61469,55.68056],[37.61171,55.67861],[37.61129,55.67722],[37.60896,55.6763],[37.60859,55.67534],[37.60738,55.67467],[37.60662,55.67287],[37.60563,55.6723],[37.60669,55.67117],[37.60579,55.67056],[37.60591,55.66907],[37.61165,55.66608],[37.61069,55.66497],[37.60883,55.66515],[37.60765,55.66408],[37.60138,55.66479],[37.59693,55.66623],[37.59464,55.66554],[37.58989,55.66518],[37.58884,55.66568],[37.58761,55.66523],[37.58571,55.66581],[37.58168,55.66574],[37.58125,55.66603],[37.58563,55.6701],[37.57799,55.67275]]]}},{"type":"Feature","properties":{"name":"Краснопахорский","key":"краснопахорский","kind":"district","lx":37.21451,"ly":55.43891},"geometry":{"type":"Polygon","coordinates":[[[37.05274,55.39473],[37.05439,55.39677],[37.05331,55.39865],[37.05633,55.39906],[37.06121,55.39865],[37.06432,55.39897],[37.0761,55.40696],[37.0739,55.4118],[37.07381,55.41248],[37.07502,55.41349],[37.0733,55.41566],[37.07268,55.41809],[37.07318,55.42034],[37.07724,55.42592],[37.08122,55.42567],[37.08287,55.42492],[37.08605,55.42599],[37.09043,55.43031],[37.09427,55.4316],[37.09679,55.43148],[37.09799,55.43243],[37.09941,55.43274],[37.10025,55.43358],[37.10019,55.43477],[37.09939,55.43566],[37.09972,55.43711],[37.10542,55.4382],[37.1085,55.43951],[37.11139,55.4398],[37.11701,55.43806],[37.11952,55.4392],[37.11821,55.43988],[37.12441,55.44195],[37.13056,55.44157],[37.13399,55.44316],[37.13574,55.43816],[37.13711,55.4396],[37.13583,55.44064],[37.1414,55.44265],[37.14833,55.43812],[37.15009,55.43896],[37.14034,55.44374],[37.09541,55.46312],[37.09228,55.46492],[37.09336,55.4704],[37.11267,55.4689],[37.11263,55.46984],[37.13919,55.47334],[37.13899,55.47509],[37.13606,55.4821],[37.14206,55.4824],[37.14297,55.48097],[37.14706,55.48175],[37.14856,55.47979],[37.1525,55.48056],[37.18403,55.48347],[37.19567,55.48847],[37.20153,55.49295],[37.24504,55.4974],[37.24708,55.49666],[37.24693,55.49495],[37.24905,55.49356],[37.25207,55.49301],[37.25209,55.49265],[37.25065,55.49233],[37.25296,55.48893],[37.25309,55.48668],[37.2552,55.48615],[37.25541,55.48482],[37.2584,55.48485],[37.2584,55.48313],[37.25477,55.48308],[37.25476,55.48164],[37.25774,55.48164],[37.26102,55.48045],[37.25973,55.47812],[37.25979,55.47518],[37.26442,55.46261],[37.26555,55.46182],[37.26716,55.46182],[37.26839,55.46123],[37.2673,55.46043],[37.26643,55.46043],[37.26406,55.45811],[37.2689,55.45531],[37.26916,55.45233],[37.26848,55.45014],[37.26911,55.44891],[37.26875,55.44545],[37.27005,55.44296],[37.27583,55.44279],[37.2788,55.44319],[37.28866,55.442],[37.28878,55.44386],[37.29086,55.45099],[37.29346,55.45556],[37.29421,55.45554],[37.30205,55.45087],[37.30512,55.4508],[37.30707,55.45186],[37.31179,55.45286],[37.31181,55.45669],[37.31786,55.45699],[37.32562,55.4558],[37.32742,55.4562],[37.32816,55.45523],[37.33625,55.45315],[37.3516,55.45197],[37.37138,55.44786],[37.3736,55.4454],[37.37668,55.44544],[37.37689,55.44594],[37.37861,55.44634],[37.38771,55.44637],[37.39016,55.44412],[37.38939,55.44214],[37.39077,55.44194],[37.39482,55.44244],[37.39581,55.44323],[37.39656,55.44321],[37.39803,55.44511],[37.39899,55.44545],[37.40003,55.44439],[37.39553,55.44037],[37.39588,55.44026],[37.39148,55.43775],[37.38967,55.43783],[37.38786,55.43865],[37.38652,55.43844],[37.38668,55.43443],[37.42652,55.43239],[37.42576,55.42736],[37.42498,55.4266],[37.43029,55.42901],[37.43354,55.42679],[37.43223,55.42636],[37.43095,55.42673],[37.42892,55.42639],[37.42698,55.42536],[37.42859,55.42406],[37.43246,55.42329],[37.43357,55.42179],[37.43324,55.41917],[37.4349,55.41911],[37.4354,55.42076],[37.43884,55.4203],[37.43928,55.41859],[37.4361,55.41526],[37.43641,55.41503],[37.43602,55.41459],[37.43693,55.41388],[37.44006,55.41421],[37.44122,55.41367],[37.44256,55.41413],[37.44354,55.41318],[37.44805,55.41444],[37.44806,55.41509],[37.45032,55.41566],[37.45049,55.4148],[37.45238,55.41331],[37.45613,55.41229],[37.45827,55.41241],[37.45998,55.41331],[37.46729,55.41257],[37.46769,55.41204],[37.46726,55.41094],[37.46559,55.40902],[37.46601,55.40837],[37.46896,55.40678],[37.46206,55.40487],[37.46338,55.40265],[37.46095,55.40157],[37.46131,55.39941],[37.46752,55.3997],[37.46852,55.39904],[37.4639,55.39865],[37.46399,55.39802],[37.46805,55.3924],[37.47054,55.39003],[37.46393,55.38823],[37.46705,55.38469],[37.46927,55.37982],[37.46449,55.37664],[37.4675,55.37129],[37.46547,55.36919],[37.46218,55.36768],[37.46096,55.36973],[37.45891,55.37132],[37.45833,55.37285],[37.45681,55.37398],[37.45712,55.37462],[37.45599,55.3753],[37.45594,55.37727],[37.45426,55.37929],[37.45432,55.37994],[37.4537,55.38033],[37.45257,55.38017],[37.449,55.3816],[37.44711,55.38117],[37.44549,55.3774],[37.44513,55.37505],[37.44088,55.37407],[37.43823,55.37455],[37.4353,55.37279],[37.4342,55.37003],[37.42933,55.3688],[37.43141,55.36715],[37.42995,55.3651],[37.4301,55.3647],[37.42757,55.36465],[37.44309,55.35292],[37.44031,55.35269],[37.44103,55.35195],[37.41993,55.35132],[37.41966,55.35062],[37.42092,55.34946],[37.42232,55.34637],[37.42286,55.34321],[37.41958,55.34204],[37.41729,55.34189],[37.41485,55.34101],[37.41425,55.34129],[37.41355,55.34081],[37.41379,55.34037],[37.41087,55.3392],[37.41003,55.3393],[37.41021,55.33887],[37.40584,55.33646],[37.40511,55.33653],[37.40585,55.33501],[37.40791,55.33382],[37.41073,55.33257],[37.41429,55.33184],[37.41533,55.33059],[37.42084,55.32892],[37.42291,55.32393],[37.42475,55.32249],[37.4241,55.32153],[37.42469,55.32063],[37.42491,55.31722],[37.42782,55.31473],[37.42389,55.31639],[37.41703,55.31713],[37.41421,55.31905],[37.40837,55.32053],[37.41021,55.3222],[37.40016,55.32583],[37.39227,55.32758],[37.38819,55.32704],[37.38785,55.32753],[37.38861,55.32829],[37.3889,55.32955],[37.38797,55.33148],[37.38819,55.3327],[37.38988,55.33332],[37.39412,55.33183],[37.39543,55.33188],[37.397,55.33276],[37.39673,55.33525],[37.395,55.33644],[37.39477,55.33761],[37.39377,55.33856],[37.3938,55.33931],[37.39658,55.34087],[37.39691,55.34204],[37.396,55.34301],[37.39325,55.34306],[37.39028,55.34531],[37.38533,55.34606],[37.3847,55.34659],[37.38463,55.34739],[37.38549,55.34858],[37.38856,55.35051],[37.38668,55.35121],[37.38099,55.35172],[37.37796,55.35082],[37.37592,55.35096],[37.35405,55.35808],[37.34982,55.35649],[37.3467,55.35753],[37.34536,55.35738],[37.34242,55.35603],[37.34213,55.35675],[37.34087,55.35756],[37.33971,55.35771],[37.33813,55.35621],[37.33757,55.35468],[37.33538,55.35323],[37.33514,55.35261],[37.33242,55.35226],[37.32901,55.35444],[37.32645,55.35409],[37.3253,55.35595],[37.32538,55.35662],[37.32424,55.35737],[37.32248,55.35711],[37.31961,55.35849],[37.3169,55.35837],[37.28643,55.36894],[37.22584,55.38442],[37.22408,55.38529],[37.22465,55.38612],[37.22359,55.38655],[37.21897,55.38466],[37.21663,55.38422],[37.21302,55.38237],[37.20724,55.38254],[37.20525,55.38304],[37.19999,55.38114],[37.19447,55.3779],[37.18552,55.3698],[37.18539,55.36787],[37.17639,55.3678],[37.174,55.36701],[37.17289,55.36743],[37.17259,55.36851],[37.17063,55.36865],[37.16819,55.36961],[37.16513,55.36976],[37.16119,55.36911],[37.16119,55.36688],[37.16203,55.36587],[37.16151,55.36537],[37.1569,55.36483],[37.15562,55.36543],[37.15495,55.36432],[37.15391,55.36421],[37.14472,55.36832],[37.1439,55.36838],[37.1426,55.36746],[37.12105,55.371],[37.12098,55.36885],[37.11999,55.3691],[37.11663,55.37103],[37.1167,55.37235],[37.11223,55.37358],[37.10371,55.37755],[37.10664,55.38012],[37.10425,55.38119],[37.10406,55.38202],[37.10106,55.38335],[37.09457,55.38338],[37.09336,55.38302],[37.09164,55.38357],[37.08676,55.38746],[37.07624,55.39202],[37.07224,55.38937],[37.07194,55.39076],[37.07272,55.39234],[37.07213,55.39285],[37.07023,55.39308],[37.06876,55.39087],[37.06699,55.3913],[37.0638,55.38927],[37.06162,55.38865],[37.06107,55.38723],[37.0591,55.38724],[37.05856,55.38879],[37.0593,55.39008],[37.05881,55.39195],[37.05678,55.39254],[37.05646,55.39389],[37.05274,55.39473]]]}},{"type":"Feature","properties":{"name":"Красносельский","key":"красносельский","kind":"district","lx":37.65433,"ly":55.77901},"geometry":{"type":"Polygon","coordinates":[[[37.62835,55.75986],[37.63005,55.76083],[37.62952,55.76108],[37.63061,55.76341],[37.62991,55.76287],[37.62868,55.76311],[37.63148,55.76653],[37.63258,55.77265],[37.63727,55.77206],[37.63939,55.77713],[37.64001,55.77716],[37.64129,55.77971],[37.64484,55.77984],[37.64173,55.78813],[37.64166,55.78846],[37.64222,55.78843],[37.64208,55.79016],[37.64025,55.79245],[37.64296,55.79301],[37.64606,55.79094],[37.65182,55.7891],[37.68827,55.7819],[37.68472,55.7816],[37.68484,55.78081],[37.6801,55.77712],[37.67589,55.77839],[37.66799,55.77453],[37.66443,55.77331],[37.663,55.76973],[37.65447,55.76958],[37.64816,55.76856],[37.64469,55.76847],[37.63729,55.76513],[37.63472,55.76256],[37.63121,55.76026],[37.62835,55.75986]]]}},{"type":"Feature","properties":{"name":"Крылатское","key":"крылатское","kind":"district","lx":37.42104,"ly":55.76088},"geometry":{"type":"Polygon","coordinates":[[[37.36539,55.77181],[37.36787,55.77212],[37.36874,55.7725],[37.36889,55.77304],[37.37026,55.77303],[37.37026,55.77136],[37.37086,55.77101],[37.37884,55.77168],[37.37975,55.77235],[37.3834,55.77218],[37.38674,55.77093],[37.39826,55.77118],[37.40183,55.7718],[37.40858,55.77576],[37.43412,55.7742],[37.44827,55.77733],[37.45064,55.77687],[37.45527,55.77418],[37.46399,55.76577],[37.46466,55.7633],[37.46343,55.76019],[37.45961,55.75715],[37.45544,55.75478],[37.43922,55.75053],[37.43692,55.74926],[37.43304,55.75006],[37.43099,55.74996],[37.42834,55.74879],[37.42208,55.74483],[37.36539,55.77181]]]}},{"type":"Feature","properties":{"name":"Крюково","key":"крюково","kind":"district","lx":37.16147,"ly":55.97423},"geometry":{"type":"Polygon","coordinates":[[[37.14409,55.98988],[37.1456,55.99012],[37.14693,55.99102],[37.14958,55.99117],[37.14966,55.99157],[37.14882,55.99212],[37.15069,55.99313],[37.15274,55.99306],[37.15271,55.99424],[37.15137,55.99621],[37.14993,55.99657],[37.15025,55.99753],[37.1492,55.99834],[37.15064,55.99923],[37.16772,55.98447],[37.17208,55.98121],[37.17634,55.97881],[37.18694,55.97466],[37.20832,55.96977],[37.20767,55.96872],[37.20892,55.96868],[37.20912,55.96819],[37.21157,55.96715],[37.20928,55.96442],[37.20565,55.96284],[37.20688,55.96144],[37.20933,55.96017],[37.21018,55.95737],[37.21259,55.95584],[37.21383,55.9566],[37.21534,55.95632],[37.21725,55.95791],[37.21939,55.95712],[37.21856,55.95521],[37.22079,55.95403],[37.21928,55.95307],[37.21845,55.95147],[37.21991,55.95023],[37.21771,55.94803],[37.21651,55.94872],[37.21448,55.9488],[37.21354,55.94829],[37.21199,55.9488],[37.21226,55.94849],[37.2111,55.94807],[37.20844,55.94841],[37.20871,55.94876],[37.2081,55.94916],[37.20528,55.94825],[37.20351,55.94835],[37.20213,55.94869],[37.20153,55.94941],[37.20292,55.95177],[37.20285,55.95322],[37.19591,55.95472],[37.19523,55.95377],[37.19386,55.9545],[37.19433,55.95504],[37.18882,55.95611],[37.18753,55.95545],[37.1864,55.95309],[37.18322,55.95426],[37.18424,55.95507],[37.18333,55.95563],[37.18441,55.95736],[37.18251,55.95873],[37.17853,55.95836],[37.17761,55.95871],[37.17536,55.95753],[37.17365,55.95766],[37.17245,55.9581],[37.1738,55.95935],[37.17329,55.96002],[37.1698,55.96085],[37.16864,55.9607],[37.16894,55.95992],[37.16811,55.95946],[37.16905,55.95932],[37.16909,55.95883],[37.16764,55.95906],[37.16718,55.95893],[37.1673,55.95852],[37.16591,55.95852],[37.16603,55.95907],[37.16404,55.95897],[37.16404,55.95949],[37.16306,55.95902],[37.16237,55.95955],[37.16276,55.96012],[37.16191,55.96002],[37.16168,55.96149],[37.16101,55.96186],[37.16033,55.96149],[37.15942,55.96249],[37.159,55.96235],[37.1594,55.9619],[37.15685,55.96256],[37.1565,55.96198],[37.15446,55.96191],[37.15418,55.96243],[37.15162,55.96179],[37.15072,55.96253],[37.14962,55.96229],[37.14923,55.96304],[37.14661,55.96372],[37.1483,55.9656],[37.1456,55.96604],[37.14585,55.96807],[37.14638,55.96997],[37.14877,55.97027],[37.14873,55.97699],[37.14409,55.98988]]]}},{"type":"Feature","properties":{"name":"Кузьминки","key":"кузьминки","kind":"district","lx":37.76956,"ly":55.70159},"geometry":{"type":"Polygon","coordinates":[[[37.74523,55.70793],[37.74782,55.70779],[37.7476,55.70993],[37.7744,55.71684],[37.78067,55.70924],[37.79454,55.70737],[37.78951,55.69067],[37.78726,55.69048],[37.78724,55.68912],[37.78767,55.68861],[37.79112,55.68711],[37.79858,55.68898],[37.80309,55.6885],[37.8057,55.68759],[37.80253,55.68049],[37.79833,55.68019],[37.7925,55.68312],[37.78888,55.6813],[37.78503,55.68341],[37.76704,55.68725],[37.76469,55.68787],[37.76417,55.68844],[37.76263,55.68813],[37.76119,55.68874],[37.76072,55.68974],[37.76112,55.69059],[37.76085,55.69103],[37.75912,55.69021],[37.75569,55.69076],[37.75596,55.69166],[37.74523,55.70793]]]}},{"type":"Feature","properties":{"name":"Кунцево","key":"кунцево","kind":"district","lx":37.02525,"ly":55.72216},"geometry":{"type":"MultiPolygon","coordinates":[[[[37.36526,55.77173],[37.38186,55.76422],[37.42208,55.74483],[37.42659,55.74773],[37.43144,55.74578],[37.43086,55.74532],[37.432,55.74456],[37.4332,55.74264],[37.43949,55.73971],[37.43966,55.7384],[37.43795,55.73726],[37.4442,55.73358],[37.44545,55.73194],[37.44761,55.72691],[37.41287,55.72707],[37.39085,55.72992],[37.38191,55.7287],[37.3772,55.72908],[37.37574,55.73189],[37.3748,55.73187],[37.37398,55.73251],[37.37452,55.73432],[37.36895,55.74598],[37.36831,55.75013],[37.36849,55.76256],[37.36787,55.76304],[37.36791,55.76414],[37.36561,55.76441],[37.36861,55.76694],[37.36864,55.76869],[37.36653,55.77001],[37.36676,55.7709],[37.36526,55.77173]]],[[[37.37175,55.80924],[37.37386,55.81259],[37.37643,55.81209],[37.37745,55.81269],[37.3802,55.81132],[37.37967,55.81069],[37.38108,55.81065],[37.38073,55.80966],[37.38505,55.80931],[37.37935,55.80917],[37.3779,55.80769],[37.37787,55.80699],[37.37912,55.80654],[37.37857,55.80568],[37.37617,55.80573],[37.37542,55.80477],[37.37606,55.8046],[37.37528,55.80452],[37.37356,55.80299],[37.37209,55.80339],[37.37295,55.80877],[37.37175,55.80924]]],[[[37.30792,55.79723],[37.31431,55.79813],[37.31477,55.79926],[37.32179,55.80075],[37.33449,55.79961],[37.335,55.8011],[37.3361,55.80207],[37.34278,55.80511],[37.34785,55.80665],[37.34945,55.80648],[37.35825,55.80334],[37.35949,55.80125],[37.35754,55.80001],[37.35389,55.79886],[37.35209,55.79715],[37.34868,55.79642],[37.35782,55.79257],[37.36801,55.78992],[37.37051,55.78803],[37.35949,55.78397],[37.36051,55.7831],[37.35223,55.77803],[37.35244,55.77376],[37.35063,55.77288],[37.34847,55.77017],[37.34707,55.76955],[37.34451,55.76976],[37.3445,55.7686],[37.33986,55.76902],[37.33834,55.76928],[37.34033,55.7704],[37.33828,55.77129],[37.3323,55.77193],[37.33196,55.77138],[37.33225,55.76798],[37.32872,55.76729],[37.3207,55.76682],[37.31894,55.76951],[37.31276,55.76908],[37.30849,55.77059],[37.30981,55.77197],[37.31085,55.77544],[37.3153,55.7746],[37.32241,55.77694],[37.32297,55.77673],[37.32402,55.77753],[37.32347,55.77771],[37.32434,55.7786],[37.32704,55.77953],[37.32831,55.78111],[37.31283,55.78638],[37.31315,55.77975],[37.31184,55.78017],[37.31155,55.78415],[37.31061,55.78446],[37.31288,55.78779],[37.3154,55.7884],[37.31282,55.79081],[37.31006,55.79209],[37.31153,55.79259],[37.31645,55.79278],[37.31439,55.79369],[37.31707,55.79504],[37.32315,55.79703],[37.32461,55.7967],[37.32453,55.79629],[37.32497,55.7966],[37.32095,55.79785],[37.31915,55.79727],[37.31939,55.79664],[37.31674,55.79579],[37.31629,55.79638],[37.3152,55.79616],[37.31527,55.79689],[37.31266,55.79569],[37.31188,55.79686],[37.31144,55.79679],[37.31168,55.79639],[37.30934,55.79597],[37.30911,55.79713],[37.30792,55.79723]]],[[[37.2905,55.80199],[37.29777,55.80335],[37.30356,55.80356],[37.30292,55.80248],[37.30235,55.79863],[37.29317,55.7964],[37.29326,55.79806],[37.2905,55.80199]]],[[[36.88808,55.73444],[36.88854,55.73486],[36.88934,55.73403],[36.89004,55.73436],[36.89049,55.7336],[36.89362,55.73388],[36.89831,55.73329],[36.89973,55.73376],[36.89993,55.73514],[36.90055,55.73516],[36.89922,55.74104],[36.89687,55.74217],[36.8972,55.74245],[36.89858,55.74181],[36.89975,55.74537],[36.90287,55.74491],[36.90476,55.74539],[36.90605,55.74696],[36.90779,55.74732],[36.90808,55.74875],[36.91598,55.74667],[36.92102,55.74658],[36.9285,55.75117],[36.93292,55.75264],[36.93322,55.75441],[36.96806,55.76004],[36.97181,55.75794],[36.97066,55.75575],[36.95936,55.75528],[36.95816,55.75748],[36.95757,55.75732],[36.95711,55.75825],[36.95767,55.75568],[36.95637,55.75397],[36.95819,55.7512],[36.96061,55.75065],[36.95901,55.74988],[36.96127,55.74947],[36.96441,55.74768],[36.96696,55.74746],[36.96828,55.74879],[36.96813,55.74955],[36.97039,55.74954],[36.97201,55.75392],[36.97229,55.7534],[36.97183,55.75219],[36.97818,55.75118],[36.97766,55.75158],[36.98016,55.75421],[36.98079,55.75591],[36.97494,55.75721],[36.97574,55.75838],[36.97875,55.76049],[36.98364,55.75868],[36.98407,55.7581],[36.98271,55.75764],[36.98696,55.75466],[36.98671,55.75288],[36.98731,55.75179],[36.98454,55.75026],[36.98885,55.74861],[36.98955,55.74871],[36.99,55.7494],[36.99112,55.74843],[36.98501,55.74548],[36.98618,55.74451],[36.98827,55.74493],[36.99205,55.74471],[36.99335,55.74695],[36.99516,55.74769],[36.99265,55.74907],[36.99179,55.74869],[36.99157,55.74883],[36.99261,55.74917],[36.99501,55.7483],[36.99599,55.74735],[37.00458,55.74857],[37.00603,55.7496],[37.00816,55.74773],[37.00301,55.74542],[37.00151,55.7454],[37.00095,55.74499],[37.00077,55.74438],[37.00123,55.74418],[37.00066,55.74367],[36.9994,55.74361],[37.00011,55.74297],[36.99949,55.74315],[36.99928,55.74227],[37.00167,55.74164],[37.00664,55.74539],[37.01018,55.74639],[37.01245,55.74665],[37.01633,55.74626],[37.02023,55.745],[37.02047,55.74542],[37.02384,55.74293],[37.02427,55.74088],[37.02292,55.73653],[37.02197,55.73491],[37.02912,55.73396],[37.02484,55.73379],[37.0233,55.73311],[37.02402,55.73226],[37.02725,55.73352],[37.02976,55.73221],[37.03328,55.73189],[37.03593,55.73218],[37.03891,55.73163],[37.04145,55.73035],[37.04338,55.72853],[37.04677,55.72682],[37.04776,55.72352],[37.04739,55.72185],[37.04476,55.7208],[37.04266,55.72103],[37.04275,55.72021],[37.04219,55.71944],[37.04098,55.71929],[37.05254,55.71835],[37.05426,55.72036],[37.04883,55.72139],[37.04898,55.72198],[37.05204,55.72232],[37.05481,55.7237],[37.06459,55.72319],[37.06538,55.72237],[37.06828,55.72313],[37.06916,55.72347],[37.0693,55.72599],[37.07024,55.72902],[37.07378,55.73014],[37.08099,55.72808],[37.0852,55.72802],[37.08847,55.72737],[37.08883,55.72792],[37.09504,55.72823],[37.09698,55.72614],[37.10177,55.72562],[37.10414,55.72645],[37.10819,55.72638],[37.11257,55.72712],[37.11596,55.72874],[37.12032,55.73177],[37.12065,55.73279],[37.11947,55.73479],[37.11588,55.73617],[37.11101,55.73228],[37.11025,55.73323],[37.10767,55.73477],[37.10507,55.73392],[37.10287,55.73422],[37.10518,55.73264],[37.10328,55.73263],[37.09999,55.73175],[37.09627,55.73171],[37.0961,55.73094],[37.09688,55.73092],[37.0967,55.7306],[37.09588,55.73061],[37.09435,55.72872],[37.09134,55.73029],[37.08778,55.73072],[37.08235,55.73258],[37.07948,55.73541],[37.08002,55.73514],[37.08038,55.73537],[37.07966,55.73574],[37.0815,55.73615],[37.08433,55.73904],[37.08587,55.74164],[37.08978,55.74132],[37.09249,55.74365],[37.09697,55.74379],[37.10739,55.74157],[37.11207,55.739],[37.11163,55.73801],[37.1164,55.7375],[37.11692,55.73659],[37.12202,55.73486],[37.12159,55.73389],[37.12778,55.72808],[37.11929,55.72386],[37.12306,55.7212],[37.11948,55.72001],[37.1189,55.72082],[37.11674,55.71994],[37.11209,55.71706],[37.11301,55.7161],[37.10767,55.71564],[37.10768,55.71606],[37.10581,55.71579],[37.10412,55.71637],[37.0964,55.7163],[37.0964,55.71558],[37.07885,55.71542],[37.0679,55.72288],[37.06165,55.72037],[37.06014,55.71888],[37.05918,55.7134],[37.05839,55.71205],[37.05454,55.70976],[37.04648,55.70907],[37.03997,55.70884],[37.03794,55.70917],[37.03539,55.71107],[37.03384,55.71399],[37.02751,55.71233],[37.02466,55.70973],[37.02664,55.70956],[37.02703,55.70997],[37.02629,55.71032],[37.02672,55.71083],[37.02756,55.71049],[37.02846,55.71103],[37.02832,55.71156],[37.02915,55.71182],[37.03527,55.7075],[37.03508,55.70712],[37.03378,55.7072],[37.03444,55.70662],[37.02011,55.70679],[37.02009,55.70648],[37.01741,55.70656],[37.01724,55.70537],[37.00417,55.70541],[37.00371,55.70603],[37.00236,55.70625],[37.00292,55.707],[37.00016,55.70739],[36.99204,55.71209],[36.99791,55.71248],[36.99797,55.71132],[36.99751,55.71106],[37.00024,55.70789],[37.00204,55.70808],[37.00194,55.70958],[37.00294,55.70987],[37.00336,55.71075],[37.00133,55.71113],[37.00208,55.71194],[37.00002,55.71156],[36.99898,55.71319],[37.00298,55.71416],[37.00335,55.7138],[37.00506,55.71545],[37.00669,55.71583],[37.00781,55.71475],[37.01102,55.71523],[37.01194,55.71465],[37.01322,55.71216],[37.01302,55.71035],[37.01109,55.7104],[37.00943,55.70749],[37.01352,55.7073],[37.01352,55.70679],[37.01524,55.7066],[37.01586,55.7066],[37.01593,55.70706],[37.02065,55.70692],[37.02072,55.70842],[37.02425,55.70959],[37.0197,55.7107],[37.01484,55.71076],[37.01737,55.71566],[37.01476,55.71622],[37.01167,55.71586],[37.0128,55.71857],[37.01214,55.72042],[37.00966,55.7197],[37.00832,55.71982],[37.00932,55.72298],[37.00706,55.7232],[37.00654,55.72368],[37.00672,55.72479],[37.00607,55.72532],[36.99989,55.72296],[36.99898,55.72105],[36.9967,55.71926],[36.99124,55.71895],[36.98521,55.72134],[36.98465,55.72095],[36.98157,55.72254],[36.9774,55.72351],[36.97736,55.7242],[36.9763,55.72415],[36.97516,55.72509],[36.97223,55.72578],[36.96799,55.72781],[36.96257,55.72777],[36.96222,55.72796],[36.96339,55.72951],[36.96209,55.72993],[36.96327,55.73372],[36.96525,55.73545],[36.97063,55.73636],[36.97384,55.73626],[36.97972,55.73476],[36.98071,55.73318],[36.98036,55.73275],[36.98066,55.73211],[36.98392,55.72955],[36.98497,55.72733],[36.98565,55.72733],[36.99355,55.73156],[36.99086,55.73346],[36.99543,55.73592],[36.99427,55.73653],[36.99601,55.73696],[36.99659,55.73663],[36.99936,55.73836],[37.00234,55.73513],[37.00317,55.73517],[37.00511,55.73801],[37.00569,55.73966],[37.00255,55.73984],[36.99534,55.73834],[36.99353,55.73744],[36.99181,55.73592],[36.9924,55.73562],[36.99088,55.73462],[36.9901,55.73507],[36.98956,55.73474],[36.98561,55.73703],[36.98395,55.73853],[36.99252,55.73985],[36.99409,55.74058],[36.99279,55.74142],[36.99018,55.74184],[36.98914,55.74145],[36.99057,55.73992],[36.99005,55.73965],[36.98324,55.73879],[36.98281,55.73921],[36.98138,55.73867],[36.97758,55.74216],[36.97432,55.74111],[36.97547,55.74009],[36.97489,55.7396],[36.97639,55.73842],[36.97192,55.73809],[36.96384,55.73616],[36.96388,55.7351],[36.962,55.73275],[36.94767,55.73176],[36.94687,55.73585],[36.94603,55.73676],[36.93523,55.73714],[36.93601,55.73956],[36.93969,55.73886],[36.94088,55.73908],[36.94112,55.74232],[36.94262,55.74208],[36.94386,55.74323],[36.94321,55.7434],[36.94538,55.74555],[36.9448,55.74697],[36.94586,55.74748],[36.9446,55.74823],[36.94844,55.75004],[36.94797,55.75032],[36.94861,55.75119],[36.94824,55.75174],[36.94566,55.75123],[36.94381,55.75365],[36.94363,55.75466],[36.94106,55.75432],[36.94082,55.75391],[36.93765,55.75392],[36.93408,55.7435],[36.92402,55.73689],[36.9162,55.73695],[36.91076,55.73628],[36.9102,55.73686],[36.91056,55.73859],[36.90944,55.73909],[36.90803,55.74125],[36.90477,55.74133],[36.90472,55.74087],[36.90639,55.73957],[36.90677,55.7386],[36.91047,55.73857],[36.91012,55.73686],[36.91072,55.73623],[36.91624,55.7369],[36.92371,55.73681],[36.92087,55.7329],[36.91771,55.73344],[36.91758,55.73308],[36.91939,55.73125],[36.91891,55.73105],[36.91775,55.73208],[36.9142,55.73284],[36.9093,55.73209],[36.90407,55.73215],[36.89606,55.73327],[36.88958,55.73303],[36.88808,55.73444]]]]}},{"type":"Feature","properties":{"name":"Куркино","key":"куркино","kind":"district","lx":37.38961,"ly":55.89001},"geometry":{"type":"Polygon","coordinates":[[[37.36177,55.90146],[37.37068,55.90363],[37.36859,55.90558],[37.36785,55.90534],[37.36628,55.9067],[37.3768,55.91124],[37.38672,55.91166],[37.39002,55.91284],[37.39023,55.90336],[37.39239,55.90212],[37.39748,55.9012],[37.39845,55.90153],[37.39929,55.90076],[37.40418,55.89207],[37.40422,55.88752],[37.40558,55.88623],[37.4094,55.88492],[37.40942,55.88069],[37.41493,55.87931],[37.41413,55.87909],[37.41437,55.87887],[37.41552,55.87919],[37.41716,55.87831],[37.42116,55.87832],[37.42116,55.87792],[37.4241,55.878],[37.42645,55.87747],[37.43095,55.87785],[37.42057,55.87464],[37.41143,55.87096],[37.40404,55.876],[37.39444,55.87724],[37.38217,55.87787],[37.38106,55.87828],[37.37983,55.87994],[37.37817,55.88016],[37.37585,55.88129],[37.37286,55.88154],[37.37117,55.88355],[37.37169,55.88454],[37.37477,55.88693],[37.37256,55.88765],[37.37269,55.88926],[37.37348,55.89007],[37.37301,55.89123],[37.37662,55.89212],[37.37728,55.89282],[37.37398,55.8951],[37.36728,55.89427],[37.36564,55.89473],[37.36552,55.89662],[37.3674,55.89707],[37.36763,55.89804],[37.3648,55.90007],[37.36241,55.90041],[37.36177,55.90146]]]}},{"type":"Feature","properties":{"name":"Левобережный","key":"левобережный","kind":"district","lx":37.46641,"ly":55.86493},"geometry":{"type":"Polygon","coordinates":[[[37.43648,55.87958],[37.4412,55.88123],[37.44198,55.88276],[37.44154,55.88384],[37.44242,55.88417],[37.44396,55.88314],[37.44834,55.88277],[37.46472,55.88346],[37.46249,55.88272],[37.46253,55.88186],[37.46662,55.87942],[37.46942,55.87657],[37.46921,55.87617],[37.47911,55.86672],[37.47645,55.86606],[37.4772,55.86533],[37.48545,55.85822],[37.48915,55.85913],[37.49681,55.85252],[37.49092,55.85065],[37.47574,55.85009],[37.46446,55.84712],[37.46349,55.8482],[37.4636,55.84909],[37.46289,55.85008],[37.46133,55.85104],[37.45882,55.85764],[37.45608,55.86188],[37.45397,55.87012],[37.45145,55.87026],[37.44262,55.87441],[37.43872,55.87653],[37.43798,55.87722],[37.43778,55.87856],[37.43648,55.87958]]]}},{"type":"Feature","properties":{"name":"Лефортово","key":"лефортово","kind":"district","lx":37.70485,"ly":55.75666},"geometry":{"type":"Polygon","coordinates":[[[37.6704,55.7576],[37.67128,55.7588],[37.67302,55.75933],[37.68022,55.75907],[37.68259,55.75954],[37.68416,55.76027],[37.68584,55.76204],[37.68585,55.76398],[37.68904,55.76777],[37.6922,55.76949],[37.69722,55.76682],[37.70252,55.77003],[37.71361,55.7753],[37.72078,55.76588],[37.72063,55.76246],[37.71771,55.75648],[37.71776,55.75496],[37.71872,55.75294],[37.72057,55.75116],[37.72363,55.74952],[37.73671,55.74595],[37.73374,55.74002],[37.72899,55.73336],[37.72189,55.73402],[37.71771,55.73521],[37.71526,55.73687],[37.71322,55.73937],[37.71147,55.74327],[37.70083,55.74413],[37.7006,55.74244],[37.69658,55.74239],[37.69792,55.73959],[37.69528,55.74232],[37.6832,55.748],[37.67053,55.75075],[37.67255,55.75239],[37.67306,55.75343],[37.67091,55.75743],[37.6704,55.7576]]]}},{"type":"Feature","properties":{"name":"Лианозово","key":"лианозово","kind":"district","lx":37.5749,"ly":55.89944},"geometry":{"type":"Polygon","coordinates":[[[37.53683,55.90712],[37.57415,55.91127],[37.5786,55.91143],[37.58726,55.91042],[37.59098,55.91362],[37.58727,55.90761],[37.58667,55.88695],[37.5674,55.8873],[37.56676,55.89084],[37.56475,55.89284],[37.54237,55.90137],[37.53869,55.904],[37.53683,55.90712]]]}},{"type":"Feature","properties":{"name":"Ломоносовский","key":"ломоносовский","kind":"district","lx":37.53567,"ly":55.67713},"geometry":{"type":"Polygon","coordinates":[[[37.51166,55.67973],[37.53005,55.68993],[37.53867,55.68502],[37.54747,55.68081],[37.55222,55.68406],[37.55556,55.68213],[37.54607,55.67323],[37.54459,55.67369],[37.5437,55.67301],[37.54172,55.67083],[37.54133,55.66877],[37.53997,55.66849],[37.53219,55.66844],[37.5291,55.67139],[37.51166,55.67973]]]}},{"type":"Feature","properties":{"name":"Лосиноостровский","key":"лосиноостровский","kind":"district","lx":37.69288,"ly":55.8829},"geometry":{"type":"Polygon","coordinates":[[[37.67511,55.88369],[37.67673,55.88309],[37.67822,55.88325],[37.68119,55.88574],[37.6819,55.88797],[37.68498,55.89176],[37.68512,55.8952],[37.69872,55.89434],[37.70719,55.89233],[37.70758,55.89177],[37.71971,55.88591],[37.68181,55.86154],[37.68111,55.86191],[37.68158,55.8631],[37.68349,55.86438],[37.67532,55.86797],[37.67605,55.87076],[37.68066,55.87688],[37.6784,55.88109],[37.67534,55.88312],[37.67511,55.88369]]]}},{"type":"Feature","properties":{"name":"Люблино","key":"люблино","kind":"district","lx":37.7445,"ly":55.67747},"geometry":{"type":"Polygon","coordinates":[[[37.71313,55.65852],[37.72211,55.66513],[37.7266,55.6713],[37.73126,55.67951],[37.73489,55.68743],[37.73445,55.68996],[37.73302,55.69193],[37.73885,55.69162],[37.74218,55.69008],[37.74608,55.6904],[37.75425,55.68896],[37.75569,55.69076],[37.75912,55.69021],[37.76085,55.69103],[37.76112,55.69059],[37.76072,55.68974],[37.76119,55.68874],[37.76263,55.68813],[37.76417,55.68844],[37.76469,55.68787],[37.76704,55.68725],[37.78503,55.68341],[37.78888,55.6813],[37.7925,55.68312],[37.79833,55.68019],[37.80532,55.68028],[37.80449,55.67742],[37.80793,55.67464],[37.80982,55.67578],[37.81196,55.67456],[37.81227,55.67473],[37.81003,55.6759],[37.81809,55.68037],[37.822,55.67829],[37.82502,55.67951],[37.82595,55.67892],[37.82672,55.67927],[37.83038,55.67728],[37.83453,55.67789],[37.8396,55.66401],[37.84013,55.65827],[37.84163,55.65785],[37.84139,55.6567],[37.83693,55.65712],[37.79412,55.65757],[37.78888,55.6583],[37.78796,55.6585],[37.78226,55.66362],[37.77602,55.66688],[37.76783,55.6677],[37.76391,55.66886],[37.75908,55.6675],[37.75024,55.66599],[37.74014,55.6618],[37.73738,55.66014],[37.73388,55.65919],[37.7273,55.65648],[37.72032,55.66032],[37.71547,55.65824],[37.71313,55.65852]]]}},{"type":"Feature","properties":{"name":"Марфино","key":"марфино","kind":"district","lx":37.5959,"ly":55.82777},"geometry":{"type":"Polygon","coordinates":[[[37.57377,55.84848],[37.57739,55.84793],[37.59282,55.84731],[37.59257,55.84631],[37.59051,55.84572],[37.59102,55.84539],[37.59046,55.84486],[37.58717,55.84483],[37.587,55.84371],[37.58633,55.84354],[37.58949,55.83899],[37.58775,55.8392],[37.58587,55.84023],[37.58209,55.83831],[37.58053,55.83884],[37.58041,55.83387],[37.58604,55.83296],[37.59156,55.83361],[37.59078,55.83649],[37.5953,55.83344],[37.60033,55.8308],[37.60127,55.82953],[37.60359,55.81799],[37.60294,55.81766],[37.57611,55.8348],[37.57836,55.83714],[37.57867,55.83944],[37.57802,55.84103],[37.57541,55.84393],[37.57377,55.84848]]]}},{"type":"Feature","properties":{"name":"Марьина Роща","key":"марьинароща","kind":"district","lx":37.60761,"ly":55.79807},"geometry":{"type":"Polygon","coordinates":[[[37.5889,55.79246],[37.59207,55.7961],[37.59638,55.79867],[37.59638,55.80128],[37.59566,55.80289],[37.59546,55.80533],[37.61359,55.81071],[37.63496,55.79695],[37.63443,55.79446],[37.63464,55.79189],[37.61631,55.79312],[37.61681,55.78653],[37.61514,55.78354],[37.61535,55.78266],[37.61484,55.78348],[37.61305,55.7834],[37.61233,55.78255],[37.60461,55.78531],[37.60172,55.78517],[37.5993,55.79248],[37.5889,55.79246]]]}},{"type":"Feature","properties":{"name":"Марьино","key":"марьино","kind":"district","lx":37.75417,"ly":55.65453},"geometry":{"type":"Polygon","coordinates":[[[37.69291,55.64383],[37.71313,55.65852],[37.71547,55.65824],[37.72032,55.66032],[37.7273,55.65648],[37.73388,55.65919],[37.73738,55.66014],[37.74014,55.6618],[37.75024,55.66599],[37.75908,55.6675],[37.76391,55.66886],[37.76783,55.6677],[37.77602,55.66688],[37.78226,55.66362],[37.78796,55.6585],[37.78345,55.64855],[37.7798,55.64874],[37.7662,55.64545],[37.74959,55.64063],[37.74538,55.6399],[37.7295,55.64089],[37.71328,55.63946],[37.69942,55.64212],[37.69291,55.64383]]]}},{"type":"Feature","properties":{"name":"Матушкино","key":"матушкино","kind":"district","lx":37.20473,"ly":56.00822},"geometry":{"type":"Polygon","coordinates":[[[37.17853,56.00795],[37.18179,56.00841],[37.18025,56.01142],[37.19047,56.01351],[37.19557,56.0186],[37.20325,56.01549],[37.20738,56.01715],[37.2113,56.01298],[37.21066,56.01243],[37.23176,56.00443],[37.22525,56.00441],[37.22556,56.00249],[37.22607,56.00256],[37.22849,55.99932],[37.22742,55.99815],[37.22579,55.99857],[37.22588,55.99907],[37.22237,55.99958],[37.22193,56.00007],[37.22037,56.00007],[37.22031,55.99926],[37.212,56.00125],[37.2095,56.00082],[37.21399,55.99327],[37.21306,55.98992],[37.21337,55.98918],[37.21243,55.98703],[37.21142,55.98705],[37.20907,55.98785],[37.20676,55.98753],[37.20508,55.98805],[37.20523,55.99056],[37.20474,55.99086],[37.20509,55.99173],[37.20441,55.99256],[37.20429,55.99364],[37.20326,55.9934],[37.20165,55.99541],[37.19878,55.99742],[37.19812,55.99736],[37.19782,55.99852],[37.19702,55.99867],[37.19698,55.99954],[37.20073,56.0],[37.20087,56.00124],[37.19994,56.00252],[37.1987,56.00228],[37.19894,56.00313],[37.19643,56.00353],[37.19494,56.00445],[37.19169,56.00347],[37.19122,56.00281],[37.18928,56.00204],[37.18785,56.002],[37.1863,56.00241],[37.18698,56.00343],[37.18645,56.00382],[37.18458,56.00396],[37.18453,56.00524],[37.1791,56.00529],[37.17853,56.00795]]]}},{"type":"Feature","properties":{"name":"Метрогородок","key":"метрогородок","kind":"district","lx":37.74724,"ly":55.84193},"geometry":{"type":"Polygon","coordinates":[[[37.67021,55.83874],[37.67357,55.83834],[37.67632,55.83882],[37.67816,55.84017],[37.67835,55.84182],[37.69032,55.84801],[37.69223,55.85031],[37.68997,55.85122],[37.69228,55.85291],[37.68677,55.85451],[37.68786,55.85549],[37.6886,55.85528],[37.68941,55.85596],[37.69252,55.85613],[37.69313,55.8558],[37.69243,55.85533],[37.69475,55.85338],[37.69376,55.85207],[37.69682,55.84816],[37.70359,55.84877],[37.70564,55.84794],[37.7125,55.84753],[37.71408,55.84691],[37.71713,55.84906],[37.71935,55.85001],[37.72017,55.85057],[37.71941,55.85142],[37.72164,55.85292],[37.71802,55.86061],[37.70944,55.86091],[37.70919,55.86296],[37.70681,55.86449],[37.7077,55.86552],[37.71581,55.87015],[37.71967,55.8737],[37.72107,55.87321],[37.72181,55.87387],[37.72426,55.87301],[37.72793,55.8739],[37.72905,55.87465],[37.73182,55.87495],[37.73108,55.87572],[37.73101,55.87689],[37.7329,55.87805],[37.73478,55.87841],[37.77741,55.85644],[37.78027,55.8315],[37.78142,55.82476],[37.78474,55.82462],[37.78486,55.8225],[37.78268,55.82252],[37.78322,55.82167],[37.76588,55.81793],[37.75515,55.81324],[37.74738,55.81073],[37.74593,55.80903],[37.74593,55.81036],[37.74513,55.81182],[37.74281,55.81412],[37.73476,55.81822],[37.68998,55.83353],[37.67021,55.83874]]]}},{"type":"Feature","properties":{"name":"Мещанский","key":"мещанский","kind":"district","lx":37.62772,"ly":55.78196},"geometry":{"type":"Polygon","coordinates":[[[37.61239,55.78256],[37.61305,55.7834],[37.61463,55.7835],[37.61548,55.78269],[37.61514,55.78354],[37.61681,55.78653],[37.61631,55.79312],[37.63464,55.79189],[37.63443,55.79446],[37.635,55.79717],[37.64296,55.79301],[37.64025,55.79245],[37.64208,55.79016],[37.64222,55.78843],[37.64166,55.78846],[37.64173,55.78813],[37.64484,55.77984],[37.64129,55.77971],[37.64001,55.77716],[37.63939,55.77713],[37.63727,55.77206],[37.63258,55.77265],[37.63148,55.76653],[37.62868,55.76311],[37.62991,55.76287],[37.63061,55.76341],[37.62952,55.76108],[37.6299,55.76069],[37.62835,55.75986],[37.62669,55.76045],[37.62582,55.75973],[37.62091,55.75899],[37.62144,55.75924],[37.62015,55.76172],[37.6199,55.76526],[37.6214,55.7669],[37.621,55.7734],[37.61894,55.77364],[37.61853,55.77641],[37.61725,55.77993],[37.61493,55.78159],[37.61533,55.78225],[37.61434,55.78194],[37.61239,55.78256]]]}},{"type":"Feature","properties":{"name":"Митино","key":"митино","kind":"district","lx":37.36479,"ly":55.84307},"geometry":{"type":"Polygon","coordinates":[[[37.33204,55.84595],[37.33413,55.84773],[37.33717,55.84817],[37.33692,55.84846],[37.33733,55.8488],[37.33828,55.84896],[37.33764,55.84984],[37.34044,55.85154],[37.34094,55.85265],[37.34042,55.85297],[37.33955,55.85518],[37.34029,55.856],[37.34063,55.85805],[37.34145,55.85869],[37.34202,55.86021],[37.34659,55.86224],[37.34588,55.86294],[37.34982,55.8638],[37.35789,55.86426],[37.36282,55.86765],[37.36493,55.8674],[37.36521,55.8679],[37.36735,55.86802],[37.36786,55.86758],[37.36924,55.86779],[37.37062,55.86731],[37.37231,55.86769],[37.37312,55.86715],[37.37749,55.86836],[37.37941,55.86735],[37.37931,55.86694],[37.37802,55.86657],[37.37835,55.86609],[37.37745,55.86472],[37.37977,55.86329],[37.37817,55.86199],[37.3785,55.86085],[37.38003,55.85947],[37.37652,55.85818],[37.37586,55.85699],[37.37616,55.85618],[37.37493,55.85517],[37.37987,55.85347],[37.38197,55.85457],[37.38552,55.85451],[37.38717,55.85586],[37.38997,55.85416],[37.39206,55.85501],[37.39505,55.85432],[37.39214,55.84861],[37.39183,55.8465],[37.39252,55.8442],[37.39586,55.83835],[37.39603,55.83452],[37.39444,55.8291],[37.3937,55.82917],[37.39392,55.82986],[37.38543,55.83066],[37.37994,55.83067],[37.36728,55.8274],[37.36354,55.82436],[37.36222,55.8222],[37.35892,55.82289],[37.35688,55.82653],[37.35401,55.8264],[37.35637,55.82266],[37.35415,55.82236],[37.35461,55.82176],[37.35231,55.82128],[37.34916,55.82223],[37.35159,55.82439],[37.34971,55.82637],[37.34482,55.82607],[37.34857,55.82908],[37.34865,55.83072],[37.34814,55.83103],[37.34873,55.83222],[37.34394,55.8331],[37.34187,55.83419],[37.345,55.83647],[37.34037,55.83901],[37.34066,55.84025],[37.34746,55.8406],[37.34803,55.841],[37.349,55.84379],[37.34289,55.84484],[37.333,55.84528],[37.33204,55.84595]]]}},{"type":"Feature","properties":{"name":"Можайский","key":"можайский","kind":"district","lx":37.40116,"ly":55.71568},"geometry":{"type":"Polygon","coordinates":[[[37.32623,55.68276],[37.32929,55.68565],[37.32982,55.68544],[37.32687,55.68296],[37.33097,55.68155],[37.33251,55.68294],[37.33411,55.68205],[37.33483,55.68245],[37.33361,55.68323],[37.33391,55.6842],[37.32943,55.68579],[37.33763,55.69352],[37.33869,55.69257],[37.3387,55.69137],[37.33786,55.69015],[37.33876,55.68865],[37.33854,55.68729],[37.33942,55.68734],[37.33976,55.68817],[37.34386,55.68922],[37.34394,55.69059],[37.34235,55.69255],[37.34237,55.69322],[37.34457,55.6969],[37.34497,55.6984],[37.34738,55.69765],[37.35181,55.70017],[37.35146,55.70225],[37.35609,55.70477],[37.35638,55.7046],[37.35397,55.70314],[37.35413,55.70234],[37.35311,55.7018],[37.35336,55.70045],[37.35563,55.70052],[37.35577,55.69946],[37.35744,55.69952],[37.35732,55.70055],[37.36332,55.70073],[37.36331,55.70183],[37.36444,55.70088],[37.36559,55.70094],[37.36467,55.70186],[37.3656,55.70205],[37.36591,55.70292],[37.3665,55.70309],[37.36682,55.70213],[37.36911,55.70247],[37.36795,55.70267],[37.36774,55.7033],[37.37094,55.70369],[37.37041,55.70418],[37.36848,55.70369],[37.36616,55.707],[37.36909,55.70741],[37.36935,55.7085],[37.36751,55.70797],[37.36519,55.70804],[37.36442,55.7089],[37.37189,55.71096],[37.37547,55.7115],[37.37606,55.71072],[37.37674,55.71067],[37.37748,55.7094],[37.37819,55.69684],[37.37866,55.69713],[37.37916,55.69675],[37.37951,55.69692],[37.37903,55.69731],[37.38201,55.69854],[37.38545,55.69697],[37.38789,55.6981],[37.38983,55.69695],[37.39216,55.69842],[37.38865,55.70079],[37.39048,55.70244],[37.38824,55.70323],[37.38856,55.70356],[37.38794,55.70432],[37.39248,55.70592],[37.38666,55.71115],[37.38264,55.71264],[37.38156,55.7126],[37.38135,55.71309],[37.38431,55.71517],[37.38112,55.72138],[37.37845,55.72334],[37.37921,55.72419],[37.37927,55.72502],[37.3772,55.72908],[37.38191,55.7287],[37.39085,55.72992],[37.41287,55.72707],[37.44761,55.72691],[37.45437,55.7114],[37.45496,55.7091],[37.44872,55.70949],[37.44787,55.70701],[37.44451,55.70612],[37.43552,55.70574],[37.43337,55.70449],[37.43059,55.70416],[37.42128,55.70807],[37.4205,55.70455],[37.41202,55.70757],[37.41195,55.70671],[37.40446,55.70268],[37.40462,55.70207],[37.40563,55.70156],[37.40597,55.70071],[37.40565,55.70025],[37.40083,55.69794],[37.39834,55.69737],[37.39725,55.69655],[37.39686,55.69652],[37.39612,55.69822],[37.39528,55.699],[37.39662,55.69652],[37.39432,55.69636],[37.3937,55.69481],[37.3902,55.69678],[37.38414,55.69383],[37.38369,55.69307],[37.38107,55.69264],[37.37487,55.68894],[37.3715,55.69004],[37.37286,55.69107],[37.3679,55.69173],[37.36607,55.6901],[37.36432,55.69069],[37.36336,55.68996],[37.36269,55.68878],[37.36434,55.68822],[37.36395,55.68777],[37.35967,55.68904],[37.36108,55.69009],[37.35797,55.69174],[37.3558,55.68746],[37.35666,55.68771],[37.35507,55.68552],[37.3611,55.6821],[37.3581,55.67908],[37.35748,55.67924],[37.3543,55.67632],[37.34899,55.67856],[37.34609,55.6763],[37.32623,55.68276]]]}},{"type":"Feature","properties":{"name":"Молжаниновский","key":"молжаниновский","kind":"district","lx":37.38419,"ly":55.93541},"geometry":{"type":"Polygon","coordinates":[[[37.33132,55.93387],[37.33496,55.93538],[37.3363,55.93478],[37.33678,55.93499],[37.33582,55.93574],[37.33821,55.93638],[37.33867,55.93706],[37.34327,55.93896],[37.34955,55.93663],[37.35088,55.93745],[37.35145,55.93722],[37.3541,55.93891],[37.35039,55.94048],[37.35101,55.94079],[37.34745,55.94294],[37.34791,55.94323],[37.3417,55.94675],[37.34053,55.94627],[37.33644,55.95071],[37.33503,55.95359],[37.33947,55.95483],[37.3418,55.95598],[37.34102,55.95656],[37.34157,55.95683],[37.34457,55.95641],[37.34958,55.95729],[37.35019,55.95692],[37.34687,55.95501],[37.34643,55.95362],[37.34882,55.95189],[37.35039,55.95247],[37.35349,55.95113],[37.35476,55.95171],[37.356,55.95354],[37.35818,55.95348],[37.35771,55.95448],[37.35921,55.95478],[37.35821,55.95564],[37.37197,55.95614],[37.37623,55.95544],[37.37516,55.95441],[37.37525,55.95359],[37.38158,55.95079],[37.38355,55.95131],[37.38288,55.95267],[37.38473,55.9532],[37.38922,55.95308],[37.38938,55.95232],[37.39026,55.95199],[37.39279,55.95227],[37.39299,55.95129],[37.39189,55.95073],[37.39161,55.95003],[37.39208,55.94912],[37.39321,55.94864],[37.4074,55.95133],[37.40864,55.95277],[37.40763,55.95294],[37.40748,55.95335],[37.40972,55.95421],[37.41138,55.95319],[37.41217,55.95349],[37.41216,55.95391],[37.4134,55.95373],[37.41312,55.95414],[37.41376,55.95453],[37.41612,55.9544],[37.41679,55.95342],[37.41992,55.95303],[37.42046,55.95252],[37.41985,55.95158],[37.42246,55.95131],[37.42178,55.95024],[37.42071,55.94972],[37.42089,55.9472],[37.4193,55.9467],[37.4168,55.94674],[37.41556,55.94576],[37.41037,55.94526],[37.40858,55.94277],[37.40842,55.94113],[37.40745,55.93985],[37.40772,55.93929],[37.40666,55.93903],[37.40767,55.93469],[37.41017,55.93191],[37.40986,55.93141],[37.41016,55.93044],[37.40943,55.92964],[37.40775,55.92903],[37.41027,55.92721],[37.41062,55.92525],[37.40841,55.92413],[37.39685,55.92617],[37.39433,55.92266],[37.39385,55.92114],[37.39494,55.91933],[37.39871,55.91662],[37.38705,55.91173],[37.3768,55.91124],[37.36986,55.9082],[37.36584,55.91417],[37.36603,55.91538],[37.36967,55.91751],[37.36885,55.91796],[37.37174,55.91964],[37.37782,55.92111],[37.35646,55.92995],[37.3497,55.92678],[37.34922,55.92604],[37.34371,55.92418],[37.34353,55.92664],[37.33983,55.93073],[37.33669,55.93266],[37.33132,55.93387]]]}},{"type":"Feature","properties":{"name":"Москворечье-Сабурово","key":"москворечьесабурово","kind":"district","lx":37.66851,"ly":55.6459},"geometry":{"type":"Polygon","coordinates":[[[37.62214,55.65184],[37.62246,55.65753],[37.63204,55.65586],[37.63426,55.65653],[37.63704,55.65496],[37.64171,55.65839],[37.66059,55.65017],[37.66448,55.65337],[37.6699,55.65625],[37.6716,55.65636],[37.67165,55.65435],[37.67457,55.65176],[37.68895,55.64522],[37.69448,55.64328],[37.71328,55.63946],[37.7295,55.64089],[37.72775,55.63529],[37.72712,55.6353],[37.72771,55.63342],[37.72928,55.63267],[37.72957,55.63174],[37.7291,55.63076],[37.7159,55.6312],[37.70735,55.63075],[37.70442,55.62978],[37.69609,55.62898],[37.69364,55.62795],[37.6904,55.62805],[37.68966,55.62896],[37.68998,55.63187],[37.68934,55.63336],[37.69043,55.6341],[37.68859,55.63511],[37.68774,55.63669],[37.68695,55.63634],[37.68184,55.63654],[37.65469,55.63842],[37.65477,55.63755],[37.64122,55.6386],[37.64177,55.64085],[37.63252,55.63967],[37.62507,55.63998],[37.62214,55.65184]]]}},{"type":"Feature","properties":{"name":"Нагатино-Садовники","key":"нагатиносадовники","kind":"district","lx":37.64592,"ly":55.67085},"geometry":{"type":"Polygon","coordinates":[[[37.62186,55.69073],[37.62887,55.69175],[37.63157,55.68667],[37.6332,55.68551],[37.63612,55.68461],[37.64393,55.68449],[37.66524,55.68622],[37.66449,55.68069],[37.66187,55.66935],[37.65442,55.65982],[37.65349,55.65618],[37.6536,55.6548],[37.65459,55.65342],[37.65944,55.65064],[37.64171,55.65839],[37.63704,55.65496],[37.63426,55.65653],[37.63204,55.65586],[37.62246,55.65753],[37.62286,55.66684],[37.62716,55.67261],[37.62394,55.68186],[37.62186,55.69073]]]}},{"type":"Feature","properties":{"name":"Нагатинский Затон","key":"нагатинскийзатон","kind":"district","lx":37.67902,"ly":55.68397},"geometry":{"type":"Polygon","coordinates":[[[37.65349,55.65618],[37.65442,55.65982],[37.66187,55.66935],[37.66449,55.68069],[37.66729,55.70074],[37.67095,55.7005],[37.67449,55.69851],[37.68427,55.69742],[37.70757,55.69327],[37.71212,55.68846],[37.71238,55.68466],[37.71195,55.68132],[37.70266,55.67658],[37.69075,55.67324],[37.6874,55.67116],[37.68242,55.67062],[37.67504,55.66765],[37.67324,55.66511],[37.6716,55.65636],[37.6699,55.65625],[37.66448,55.65337],[37.66059,55.65017],[37.65498,55.65309],[37.65374,55.65448],[37.65349,55.65618]]]}},{"type":"Feature","properties":{"name":"Нагорный","key":"нагорный","kind":"district","lx":37.61396,"ly":55.64976},"geometry":{"type":"Polygon","coordinates":[[[37.60351,55.69035],[37.60812,55.68933],[37.61259,55.6891],[37.62186,55.69073],[37.62394,55.68186],[37.62716,55.67261],[37.62286,55.66684],[37.62214,55.65184],[37.62442,55.64254],[37.61974,55.64219],[37.61977,55.64054],[37.60567,55.64137],[37.60541,55.65653],[37.61357,55.66348],[37.60765,55.66408],[37.60883,55.66515],[37.61069,55.66497],[37.61165,55.66608],[37.60591,55.66907],[37.60579,55.67056],[37.60669,55.67117],[37.60563,55.6723],[37.60662,55.67287],[37.60738,55.67467],[37.60859,55.67534],[37.60896,55.6763],[37.61129,55.67722],[37.61171,55.67861],[37.61492,55.68093],[37.6137,55.68448],[37.60861,55.68389],[37.60571,55.68496],[37.60495,55.68605],[37.60517,55.68901],[37.60351,55.69035]]]}},{"type":"Feature","properties":{"name":"Некрасовка","key":"некрасовка","kind":"district","lx":37.94276,"ly":55.68613},"geometry":{"type":"Polygon","coordinates":[[[37.90613,55.70626],[37.90701,55.70699],[37.92192,55.70796],[37.92611,55.71219],[37.92625,55.71515],[37.92807,55.71616],[37.93659,55.71624],[37.94511,55.72087],[37.94748,55.72006],[37.95551,55.72022],[37.95847,55.71762],[37.96743,55.71625],[37.96067,55.71475],[37.95986,55.71409],[37.96671,55.7105],[37.96408,55.70931],[37.9531,55.71126],[37.94967,55.71134],[37.9473,55.7086],[37.95791,55.70594],[37.95974,55.70451],[37.95822,55.70294],[37.95893,55.70261],[37.95701,55.70087],[37.95604,55.7011],[37.95651,55.70221],[37.95576,55.70273],[37.95421,55.70278],[37.9529,55.70136],[37.95335,55.70061],[37.94663,55.70001],[37.94524,55.69912],[37.94554,55.69809],[37.94484,55.69777],[37.94472,55.69712],[37.94866,55.69507],[37.94978,55.69524],[37.95088,55.69619],[37.95561,55.69451],[37.95393,55.69273],[37.95635,55.69274],[37.95758,55.69385],[37.9602,55.69277],[37.95788,55.68945],[37.96118,55.68903],[37.96117,55.68808],[37.96345,55.68737],[37.96325,55.68656],[37.96477,55.68617],[37.96287,55.68566],[37.96298,55.68504],[37.9638,55.68452],[37.96304,55.68282],[37.96359,55.68158],[37.96338,55.68091],[37.9644,55.67981],[37.96186,55.67771],[37.96136,55.67564],[37.9638,55.6739],[37.94863,55.6755],[37.92047,55.67614],[37.91895,55.68052],[37.91379,55.6816],[37.91427,55.68301],[37.91329,55.68332],[37.91726,55.68627],[37.91773,55.68769],[37.9186,55.68826],[37.92319,55.68927],[37.92825,55.695],[37.93587,55.69681],[37.93988,55.6965],[37.93981,55.69801],[37.92661,55.69822],[37.92474,55.69704],[37.91894,55.69943],[37.91517,55.69705],[37.91344,55.69787],[37.91352,55.7022],[37.91224,55.703],[37.91147,55.70479],[37.90736,55.70462],[37.90613,55.70626]]]}},{"type":"Feature","properties":{"name":"Нижегородский","key":"нижегородский","kind":"district","lx":37.70797,"ly":55.73114},"geometry":{"type":"Polygon","coordinates":[[[37.68041,55.72841],[37.68157,55.72847],[37.68144,55.72904],[37.68333,55.72915],[37.6841,55.72958],[37.68406,55.73003],[37.68584,55.73011],[37.68541,55.73304],[37.69216,55.72954],[37.6937,55.7293],[37.69886,55.73644],[37.69984,55.73632],[37.69658,55.74239],[37.7006,55.74244],[37.70083,55.74413],[37.71147,55.74327],[37.71376,55.73851],[37.71672,55.73575],[37.72189,55.73402],[37.72899,55.73336],[37.73374,55.74002],[37.73671,55.74595],[37.74102,55.74445],[37.74672,55.74037],[37.74935,55.73916],[37.76129,55.73699],[37.76752,55.73415],[37.76192,55.73318],[37.76126,55.73181],[37.75955,55.73027],[37.75535,55.7286],[37.7171,55.72174],[37.71504,55.72354],[37.70225,55.71974],[37.69733,55.72196],[37.68058,55.72768],[37.68041,55.72841]]]}},{"type":"Feature","properties":{"name":"Ново-Переделкино","key":"новопеределкино","kind":"district","lx":37.3551,"ly":55.64572},"geometry":{"type":"Polygon","coordinates":[[[37.32982,55.63987],[37.33029,55.64092],[37.32999,55.64184],[37.33065,55.64225],[37.33205,55.64594],[37.3309,55.64731],[37.33284,55.64837],[37.33609,55.65188],[37.33786,55.65282],[37.34306,55.65406],[37.34213,55.65503],[37.34237,55.6555],[37.34153,55.65607],[37.34095,55.65773],[37.34187,55.65806],[37.34155,55.65886],[37.34233,55.65955],[37.34203,55.66013],[37.34387,55.66173],[37.34377,55.66233],[37.34765,55.66203],[37.34849,55.66291],[37.34805,55.66583],[37.3517,55.66488],[37.35358,55.66372],[37.35051,55.66241],[37.35024,55.6612],[37.35289,55.66034],[37.35845,55.66258],[37.35824,55.66604],[37.36462,55.66912],[37.36904,55.66892],[37.37,55.668],[37.36961,55.66104],[37.36997,55.66054],[37.36785,55.6532],[37.36924,55.65177],[37.37074,55.65106],[37.37665,55.65112],[37.37694,55.65066],[37.377,55.64918],[37.37432,55.64744],[37.37488,55.64707],[37.37401,55.64491],[37.37294,55.64473],[37.37583,55.64194],[37.37442,55.64093],[37.37433,55.63924],[37.37386,55.63897],[37.37488,55.63827],[37.37446,55.63809],[37.37476,55.63767],[37.37554,55.63784],[37.37531,55.6368],[37.37712,55.63606],[37.38095,55.63269],[37.38712,55.63226],[37.3886,55.6317],[37.3877,55.6285],[37.39271,55.62799],[37.39284,55.62741],[37.39392,55.62737],[37.39472,55.6284],[37.39635,55.6286],[37.40443,55.62846],[37.40561,55.62795],[37.40581,55.62729],[37.40855,55.62694],[37.40867,55.62629],[37.41849,55.62623],[37.37423,55.6147],[37.37229,55.62033],[37.37095,55.62278],[37.36869,55.62489],[37.36389,55.62793],[37.35987,55.62972],[37.35612,55.63058],[37.34378,55.63243],[37.34212,55.63379],[37.33886,55.63539],[37.33606,55.63518],[37.33441,55.63848],[37.33244,55.63955],[37.33035,55.63932],[37.32982,55.63987]]]}},{"type":"Feature","properties":{"name":"Новогиреево","key":"новогиреево","kind":"district","lx":37.81349,"ly":55.75125},"geometry":{"type":"Polygon","coordinates":[[[37.77321,55.7367],[37.77454,55.73841],[37.77668,55.73858],[37.7794,55.74294],[37.78116,55.74199],[37.78305,55.7428],[37.78325,55.74359],[37.78262,55.74388],[37.78327,55.74532],[37.78394,55.7453],[37.78404,55.74579],[37.78789,55.74558],[37.78479,55.75092],[37.80066,55.75389],[37.80564,55.75331],[37.8087,55.76024],[37.82698,55.75767],[37.82377,55.75066],[37.83082,55.74936],[37.82763,55.74695],[37.82808,55.74616],[37.77359,55.73551],[37.77321,55.7367]]]}},{"type":"Feature","properties":{"name":"Новокосино","key":"новокосино","kind":"district","lx":37.85739,"ly":55.73794},"geometry":{"type":"Polygon","coordinates":[[[37.84042,55.73049],[37.84201,55.74722],[37.84571,55.74487],[37.848,55.7445],[37.86323,55.74557],[37.88254,55.74934],[37.88825,55.74846],[37.89095,55.74219],[37.89009,55.7416],[37.88583,55.74261],[37.88075,55.7425],[37.88013,55.74229],[37.87801,55.73787],[37.87316,55.73816],[37.86849,55.73729],[37.86424,55.73472],[37.86547,55.73316],[37.86889,55.73297],[37.86954,55.73239],[37.86219,55.73256],[37.8613,55.73052],[37.84767,55.73118],[37.84042,55.73049]]]}},{"type":"Feature","properties":{"name":"Обручевский","key":"обручевский","kind":"district","lx":37.52476,"ly":55.66504},"geometry":{"type":"Polygon","coordinates":[[[37.48247,55.64946],[37.50165,55.65852],[37.52401,55.67371],[37.52944,55.6712],[37.53131,55.6689],[37.53298,55.66825],[37.54094,55.66858],[37.54221,55.67156],[37.54459,55.67369],[37.55112,55.67146],[37.55513,55.67065],[37.53906,55.65575],[37.52534,55.65731],[37.52278,55.6553],[37.52101,55.65585],[37.52007,55.65518],[37.52189,55.65464],[37.51325,55.64809],[37.50883,55.64997],[37.49851,55.64219],[37.48674,55.64673],[37.48247,55.64946]]]}},{"type":"Feature","properties":{"name":"Орехово-Борисово Северное","key":"ореховоборисовосеверное","kind":"district","lx":37.69967,"ly":55.61868},"geometry":{"type":"Polygon","coordinates":[[[37.67129,55.62003],[37.68405,55.63002],[37.68521,55.63146],[37.68707,55.63664],[37.68756,55.63672],[37.68859,55.63511],[37.69043,55.6341],[37.68934,55.63336],[37.68998,55.63187],[37.68966,55.62896],[37.6904,55.62805],[37.69364,55.62795],[37.69609,55.62898],[37.70442,55.62978],[37.7095,55.63094],[37.7159,55.6312],[37.72966,55.63051],[37.72959,55.62952],[37.72871,55.62923],[37.72735,55.62696],[37.72749,55.62596],[37.72876,55.62573],[37.72868,55.6246],[37.72784,55.6243],[37.72783,55.61896],[37.73037,55.61302],[37.70377,55.60872],[37.69977,55.60747],[37.69914,55.60795],[37.69801,55.60723],[37.69723,55.6073],[37.6975,55.60649],[37.69554,55.60626],[37.69581,55.60587],[37.69547,55.60572],[37.69355,55.60575],[37.69189,55.60699],[37.68743,55.60744],[37.68053,55.6101],[37.67988,55.61169],[37.67788,55.61425],[37.67813,55.61581],[37.67774,55.6179],[37.67923,55.61929],[37.68011,55.62168],[37.67597,55.62192],[37.67305,55.61969],[37.67129,55.62003]]]}},{"type":"Feature","properties":{"name":"Орехово-Борисово Южное","key":"ореховоборисовоюжное","kind":"district","lx":37.7269,"ly":55.60141},"geometry":{"type":"Polygon","coordinates":[[[37.6914,55.60685],[37.69189,55.60699],[37.69355,55.60575],[37.69547,55.60572],[37.69581,55.60587],[37.69554,55.60626],[37.6975,55.60649],[37.69723,55.6073],[37.69801,55.60723],[37.69914,55.60795],[37.69977,55.60747],[37.70377,55.60872],[37.73037,55.61302],[37.7313,55.6112],[37.73579,55.61165],[37.74911,55.61109],[37.75429,55.61174],[37.75916,55.61285],[37.76207,55.61406],[37.77273,55.61629],[37.7751,55.61816],[37.77478,55.61915],[37.78006,55.61883],[37.7835,55.61715],[37.78509,55.61698],[37.78007,55.61589],[37.75383,55.6016],[37.73353,55.59298],[37.73255,55.59213],[37.7321,55.59091],[37.73204,55.58993],[37.7328,55.58917],[37.73217,55.5888],[37.73044,55.58967],[37.72697,55.59008],[37.7245,55.58931],[37.71704,55.59572],[37.71492,55.59672],[37.71251,55.59683],[37.70963,55.59824],[37.70491,55.59831],[37.70257,55.59915],[37.70167,55.59983],[37.7018,55.60071],[37.70014,55.60219],[37.69636,55.60283],[37.69569,55.60412],[37.69214,55.60533],[37.6914,55.60685]]]}},{"type":"Feature","properties":{"name":"Останкинский","key":"останкинский","kind":"district","lx":37.61826,"ly":55.82702},"geometry":{"type":"Polygon","coordinates":[[[37.58041,55.83387],[37.58053,55.83884],[37.58209,55.83831],[37.58587,55.84023],[37.58775,55.8392],[37.58949,55.83899],[37.58633,55.84354],[37.587,55.84371],[37.58717,55.84483],[37.59046,55.84486],[37.59102,55.84539],[37.59051,55.84572],[37.59257,55.84631],[37.59282,55.84731],[37.61232,55.84648],[37.62009,55.8544],[37.62036,55.85925],[37.62514,55.85769],[37.62508,55.85685],[37.6263,55.85525],[37.62671,55.84608],[37.63583,55.84574],[37.6367,55.83782],[37.63237,55.83862],[37.63202,55.83824],[37.63202,55.83595],[37.63423,55.83532],[37.63425,55.83381],[37.63667,55.83382],[37.63673,55.83348],[37.64963,55.82894],[37.64049,55.82009],[37.63908,55.81812],[37.63496,55.79695],[37.60294,55.81766],[37.60359,55.81799],[37.60349,55.81861],[37.60127,55.82953],[37.60033,55.8308],[37.5953,55.83344],[37.59078,55.83649],[37.59156,55.83361],[37.58604,55.83296],[37.58041,55.83387]]]}},{"type":"Feature","properties":{"name":"Отрадное","key":"отрадное","kind":"district","lx":37.60498,"ly":55.86266},"geometry":{"type":"Polygon","coordinates":[[[37.57137,55.87018],[37.57184,55.87022],[37.57218,55.86953],[37.5853,55.87001],[37.58628,55.87481],[37.60858,55.87957],[37.6169,55.88033],[37.61673,55.87889],[37.61562,55.87825],[37.61618,55.87749],[37.61563,55.87721],[37.61668,55.87699],[37.6167,55.87533],[37.61627,55.87507],[37.61811,55.87429],[37.61978,55.87272],[37.62915,55.86873],[37.63028,55.86705],[37.63039,55.86522],[37.63187,55.86531],[37.63317,55.86435],[37.63271,55.86385],[37.63375,55.86324],[37.63463,55.86331],[37.63375,55.86245],[37.63511,55.86137],[37.63322,55.85989],[37.6329,55.85736],[37.63129,55.85755],[37.63078,55.85698],[37.62504,55.85738],[37.62514,55.85769],[37.62036,55.85925],[37.62009,55.8544],[37.61232,55.84648],[37.57611,55.84807],[37.57377,55.84848],[37.57291,55.85142],[37.57271,55.85473],[37.57468,55.86114],[37.57433,55.863],[37.57137,55.87018]]]}},{"type":"Feature","properties":{"name":"Очаково-Матвеевское","key":"очаковоматвеевское","kind":"district","lx":37.43786,"ly":55.68615},"geometry":{"type":"Polygon","coordinates":[[[37.40216,55.69884],[37.40593,55.7005],[37.40559,55.70162],[37.40451,55.70223],[37.40456,55.70276],[37.41195,55.70671],[37.41202,55.70757],[37.42029,55.70456],[37.42128,55.70807],[37.43059,55.70416],[37.43337,55.70449],[37.43552,55.70574],[37.44451,55.70612],[37.44787,55.70701],[37.44872,55.70949],[37.45496,55.7091],[37.4547,55.70996],[37.45927,55.71029],[37.46185,55.71117],[37.46406,55.71035],[37.46565,55.71102],[37.46551,55.71157],[37.46702,55.71142],[37.46802,55.71224],[37.46787,55.71261],[37.464,55.71333],[37.46369,55.71383],[37.46682,55.71561],[37.46858,55.71482],[37.46802,55.71367],[37.47144,55.71382],[37.4707,55.71481],[37.47154,55.71548],[37.47059,55.71584],[37.47191,55.71638],[37.47208,55.71699],[37.46928,55.71824],[37.4692,55.719],[37.47051,55.71938],[37.4722,55.71842],[37.47306,55.71903],[37.47324,55.71992],[37.47676,55.72153],[37.48467,55.72076],[37.48667,55.71925],[37.48861,55.71896],[37.48869,55.71832],[37.49102,55.71847],[37.49252,55.71805],[37.49313,55.71888],[37.49243,55.71994],[37.49493,55.7201],[37.49309,55.71783],[37.49337,55.71549],[37.49293,55.71349],[37.49059,55.70928],[37.48815,55.70735],[37.47716,55.70262],[37.46955,55.6982],[37.46632,55.69453],[37.47756,55.68593],[37.47168,55.68255],[37.45881,55.67377],[37.44544,55.66887],[37.43835,55.6636],[37.43455,55.66239],[37.43227,55.66201],[37.41803,55.68055],[37.41545,55.68204],[37.41421,55.68203],[37.41516,55.68243],[37.41468,55.68395],[37.41496,55.68527],[37.4124,55.69042],[37.41037,55.69263],[37.40216,55.69884]]]}},{"type":"Feature","properties":{"name":"Перово","key":"перово","kind":"district","lx":37.76729,"ly":55.74934},"geometry":{"type":"Polygon","coordinates":[[[37.71961,55.75198],[37.75422,55.75875],[37.7537,55.75961],[37.75474,55.76043],[37.76405,55.76218],[37.76894,55.76397],[37.76917,55.7632],[37.77867,55.76611],[37.79185,55.76616],[37.80124,55.76801],[37.80137,55.76615],[37.79976,55.76241],[37.80058,55.76089],[37.803,55.76108],[37.8087,55.76024],[37.80564,55.75331],[37.80066,55.75389],[37.78479,55.75092],[37.78789,55.74558],[37.78404,55.74579],[37.78394,55.7453],[37.78327,55.74532],[37.78262,55.74388],[37.78325,55.74359],[37.78305,55.7428],[37.78116,55.74199],[37.7794,55.74294],[37.77668,55.73858],[37.77454,55.73841],[37.77353,55.73758],[37.77321,55.7367],[37.77359,55.73551],[37.76752,55.73415],[37.76129,55.73699],[37.74935,55.73916],[37.74672,55.74037],[37.74018,55.74483],[37.72445,55.74923],[37.72185,55.75035],[37.71961,55.75198]]]}},{"type":"Feature","properties":{"name":"Печатники","key":"печатники","kind":"district","lx":37.71223,"ly":55.70703},"geometry":{"type":"Polygon","coordinates":[[[37.67152,55.65578],[37.67324,55.66511],[37.67504,55.66765],[37.68242,55.67062],[37.6874,55.67116],[37.69075,55.67324],[37.70476,55.67736],[37.71195,55.68132],[37.71238,55.68466],[37.71212,55.68846],[37.70757,55.69327],[37.68427,55.69742],[37.68696,55.70018],[37.69117,55.70607],[37.68628,55.70618],[37.67908,55.71478],[37.70003,55.72074],[37.70225,55.71974],[37.71504,55.72354],[37.72639,55.71419],[37.7289,55.71124],[37.73131,55.69512],[37.73258,55.69238],[37.73418,55.69058],[37.73488,55.68821],[37.73443,55.68619],[37.73126,55.67951],[37.7252,55.66896],[37.72211,55.66513],[37.69291,55.64383],[37.67457,55.65176],[37.67165,55.65435],[37.67152,55.65578]]]}},{"type":"Feature","properties":{"name":"Покровское-Стрешнево","key":"покровскоестрешнево","kind":"district","lx":37.43733,"ly":55.8227},"geometry":{"type":"Polygon","coordinates":[[[37.39444,55.8291],[37.39586,55.83364],[37.40542,55.83174],[37.40818,55.83334],[37.41059,55.83277],[37.41229,55.83335],[37.41393,55.83309],[37.41537,55.83349],[37.41566,55.8344],[37.41467,55.83523],[37.41591,55.83625],[37.42347,55.83743],[37.42617,55.83699],[37.4282,55.83447],[37.4363,55.83651],[37.45948,55.83509],[37.46547,55.83695],[37.46786,55.8399],[37.46984,55.84138],[37.47035,55.84273],[37.47152,55.8424],[37.47251,55.84098],[37.47168,55.83779],[37.47898,55.83155],[37.47912,55.83075],[37.47442,55.82983],[37.4781,55.82667],[37.48139,55.82701],[37.48791,55.82653],[37.49108,55.82727],[37.49337,55.82448],[37.49026,55.82277],[37.48804,55.82063],[37.4868,55.81793],[37.48686,55.81533],[37.4797,55.8151],[37.46789,55.81161],[37.45748,55.81107],[37.45282,55.81168],[37.44891,55.81401],[37.4465,55.81008],[37.44614,55.80799],[37.44643,55.80655],[37.44124,55.80874],[37.43806,55.80918],[37.43017,55.80884],[37.42682,55.80939],[37.41987,55.81152],[37.41484,55.81505],[37.4141,55.81639],[37.41446,55.81914],[37.41262,55.82128],[37.40712,55.82557],[37.39815,55.82847],[37.39444,55.8291]]]}},{"type":"Feature","properties":{"name":"Преображенское","key":"преображенское","kind":"district","lx":37.72125,"ly":55.79664},"geometry":{"type":"Polygon","coordinates":[[[37.69858,55.80042],[37.6988,55.80134],[37.70768,55.80366],[37.70875,55.80289],[37.71164,55.80435],[37.72409,55.80652],[37.72985,55.80982],[37.73183,55.80878],[37.74593,55.80903],[37.74614,55.79853],[37.74451,55.79349],[37.73467,55.79385],[37.73259,55.79298],[37.7304,55.79069],[37.72595,55.78798],[37.72045,55.787],[37.71688,55.78792],[37.71761,55.7855],[37.71423,55.78518],[37.71343,55.78613],[37.71187,55.78559],[37.71205,55.78499],[37.70679,55.78451],[37.70631,55.78308],[37.70201,55.78458],[37.70088,55.78394],[37.70079,55.78275],[37.69928,55.78272],[37.69866,55.78675],[37.69913,55.78837],[37.69999,55.78933],[37.70489,55.79191],[37.7055,55.7928],[37.70462,55.79423],[37.69915,55.79908],[37.69858,55.80042]]]}},{"type":"Feature","properties":{"name":"Пресненский","key":"пресненский","kind":"district","lx":37.54706,"ly":55.76127},"geometry":{"type":"Polygon","coordinates":[[[37.51393,55.75842],[37.52256,55.76169],[37.52429,55.75985],[37.53182,55.76322],[37.53404,55.76501],[37.53476,55.76619],[37.53606,55.7661],[37.53713,55.76976],[37.54186,55.77241],[37.54443,55.77299],[37.57523,55.77552],[37.57622,55.77375],[37.57711,55.77316],[37.58332,55.77526],[37.59539,55.76797],[37.59674,55.76766],[37.59474,55.76667],[37.59498,55.76644],[37.59583,55.76637],[37.59891,55.76428],[37.60062,55.76487],[37.60422,55.76318],[37.60369,55.76265],[37.60622,55.76125],[37.60567,55.76087],[37.60757,55.76009],[37.60976,55.75833],[37.607,55.75622],[37.60736,55.7561],[37.60601,55.754],[37.60406,55.75418],[37.60227,55.7536],[37.58954,55.7567],[37.5892,55.75638],[37.58446,55.75811],[37.58383,55.75526],[37.57678,55.75522],[37.57454,55.75295],[37.57206,55.75202],[37.56788,55.75336],[37.56402,55.7536],[37.56018,55.75308],[37.55454,55.75144],[37.54037,55.74546],[37.5324,55.7444],[37.52797,55.74461],[37.52364,55.74633],[37.52205,55.74758],[37.52023,55.75002],[37.5163,55.75683],[37.51393,55.75842]]]}},{"type":"Feature","properties":{"name":"Проспект Вернадского","key":"проспектвернадского","kind":"district","lx":37.49945,"ly":55.67814},"geometry":{"type":"Polygon","coordinates":[[[37.47371,55.67895],[37.47439,55.68135],[37.47812,55.68378],[37.47716,55.68571],[37.47756,55.68593],[37.47944,55.68415],[37.48138,55.68113],[37.48469,55.68309],[37.48627,55.68219],[37.4899,55.68382],[37.487,55.68737],[37.48867,55.68861],[37.49443,55.68668],[37.49629,55.68693],[37.49872,55.68817],[37.50278,55.68763],[37.50421,55.68816],[37.50593,55.68782],[37.50716,55.68685],[37.50708,55.68487],[37.50947,55.68245],[37.50829,55.68112],[37.51014,55.67884],[37.51166,55.67973],[37.52401,55.67371],[37.50654,55.66178],[37.50671,55.66293],[37.50508,55.66427],[37.50191,55.66566],[37.50124,55.6668],[37.50026,55.66709],[37.50015,55.66786],[37.49851,55.66874],[37.49258,55.67003],[37.48684,55.66958],[37.48463,55.67022],[37.48251,55.6719],[37.48169,55.6738],[37.47806,55.67744],[37.47371,55.67895]]]}},{"type":"Feature","properties":{"name":"Раменки","key":"раменки","kind":"district","lx":37.51677,"ly":55.70716},"geometry":{"type":"Polygon","coordinates":[[[37.46632,55.69453],[37.46955,55.6982],[37.47716,55.70262],[37.48815,55.70735],[37.49059,55.70928],[37.49293,55.71349],[37.49337,55.71549],[37.49309,55.71783],[37.49711,55.72213],[37.51849,55.73143],[37.53259,55.73543],[37.53847,55.73621],[37.54287,55.73314],[37.54779,55.72807],[37.5449,55.72706],[37.54186,55.72404],[37.54108,55.72013],[37.54189,55.71759],[37.54333,55.71562],[37.54852,55.71226],[37.5529,55.71097],[37.55923,55.71028],[37.53657,55.69356],[37.51014,55.67884],[37.50829,55.68112],[37.50947,55.68245],[37.50708,55.68487],[37.50716,55.68685],[37.50593,55.68782],[37.50421,55.68816],[37.50278,55.68763],[37.49872,55.68817],[37.49629,55.68693],[37.49443,55.68668],[37.48867,55.68861],[37.487,55.68737],[37.4899,55.68382],[37.48627,55.68219],[37.48469,55.68309],[37.48138,55.68113],[37.47819,55.6854],[37.46632,55.69453]]]}},{"type":"Feature","properties":{"name":"Ростокино","key":"ростокино","kind":"district","lx":37.64776,"ly":55.83723},"geometry":{"type":"Polygon","coordinates":[[[37.63202,55.83595],[37.63202,55.83824],[37.63237,55.83862],[37.6367,55.83782],[37.63583,55.84574],[37.65056,55.84462],[37.67021,55.83874],[37.67152,55.82736],[37.67069,55.82439],[37.6675,55.8249],[37.66684,55.8259],[37.6653,55.82659],[37.6544,55.82864],[37.65349,55.83012],[37.65515,55.83213],[37.65427,55.83328],[37.64963,55.82894],[37.63673,55.83348],[37.63667,55.83382],[37.63425,55.83381],[37.63423,55.83532],[37.63202,55.83595]]]}},{"type":"Feature","properties":{"name":"Рязанский","key":"рязанский","kind":"district","lx":37.76689,"ly":55.72423},"geometry":{"type":"Polygon","coordinates":[[[37.73566,55.72506],[37.75666,55.7289],[37.76028,55.73079],[37.76192,55.73318],[37.76752,55.73415],[37.7759,55.72994],[37.79912,55.72211],[37.79454,55.70737],[37.78067,55.70924],[37.7744,55.71684],[37.749,55.7103],[37.74258,55.72064],[37.74239,55.72162],[37.74088,55.72243],[37.73897,55.72461],[37.73566,55.72506]]]}},{"type":"Feature","properties":{"name":"Савёлки","key":"савелки","kind":"district","lx":37.23591,"ly":55.99094},"geometry":{"type":"Polygon","coordinates":[[[37.2095,56.00082],[37.212,56.00125],[37.22031,55.99926],[37.22037,56.00007],[37.22193,56.00007],[37.22237,55.99958],[37.22588,55.99907],[37.22579,55.99857],[37.22742,55.99815],[37.22849,55.99932],[37.22607,56.00256],[37.22556,56.00249],[37.22525,56.00441],[37.23176,56.00443],[37.2423,56.00028],[37.24437,56.00109],[37.24631,56.00081],[37.24745,55.99908],[37.2485,55.99839],[37.24844,55.99784],[37.26054,55.99315],[37.25731,55.99006],[37.25379,55.98827],[37.25555,55.98726],[37.26301,55.98854],[37.26446,55.98714],[37.2655,55.98449],[37.26517,55.98304],[37.26735,55.98243],[37.26774,55.98193],[37.26616,55.98114],[37.26541,55.97965],[37.26644,55.97947],[37.2638,55.97271],[37.26318,55.9719],[37.26146,55.97143],[37.26106,55.9699],[37.26158,55.96991],[37.26129,55.96807],[37.26814,55.96821],[37.2683,55.96784],[37.26226,55.96688],[37.26004,55.96791],[37.25249,55.9679],[37.25327,55.97041],[37.2465,55.97574],[37.2437,55.9767],[37.24408,55.97719],[37.24237,55.97827],[37.24251,55.97898],[37.24198,55.97931],[37.2409,55.97948],[37.23837,55.97879],[37.23675,55.97909],[37.23656,55.97966],[37.23582,55.9798],[37.23327,55.9785],[37.23221,55.97906],[37.23065,55.97891],[37.23078,55.9799],[37.23017,55.98024],[37.22736,55.97982],[37.22586,55.98008],[37.22478,55.98127],[37.22637,55.98392],[37.22492,55.98493],[37.22397,55.98455],[37.21856,55.9853],[37.21672,55.98605],[37.21631,55.98679],[37.21243,55.98703],[37.21337,55.98918],[37.21306,55.98992],[37.21399,55.99327],[37.2095,56.00082]]]}},{"type":"Feature","properties":{"name":"Савёловский","key":"савеловский","kind":"district","lx":37.57553,"ly":55.79962},"geometry":{"type":"Polygon","coordinates":[[[37.54846,55.80663],[37.54946,55.80708],[37.55384,55.8054],[37.55854,55.80489],[37.58065,55.80829],[37.58234,55.80552],[37.58439,55.79508],[37.58653,55.79344],[37.58399,55.79222],[37.56919,55.79155],[37.56329,55.79388],[37.54846,55.80663]]]}},{"type":"Feature","properties":{"name":"Свиблово","key":"свиблово","kind":"district","lx":37.64151,"ly":55.85417},"geometry":{"type":"Polygon","coordinates":[[[37.62501,55.85722],[37.62923,55.85688],[37.63078,55.85698],[37.6315,55.85758],[37.6329,55.85736],[37.63287,55.85918],[37.63385,55.86061],[37.64016,55.86502],[37.64173,55.86532],[37.64222,55.86432],[37.64474,55.86334],[37.64638,55.86128],[37.6529,55.85762],[37.6619,55.85695],[37.67121,55.85045],[37.67194,55.85043],[37.67145,55.84681],[37.66345,55.84082],[37.65056,55.84462],[37.64009,55.84557],[37.62671,55.84608],[37.6263,55.85525],[37.62501,55.85722]]]}},{"type":"Feature","properties":{"name":"Северное Бутово","key":"северноебутово","kind":"district","lx":37.57073,"ly":55.56753},"geometry":{"type":"Polygon","coordinates":[[[37.53685,55.57729],[37.53865,55.57956],[37.54102,55.57923],[37.54091,55.57884],[37.5419,55.57855],[37.54574,55.57836],[37.55118,55.58032],[37.54964,55.58142],[37.54899,55.58246],[37.54952,55.58227],[37.54917,55.58295],[37.54625,55.58411],[37.54541,55.58494],[37.54567,55.58558],[37.54784,55.58699],[37.56955,55.58181],[37.57311,55.58238],[37.57383,55.58188],[37.57294,55.58097],[37.59009,55.5769],[37.59152,55.57608],[37.5972,55.56908],[37.59747,55.56687],[37.60229,55.56637],[37.60358,55.56459],[37.59424,55.56088],[37.5774,55.54911],[37.57586,55.54981],[37.57568,55.55236],[37.5722,55.55402],[37.55999,55.55381],[37.55945,55.55582],[37.56043,55.55782],[37.55865,55.56041],[37.55542,55.55936],[37.55426,55.55949],[37.5548,55.56148],[37.55201,55.56185],[37.55035,55.56293],[37.55059,55.5636],[37.55316,55.56406],[37.55349,55.56762],[37.54789,55.56892],[37.54888,55.56994],[37.5475,55.5704],[37.54612,55.56994],[37.54451,55.57022],[37.54368,55.57075],[37.54069,55.57113],[37.53891,55.57221],[37.53724,55.57239],[37.53691,55.57315],[37.53954,55.57326],[37.53995,55.57604],[37.53872,55.57592],[37.5393,55.57672],[37.53685,55.57729]]]}},{"type":"Feature","properties":{"name":"Северное Измайлово","key":"северноеизмайлово","kind":"district","lx":37.83487,"ly":55.80865},"geometry":{"type":"Polygon","coordinates":[[[37.75085,55.80217],[37.78057,55.80962],[37.81176,55.81065],[37.84376,55.81477],[37.83979,55.81174],[37.84041,55.80369],[37.75085,55.80217]]]}},{"type":"Feature","properties":{"name":"Северное Медведково","key":"северноемедведково","kind":"district","lx":37.65117,"ly":55.88748},"geometry":{"type":"Polygon","coordinates":[[[37.61965,55.88561],[37.62317,55.88778],[37.62276,55.88848],[37.62318,55.88898],[37.63561,55.89368],[37.64407,55.8977],[37.66918,55.89568],[37.67156,55.89691],[37.67184,55.89773],[37.67267,55.89784],[37.67315,55.89703],[37.67695,55.89546],[37.68526,55.8951],[37.68468,55.8911],[37.6819,55.88797],[37.68119,55.88574],[37.67822,55.88325],[37.67673,55.88309],[37.67394,55.88385],[37.6729,55.88354],[37.67373,55.88287],[37.6717,55.88209],[37.66849,55.88191],[37.66507,55.88236],[37.65965,55.88113],[37.65748,55.87982],[37.65733,55.87661],[37.63635,55.87841],[37.64173,55.88413],[37.61965,55.88561]]]}},{"type":"Feature","properties":{"name":"Северное Тушино","key":"северноетушино","kind":"district","lx":37.4328,"ly":55.8639},"geometry":{"type":"Polygon","coordinates":[[[37.39375,55.85179],[37.39505,55.85432],[37.39456,55.8544],[37.39764,55.85997],[37.40166,55.86447],[37.40685,55.86843],[37.41522,55.87274],[37.43648,55.87958],[37.43778,55.87856],[37.43798,55.87722],[37.43872,55.87653],[37.44262,55.87441],[37.45145,55.87026],[37.45397,55.87012],[37.45608,55.86188],[37.45771,55.85984],[37.46085,55.853],[37.42144,55.84874],[37.41303,55.85042],[37.40335,55.85048],[37.39375,55.85179]]]}},{"type":"Feature","properties":{"name":"Северный","key":"северный","kind":"district","lx":37.54445,"ly":55.92692},"geometry":{"type":"Polygon","coordinates":[[[37.51923,55.94194],[37.53055,55.94357],[37.53478,55.94293],[37.53814,55.94329],[37.53833,55.94274],[37.54359,55.94281],[37.53744,55.95284],[37.54235,55.95414],[37.54693,55.9543],[37.54855,55.95116],[37.55189,55.95122],[37.55166,55.95363],[37.5551,55.95353],[37.55515,55.95153],[37.57443,55.95777],[37.57474,55.95619],[37.57841,55.95558],[37.58071,55.95399],[37.57912,55.95367],[37.58004,55.95202],[37.57942,55.94947],[37.56246,55.95107],[37.56281,55.94767],[37.56458,55.9414],[37.56754,55.94073],[37.57009,55.94093],[37.57021,55.93645],[37.56653,55.93647],[37.56592,55.93335],[37.56096,55.93227],[37.56138,55.92806],[37.55592,55.90928],[37.53683,55.90712],[37.53632,55.90757],[37.51923,55.94194]]]}},{"type":"Feature","properties":{"name":"Силино","key":"силино","kind":"district","lx":37.16755,"ly":56.00112},"geometry":{"type":"Polygon","coordinates":[[[37.1316,56.01645],[37.13609,56.01911],[37.13893,56.01789],[37.13875,56.01837],[37.14335,56.01769],[37.14524,56.01809],[37.15009,56.01722],[37.15052,56.0165],[37.15826,56.018],[37.15975,56.01636],[37.15919,56.01534],[37.15996,56.01444],[37.15866,56.01414],[37.15886,56.0137],[37.16173,56.01322],[37.16266,56.01394],[37.16382,56.0136],[37.16462,56.01423],[37.16774,56.01389],[37.17761,56.01513],[37.18528,56.01892],[37.18421,56.01972],[37.18451,56.02002],[37.187,56.01999],[37.18898,56.02122],[37.19557,56.0186],[37.19047,56.01351],[37.18016,56.01136],[37.18179,56.00841],[37.17853,56.00795],[37.1791,56.00529],[37.18453,56.00524],[37.18458,56.00396],[37.18645,56.00382],[37.18698,56.00343],[37.1863,56.00241],[37.18785,56.002],[37.18928,56.00204],[37.19122,56.00281],[37.19169,56.00347],[37.19494,56.00445],[37.19643,56.00353],[37.19894,56.00313],[37.1987,56.00228],[37.19994,56.00252],[37.20087,56.00124],[37.20073,56.0],[37.19698,55.99954],[37.19702,55.99867],[37.19782,55.99852],[37.19812,55.99736],[37.19878,55.99742],[37.20165,55.99541],[37.20326,55.9934],[37.20429,55.99364],[37.20441,55.99256],[37.20509,55.99173],[37.20474,55.99086],[37.20523,55.99056],[37.20508,55.98805],[37.20293,55.98858],[37.20268,55.98798],[37.20142,55.98802],[37.20002,55.98883],[37.19554,55.98903],[37.19574,55.99],[37.19469,55.99013],[37.19383,55.99102],[37.19271,55.99106],[37.19221,55.99165],[37.18519,55.99034],[37.17879,55.98332],[37.17327,55.98044],[37.1625,55.98897],[37.15064,55.99923],[37.15117,55.99955],[37.14698,56.00335],[37.13942,56.00972],[37.13907,56.00959],[37.1316,56.01645]]]}},{"type":"Feature","properties":{"name":"Сокол","key":"сокол","kind":"district","lx":37.50312,"ly":55.80688},"geometry":{"type":"Polygon","coordinates":[[[37.48686,55.81533],[37.50808,55.81475],[37.5195,55.81517],[37.51101,55.80608],[37.52044,55.80374],[37.51789,55.79476],[37.51889,55.79434],[37.51829,55.7935],[37.50382,55.79108],[37.50255,55.79487],[37.4879,55.8121],[37.48686,55.81533]]]}},{"type":"Feature","properties":{"name":"Соколиная Гора","key":"соколинаягора","kind":"district","lx":37.73082,"ly":55.77485},"geometry":{"type":"Polygon","coordinates":[[[37.69928,55.78272],[37.70079,55.78275],[37.70088,55.78394],[37.70201,55.78458],[37.70631,55.78308],[37.70679,55.78451],[37.71205,55.78499],[37.71187,55.78559],[37.71343,55.78613],[37.71423,55.78518],[37.71761,55.7855],[37.71688,55.78792],[37.72045,55.787],[37.72563,55.78787],[37.7304,55.79069],[37.73259,55.79298],[37.73467,55.79385],[37.74451,55.79349],[37.74294,55.78772],[37.74391,55.77672],[37.74535,55.77005],[37.74804,55.77005],[37.74857,55.76594],[37.75093,55.76452],[37.75422,55.75875],[37.71961,55.75198],[37.71813,55.75388],[37.71766,55.75596],[37.71818,55.75802],[37.72063,55.76246],[37.72085,55.76547],[37.72039,55.76673],[37.71361,55.7753],[37.70992,55.77887],[37.70525,55.78099],[37.69935,55.78197],[37.69928,55.78272]]]}},{"type":"Feature","properties":{"name":"Сокольники","key":"сокольники","kind":"district","lx":37.67478,"ly":55.80184},"geometry":{"type":"Polygon","coordinates":[[[37.65012,55.79279],[37.65049,55.79876],[37.65128,55.80042],[37.6549,55.80511],[37.66808,55.81987],[37.67069,55.82439],[37.67453,55.82125],[37.67491,55.82049],[37.67746,55.81905],[37.68544,55.81686],[37.68758,55.81712],[37.68782,55.81691],[37.68517,55.8155],[37.69325,55.81061],[37.69532,55.81171],[37.69482,55.81094],[37.69724,55.81079],[37.70015,55.80984],[37.70041,55.80828],[37.70181,55.80702],[37.70189,55.80587],[37.69923,55.80235],[37.69867,55.79988],[37.70462,55.79423],[37.7055,55.7928],[37.70489,55.79191],[37.69999,55.78933],[37.69913,55.78837],[37.69866,55.78675],[37.69935,55.78197],[37.691,55.78189],[37.68827,55.7819],[37.65182,55.7891],[37.65012,55.79279]]]}},{"type":"Feature","properties":{"name":"Солнцево","key":"солнцево","kind":"district","lx":37.41965,"ly":55.6462},"geometry":{"type":"Polygon","coordinates":[[[37.36785,55.6532],[37.36977,55.65952],[37.37095,55.65906],[37.37699,55.6591],[37.378,55.65948],[37.38007,55.66443],[37.38616,55.66458],[37.38906,55.66193],[37.39413,55.66094],[37.40466,55.66194],[37.41546,55.66476],[37.41307,55.66741],[37.40734,55.66968],[37.40673,55.67037],[37.40594,55.6701],[37.40403,55.67104],[37.4048,55.67283],[37.40571,55.67328],[37.40597,55.67446],[37.41129,55.67749],[37.41058,55.67805],[37.41748,55.68078],[37.43056,55.66383],[37.43542,55.65868],[37.45685,55.64017],[37.45583,55.63745],[37.44857,55.63424],[37.41849,55.62623],[37.40867,55.62629],[37.40855,55.62694],[37.40581,55.62729],[37.40561,55.62795],[37.40443,55.62846],[37.39635,55.6286],[37.39472,55.6284],[37.39392,55.62737],[37.39284,55.62741],[37.39271,55.62799],[37.3877,55.6285],[37.3886,55.6317],[37.38712,55.63226],[37.38095,55.63269],[37.37712,55.63606],[37.37531,55.6368],[37.37554,55.63784],[37.37476,55.63767],[37.37446,55.63809],[37.37488,55.63827],[37.37386,55.63897],[37.37433,55.63924],[37.37442,55.64093],[37.37583,55.64194],[37.37294,55.64473],[37.37401,55.64491],[37.37488,55.64707],[37.37432,55.64744],[37.377,55.64918],[37.37694,55.65066],[37.37665,55.65112],[37.37074,55.65106],[37.36924,55.65177],[37.36785,55.6532]]]}},{"type":"Feature","properties":{"name":"Старое Крюково","key":"староекрюково","kind":"district","lx":37.19028,"ly":55.98252},"geometry":{"type":"Polygon","coordinates":[[[37.17327,55.98044],[37.17879,55.98332],[37.18519,55.99034],[37.19211,55.99166],[37.19271,55.99106],[37.19383,55.99102],[37.19469,55.99013],[37.19566,55.99006],[37.19572,55.98898],[37.20002,55.98883],[37.20142,55.98802],[37.20268,55.98798],[37.20319,55.98856],[37.20663,55.98754],[37.20907,55.98785],[37.21073,55.98713],[37.21631,55.98679],[37.21672,55.98605],[37.21856,55.9853],[37.22397,55.98455],[37.22492,55.98493],[37.22637,55.98392],[37.22478,55.98127],[37.22375,55.98171],[37.2218,55.98165],[37.21891,55.98036],[37.21705,55.97767],[37.21877,55.97724],[37.217,55.97599],[37.21556,55.97668],[37.21492,55.97608],[37.21284,55.9766],[37.2113,55.97046],[37.21314,55.97017],[37.2124,55.96924],[37.20853,55.9701],[37.20832,55.96977],[37.18694,55.97466],[37.18066,55.97684],[37.17327,55.98044]]]}},{"type":"Feature","properties":{"name":"Строгино","key":"строгино","kind":"district","lx":37.40273,"ly":55.80539},"geometry":{"type":"Polygon","coordinates":[[[37.36724,55.79038],[37.36784,55.79136],[37.37215,55.79161],[37.37448,55.79236],[37.38465,55.80324],[37.38679,55.80695],[37.38598,55.80731],[37.38625,55.80875],[37.38493,55.809],[37.38617,55.80982],[37.38789,55.80976],[37.3937,55.82917],[37.39815,55.82847],[37.40712,55.82557],[37.41262,55.82128],[37.41446,55.81914],[37.4141,55.81639],[37.41484,55.81505],[37.41987,55.81152],[37.42682,55.80939],[37.43017,55.80884],[37.43806,55.80918],[37.44124,55.80874],[37.44643,55.80655],[37.44733,55.80455],[37.44763,55.80262],[37.44555,55.79255],[37.4383,55.78808],[37.43185,55.78648],[37.42633,55.78647],[37.42329,55.78726],[37.418,55.79154],[37.41272,55.79214],[37.41034,55.79143],[37.40742,55.78645],[37.40313,55.78081],[37.40309,55.77909],[37.40408,55.77748],[37.40858,55.77576],[37.40052,55.77143],[37.38674,55.77093],[37.3834,55.77218],[37.37975,55.77235],[37.37884,55.77168],[37.37086,55.77101],[37.37026,55.77136],[37.37026,55.77303],[37.36889,55.77304],[37.36907,55.78273],[37.3706,55.78819],[37.36724,55.79038]]]}},{"type":"Feature","properties":{"name":"Ступино","key":"ступино","kind":"town","lx":38.14453,"ly":54.87022},"geometry":{"type":"MultiPolygon","coordinates":[[[[38.15122,54.84655],[38.15521,54.84563],[38.16254,54.84731],[38.16855,54.84962],[38.16952,54.84954],[38.17303,54.84352],[38.17172,54.8361],[38.17216,54.83426],[38.1732,54.8326],[38.17307,54.83177],[38.17189,54.83106],[38.16841,54.8323],[38.16641,54.83227],[38.16391,54.83096],[38.1617,54.82778],[38.16086,54.82731],[38.15737,54.82889],[38.15544,54.82909],[38.15357,54.82854],[38.15153,54.82688],[38.14523,54.82508],[38.14383,54.82601],[38.14129,54.82949],[38.13747,54.83295],[38.13531,54.83391],[38.13268,54.83384],[38.13175,54.83452],[38.13206,54.83588],[38.14317,54.84225],[38.14907,54.84452],[38.15122,54.84655]]],[[[38.04813,54.88218],[38.04848,54.8859],[38.05044,54.88867],[38.05592,54.88957],[38.05903,54.8917],[38.06048,54.89371],[38.06309,54.8952],[38.06587,54.89527],[38.06879,54.89652],[38.07228,54.89626],[38.07583,54.89773],[38.07874,54.89785],[38.08109,54.89902],[38.08308,54.90178],[38.08356,54.90423],[38.08279,54.9066],[38.07966,54.91073],[38.08031,54.91134],[38.08281,54.91191],[38.08996,54.90608],[38.09185,54.90555],[38.09379,54.9058],[38.09585,54.90711],[38.09767,54.90994],[38.09829,54.9117],[38.0984,54.9145],[38.10438,54.91984],[38.10751,54.92096],[38.1093,54.91994],[38.1094,54.91878],[38.10104,54.91337],[38.0999,54.9113],[38.09982,54.90809],[38.09914,54.90697],[38.09687,54.90526],[38.09581,54.9025],[38.09678,54.89921],[38.10544,54.88865],[38.10865,54.88681],[38.11486,54.88735],[38.11588,54.88701],[38.11816,54.88552],[38.11875,54.88318],[38.11976,54.8815],[38.12228,54.88001],[38.13435,54.88052],[38.14082,54.88162],[38.14341,54.88293],[38.14507,54.88589],[38.14799,54.88812],[38.14882,54.89097],[38.14788,54.89396],[38.14816,54.89615],[38.14996,54.89793],[38.15298,54.8995],[38.15435,54.90209],[38.15433,54.90407],[38.15324,54.90627],[38.15123,54.90769],[38.14705,54.90873],[38.14668,54.90949],[38.14708,54.91113],[38.14802,54.91171],[38.15092,54.91113],[38.15506,54.91219],[38.1605,54.91228],[38.16335,54.91286],[38.16578,54.91249],[38.16649,54.91127],[38.16601,54.91021],[38.16211,54.90864],[38.16051,54.90624],[38.1605,54.90336],[38.16233,54.90055],[38.16306,54.89883],[38.16289,54.89801],[38.16029,54.89685],[38.15816,54.89454],[38.15191,54.89311],[38.14979,54.89042],[38.14962,54.88795],[38.15094,54.88522],[38.15423,54.88188],[38.15792,54.88138],[38.15966,54.88034],[38.16085,54.87697],[38.15885,54.87421],[38.15645,54.86813],[38.15714,54.86526],[38.15847,54.86378],[38.16042,54.86277],[38.16062,54.86166],[38.15726,54.85868],[38.15419,54.85792],[38.15255,54.85702],[38.14955,54.85324],[38.14674,54.85416],[38.14466,54.85646],[38.14198,54.85752],[38.1398,54.85924],[38.13477,54.86086],[38.13,54.86347],[38.12625,54.86463],[38.12382,54.86674],[38.12217,54.86756],[38.11908,54.86753],[38.11628,54.86544],[38.1138,54.86447],[38.11113,54.86525],[38.11068,54.86584],[38.11083,54.86667],[38.11344,54.86872],[38.11465,54.87081],[38.11482,54.87274],[38.11424,54.87459],[38.11261,54.87637],[38.10578,54.88005],[38.10312,54.8823],[38.10036,54.88344],[38.08119,54.88232],[38.07888,54.88137],[38.07717,54.87958],[38.07331,54.8795],[38.07018,54.87788],[38.05292,54.87915],[38.05099,54.88099],[38.04813,54.88218]]]]}},{"type":"Feature","properties":{"name":"Таганский","key":"таганский","kind":"district","lx":37.65775,"ly":55.74267},"geometry":{"type":"Polygon","coordinates":[[[37.63207,55.74888],[37.63351,55.75342],[37.63491,55.75399],[37.63697,55.7542],[37.63895,55.75324],[37.64301,55.75266],[37.65046,55.75313],[37.6564,55.75475],[37.66243,55.75422],[37.66423,55.75276],[37.66621,55.75315],[37.67105,55.75056],[37.68244,55.74827],[37.69234,55.74387],[37.69528,55.74232],[37.69708,55.74079],[37.69984,55.73632],[37.69886,55.73644],[37.6937,55.7293],[37.69216,55.72954],[37.68541,55.73304],[37.68584,55.73011],[37.68406,55.73003],[37.6841,55.72958],[37.68333,55.72915],[37.68144,55.72904],[37.68157,55.72847],[37.68041,55.72841],[37.68058,55.72768],[37.67892,55.72826],[37.67773,55.72736],[37.67058,55.72583],[37.66746,55.73086],[37.66581,55.73164],[37.66069,55.7307],[37.66313,55.72676],[37.65672,55.72637],[37.65577,55.72762],[37.65049,55.73128],[37.64802,55.73496],[37.64487,55.74113],[37.64131,55.74501],[37.63771,55.74737],[37.63207,55.74888]]]}},{"type":"Feature","properties":{"name":"Тверской","key":"тверской","kind":"district","lx":37.60834,"ly":55.77296},"geometry":{"type":"Polygon","coordinates":[[[37.57523,55.77552],[37.58025,55.77705],[37.58479,55.77987],[37.58607,55.7827],[37.58863,55.79206],[37.5878,55.79264],[37.59589,55.79223],[37.5993,55.79248],[37.60172,55.78517],[37.60461,55.78531],[37.61423,55.78196],[37.61533,55.78225],[37.61493,55.78159],[37.61711,55.78021],[37.61853,55.77641],[37.61894,55.77364],[37.62069,55.77368],[37.62102,55.77332],[37.6214,55.7669],[37.6199,55.76526],[37.62015,55.76172],[37.62144,55.75924],[37.62091,55.75899],[37.62582,55.75973],[37.62669,55.76045],[37.62883,55.75983],[37.62787,55.75952],[37.63164,55.75705],[37.63491,55.75399],[37.63351,55.75342],[37.63207,55.74888],[37.62831,55.74922],[37.62136,55.74882],[37.61698,55.74818],[37.6122,55.74677],[37.61061,55.74864],[37.6088,55.74919],[37.61224,55.75456],[37.607,55.75622],[37.60976,55.75833],[37.60757,55.76009],[37.60567,55.76087],[37.60622,55.76125],[37.60369,55.76265],[37.60422,55.76318],[37.60062,55.76487],[37.59891,55.76428],[37.59583,55.76637],[37.59498,55.76644],[37.59474,55.76667],[37.59674,55.76766],[37.59539,55.76797],[37.58332,55.77526],[37.57711,55.77316],[37.57622,55.77375],[37.57523,55.77552]]]}},{"type":"Feature","properties":{"name":"Текстильщики","key":"текстильщики","kind":"district","lx":37.73926,"ly":55.70064},"geometry":{"type":"Polygon","coordinates":[[[37.7171,55.72174],[37.73566,55.72506],[37.7378,55.72501],[37.7395,55.72423],[37.74088,55.72243],[37.74239,55.72162],[37.74258,55.72064],[37.749,55.7103],[37.7476,55.70993],[37.74782,55.70779],[37.74523,55.70793],[37.75596,55.69166],[37.75425,55.68896],[37.74608,55.6904],[37.74218,55.69008],[37.73885,55.69162],[37.73302,55.69193],[37.73162,55.69398],[37.73049,55.69884],[37.7289,55.71124],[37.72639,55.71419],[37.7171,55.72174]]]}},{"type":"Feature","properties":{"name":"Тимирязевский","key":"тимирязевский","kind":"district","lx":37.55598,"ly":55.82381},"geometry":{"type":"Polygon","coordinates":[[[37.53178,55.83139],[37.5342,55.83396],[37.53895,55.83665],[37.56054,55.84484],[37.55518,55.84836],[37.5588,55.84937],[37.56314,55.84973],[37.57377,55.84848],[37.57526,55.84422],[37.57827,55.84063],[37.57874,55.83861],[37.57815,55.83679],[37.57468,55.83363],[37.57368,55.83184],[37.57402,55.82239],[37.57782,55.81664],[37.57931,55.81181],[37.58473,55.80868],[37.55912,55.80493],[37.55509,55.80514],[37.55109,55.80625],[37.54078,55.8119],[37.54111,55.81208],[37.53795,55.81704],[37.53527,55.81973],[37.53198,55.82185],[37.53283,55.82547],[37.53245,55.82962],[37.53178,55.83139]]]}},{"type":"Feature","properties":{"name":"Троицк","key":"троицк","kind":"district","lx":37.35461,"ly":55.49829},"geometry":{"type":"Polygon","coordinates":[[[37.23997,55.49928],[37.2422,55.49811],[37.24662,55.49781],[37.24971,55.50181],[37.25395,55.50426],[37.25565,55.50342],[37.26597,55.50518],[37.26794,55.50617],[37.26917,55.5057],[37.27056,55.50664],[37.26985,55.50745],[37.26986,55.50805],[37.27059,55.50857],[37.2701,55.50898],[37.27246,55.51088],[37.27243,55.51541],[37.27341,55.51755],[37.2704,55.51909],[37.27166,55.52218],[37.27393,55.52093],[37.28403,55.52566],[37.2935,55.5291],[37.29973,55.53019],[37.29809,55.53932],[37.30451,55.54245],[37.3113,55.54373],[37.31121,55.54265],[37.3118,55.54163],[37.31264,55.54157],[37.31366,55.53912],[37.31801,55.53943],[37.31892,55.53844],[37.32756,55.53849],[37.32874,55.53991],[37.33064,55.53938],[37.33331,55.53964],[37.33607,55.54064],[37.34203,55.54487],[37.34235,55.54606],[37.34356,55.54704],[37.35181,55.54738],[37.35239,55.54907],[37.35362,55.55048],[37.35672,55.54875],[37.35786,55.54948],[37.36487,55.54763],[37.36573,55.5485],[37.36873,55.54894],[37.36975,55.55112],[37.36805,55.55157],[37.36756,55.55381],[37.36796,55.55563],[37.37647,55.56148],[37.3785,55.56117],[37.37877,55.56172],[37.38451,55.5603],[37.38727,55.55894],[37.38904,55.55883],[37.3885,55.55755],[37.38888,55.55713],[37.39406,55.55566],[37.39221,55.55364],[37.40803,55.54957],[37.40716,55.54841],[37.41224,55.54448],[37.39483,55.53724],[37.39214,55.53513],[37.39004,55.53136],[37.38975,55.52849],[37.39429,55.52657],[37.3965,55.52658],[37.39655,55.52229],[37.39684,55.52058],[37.39739,55.52014],[37.39881,55.51977],[37.39967,55.5207],[37.40119,55.52113],[37.40411,55.52108],[37.40733,55.51882],[37.40531,55.51725],[37.40505,55.51683],[37.40558,55.51645],[37.40673,55.51594],[37.4113,55.51595],[37.4126,55.51293],[37.41351,55.5124],[37.41686,55.51241],[37.41666,55.51139],[37.41367,55.51122],[37.41365,55.51165],[37.40887,55.51274],[37.409,55.51391],[37.40774,55.51389],[37.40531,55.51006],[37.40438,55.50964],[37.40546,55.50902],[37.40647,55.50975],[37.40985,55.50846],[37.40908,55.50479],[37.40491,55.50166],[37.40823,55.50058],[37.41365,55.50194],[37.41781,55.50113],[37.41822,55.50178],[37.41671,55.50238],[37.41515,55.5048],[37.41561,55.50589],[37.41782,55.5067],[37.42048,55.50642],[37.42153,55.50479],[37.42415,55.50465],[37.42431,55.50415],[37.42887,55.50428],[37.42923,55.5057],[37.43282,55.50568],[37.43209,55.50404],[37.43297,55.50321],[37.43255,55.50238],[37.43484,55.50106],[37.43758,55.50056],[37.43911,55.50212],[37.44086,55.50199],[37.44118,55.50136],[37.44369,55.50012],[37.44743,55.49916],[37.44889,55.49792],[37.44967,55.49592],[37.45085,55.49562],[37.45373,55.49637],[37.4551,55.49598],[37.45537,55.49545],[37.45463,55.49408],[37.44881,55.48989],[37.4458,55.49092],[37.44531,55.49046],[37.44545,55.48876],[37.44812,55.48765],[37.44449,55.48858],[37.44397,55.488],[37.44739,55.4871],[37.44584,55.48365],[37.44464,55.48212],[37.43917,55.47949],[37.43883,55.47871],[37.43452,55.47684],[37.43223,55.47623],[37.42847,55.47589],[37.4271,55.47626],[37.42622,55.47589],[37.42974,55.47177],[37.42909,55.46942],[37.42455,55.46985],[37.42108,55.46838],[37.41962,55.4687],[37.41572,55.46615],[37.4122,55.46563],[37.41126,55.46293],[37.40763,55.46509],[37.40508,55.46508],[37.40038,55.46699],[37.40279,55.4685],[37.39457,55.46901],[37.39103,55.46667],[37.3925,55.46413],[37.39421,55.46316],[37.39146,55.46001],[37.38877,55.4571],[37.38766,55.45669],[37.38432,55.45788],[37.38364,55.45703],[37.38647,55.45592],[37.38683,55.45408],[37.3879,55.45357],[37.38658,55.45232],[37.38447,55.4513],[37.38027,55.45201],[37.37703,55.45185],[37.37679,55.45133],[37.37577,55.45133],[37.37454,55.44985],[37.37272,55.44992],[37.37138,55.44786],[37.3516,55.45197],[37.33625,55.45315],[37.32816,55.45523],[37.32742,55.4562],[37.32562,55.4558],[37.31786,55.45699],[37.31181,55.45669],[37.31179,55.45286],[37.30707,55.45186],[37.30512,55.4508],[37.30295,55.45074],[37.3018,55.45098],[37.29421,55.45554],[37.29346,55.45556],[37.29086,55.45099],[37.28878,55.44386],[37.28866,55.442],[37.2788,55.44319],[37.27583,55.44279],[37.27005,55.44296],[37.26875,55.44545],[37.26911,55.44891],[37.26848,55.45014],[37.26916,55.45233],[37.2689,55.45531],[37.26406,55.45811],[37.26643,55.46043],[37.2673,55.46043],[37.26839,55.46123],[37.26716,55.46182],[37.26555,55.46182],[37.26442,55.46261],[37.25979,55.47518],[37.25973,55.47812],[37.26102,55.48045],[37.25774,55.48164],[37.25476,55.48164],[37.25477,55.48308],[37.2584,55.48313],[37.2584,55.48485],[37.25541,55.48482],[37.2552,55.48615],[37.25309,55.48668],[37.25296,55.48893],[37.25065,55.49233],[37.25209,55.49265],[37.25207,55.49301],[37.24905,55.49356],[37.24693,55.49495],[37.24708,55.49666],[37.24624,55.49721],[37.24159,55.49763],[37.23997,55.49928]]]}},{"type":"Feature","properties":{"name":"Тропарёво-Никулино","key":"тропаревоникулино","kind":"district","lx":37.46949,"ly":55.66138},"geometry":{"type":"Polygon","coordinates":[[[37.43227,55.66201],[37.43835,55.6636],[37.44544,55.66887],[37.45881,55.67377],[37.47168,55.68255],[37.47716,55.68571],[37.47812,55.68378],[37.47439,55.68135],[37.47371,55.67895],[37.47806,55.67744],[37.48169,55.6738],[37.48251,55.6719],[37.48375,55.67115],[37.48381,55.67068],[37.48665,55.6696],[37.49258,55.67003],[37.49851,55.66874],[37.50015,55.66786],[37.50026,55.66709],[37.50124,55.6668],[37.50191,55.66566],[37.50508,55.66427],[37.50671,55.66293],[37.50654,55.66178],[37.50165,55.65852],[37.45572,55.63705],[37.45543,55.63722],[37.45628,55.63797],[37.45677,55.64053],[37.43655,55.6576],[37.43227,55.66201]]]}},{"type":"Feature","properties":{"name":"Тёплый Стан","key":"теплыйстан","kind":"district","lx":37.49342,"ly":55.62861},"geometry":{"type":"Polygon","coordinates":[[[37.45572,55.63705],[37.48247,55.64946],[37.48696,55.64664],[37.51491,55.63578],[37.52049,55.6343],[37.5171,55.62963],[37.50461,55.61882],[37.49998,55.61549],[37.4906,55.61045],[37.48833,55.60827],[37.48784,55.60839],[37.48912,55.61072],[37.48902,55.61244],[37.4889,55.61328],[37.48769,55.61435],[37.46939,55.62972],[37.46597,55.63314],[37.46448,55.6337],[37.46078,55.63706],[37.45796,55.63739],[37.45572,55.63705]]]}},{"type":"Feature","properties":{"name":"Фили-Давыдково","key":"филидавыдково","kind":"district","lx":37.46045,"ly":55.7258},"geometry":{"type":"Polygon","coordinates":[[[37.43795,55.73726],[37.44492,55.73483],[37.44725,55.73508],[37.44746,55.73614],[37.44862,55.73589],[37.45098,55.73656],[37.45063,55.73694],[37.45272,55.73724],[37.4543,55.73592],[37.46031,55.73726],[37.48016,55.74305],[37.49857,55.72285],[37.49649,55.72169],[37.49493,55.7201],[37.49263,55.72011],[37.49246,55.71937],[37.49313,55.71888],[37.49245,55.71803],[37.49102,55.71847],[37.48851,55.71835],[37.48861,55.71896],[37.48667,55.71925],[37.48574,55.72025],[37.48339,55.72107],[37.47676,55.72153],[37.47324,55.71992],[37.47306,55.71903],[37.4722,55.71842],[37.47051,55.71938],[37.4692,55.719],[37.46928,55.71824],[37.47208,55.71699],[37.47191,55.71638],[37.47059,55.71584],[37.47154,55.71548],[37.4707,55.71481],[37.47144,55.71382],[37.46802,55.71367],[37.46858,55.71482],[37.46682,55.71561],[37.46369,55.71383],[37.464,55.71333],[37.46787,55.71261],[37.46802,55.71224],[37.46702,55.71142],[37.46551,55.71157],[37.46565,55.71102],[37.46406,55.71035],[37.46185,55.71117],[37.45927,55.71029],[37.4547,55.70996],[37.4452,55.73239],[37.44345,55.73424],[37.43795,55.73726]]]}},{"type":"Feature","properties":{"name":"Филимонковский","key":"филимонковский","kind":"district","lx":37.22185,"ly":55.53521},"geometry":{"type":"Polygon","coordinates":[[[37.11356,55.53895],[37.11518,55.54745],[37.13553,55.55278],[37.19618,55.57031],[37.26288,55.58565],[37.37423,55.6147],[37.3747,55.614],[37.37625,55.61379],[37.38057,55.61141],[37.38928,55.60961],[37.39495,55.60777],[37.40691,55.60157],[37.40154,55.59865],[37.40087,55.58952],[37.39703,55.58607],[37.39287,55.58488],[37.38018,55.57822],[37.37432,55.57651],[37.37466,55.57534],[37.37335,55.57364],[37.37333,55.57226],[37.37226,55.57057],[37.37262,55.57021],[37.37187,55.5693],[37.36827,55.56716],[37.37647,55.56148],[37.36796,55.55563],[37.36756,55.55381],[37.36805,55.55157],[37.36975,55.55112],[37.36873,55.54894],[37.36573,55.5485],[37.36487,55.54763],[37.35786,55.54948],[37.35672,55.54875],[37.35362,55.55048],[37.35239,55.54907],[37.35181,55.54738],[37.34356,55.54704],[37.34235,55.54606],[37.34203,55.54487],[37.33607,55.54064],[37.33331,55.53964],[37.33064,55.53938],[37.32874,55.53991],[37.32756,55.53849],[37.31892,55.53844],[37.31801,55.53943],[37.31366,55.53912],[37.31264,55.54157],[37.3118,55.54163],[37.31121,55.54265],[37.3113,55.54373],[37.30451,55.54245],[37.29809,55.53932],[37.29973,55.53019],[37.2935,55.5291],[37.28403,55.52566],[37.27393,55.52093],[37.27166,55.52218],[37.2704,55.51909],[37.27341,55.51755],[37.27243,55.51541],[37.27246,55.51088],[37.2701,55.50898],[37.27059,55.50857],[37.26986,55.50805],[37.26985,55.50745],[37.27056,55.50664],[37.26917,55.5057],[37.26794,55.50617],[37.26597,55.50518],[37.25565,55.50342],[37.25395,55.50426],[37.24971,55.50181],[37.24662,55.49781],[37.2422,55.49811],[37.23997,55.49928],[37.24159,55.49763],[37.24344,55.49726],[37.20153,55.49295],[37.19567,55.48847],[37.18403,55.48347],[37.1525,55.48056],[37.14856,55.47979],[37.14706,55.48175],[37.14297,55.48097],[37.14206,55.4824],[37.13921,55.48208],[37.13828,55.48266],[37.1356,55.48264],[37.13342,55.4842],[37.13207,55.48438],[37.1269,55.48745],[37.1287,55.48854],[37.12418,55.49155],[37.12506,55.49226],[37.12388,55.49275],[37.12659,55.4952],[37.12396,55.49614],[37.12558,55.49723],[37.12893,55.49797],[37.12971,55.49869],[37.13162,55.49846],[37.13243,55.49943],[37.1362,55.50002],[37.13847,55.51488],[37.13609,55.51571],[37.1364,55.51303],[37.13084,55.51266],[37.12997,55.51339],[37.12802,55.51301],[37.11863,55.51314],[37.11851,55.51762],[37.11758,55.51763],[37.11739,55.51887],[37.11995,55.51913],[37.11885,55.52352],[37.11695,55.52688],[37.11742,55.52793],[37.11591,55.53],[37.11798,55.53038],[37.11992,55.53141],[37.12217,55.53514],[37.12251,55.53837],[37.11356,55.53895]]]}},{"type":"Feature","properties":{"name":"Филёвский Парк","key":"филевскийпарк","kind":"district","lx":37.49472,"ly":55.74986},"geometry":{"type":"Polygon","coordinates":[[[37.42659,55.74773],[37.43007,55.74966],[37.43304,55.75006],[37.43692,55.74926],[37.43635,55.74787],[37.43738,55.74642],[37.44652,55.74186],[37.45253,55.7406],[37.45532,55.7406],[37.4618,55.74186],[37.46738,55.74403],[37.47102,55.74611],[37.47416,55.7485],[37.47514,55.74988],[37.47617,55.75229],[37.47673,55.75596],[37.47617,55.76171],[37.47639,55.76451],[37.47806,55.76669],[37.48004,55.76771],[37.48718,55.76819],[37.48972,55.76796],[37.49815,55.7655],[37.51454,55.75809],[37.5163,55.75683],[37.5185,55.75258],[37.52242,55.74728],[37.5157,55.74454],[37.50876,55.73856],[37.50587,55.73691],[37.49854,55.7346],[37.48929,55.73301],[37.48016,55.74305],[37.46031,55.73726],[37.4543,55.73592],[37.45272,55.73724],[37.45063,55.73694],[37.45098,55.73656],[37.44862,55.73589],[37.44746,55.73614],[37.44725,55.73508],[37.44492,55.73483],[37.43795,55.73726],[37.43966,55.7384],[37.43949,55.73971],[37.4332,55.74264],[37.432,55.74456],[37.43086,55.74532],[37.43144,55.74578],[37.42659,55.74773]]]}},{"type":"Feature","properties":{"name":"Хамовники","key":"хамовники","kind":"district","lx":37.57914,"ly":55.73117},"geometry":{"type":"Polygon","coordinates":[[[37.54108,55.72013],[37.54186,55.72404],[37.5449,55.72706],[37.55303,55.72995],[37.56575,55.7364],[37.56833,55.73855],[37.57413,55.74543],[37.57939,55.74583],[37.58304,55.74549],[37.5838,55.74375],[37.58743,55.7441],[37.58581,55.7463],[37.59571,55.74765],[37.59934,55.74707],[37.59972,55.74889],[37.60294,55.7486],[37.60429,55.7504],[37.61061,55.74864],[37.6122,55.74677],[37.61011,55.74526],[37.60832,55.74312],[37.60674,55.73809],[37.60003,55.73459],[37.59803,55.73294],[37.59318,55.72626],[37.58551,55.71934],[37.57875,55.71478],[37.57493,55.71312],[37.5654,55.71076],[37.55923,55.71028],[37.5529,55.71097],[37.54852,55.71226],[37.54333,55.71562],[37.54189,55.71759],[37.54108,55.72013]]]}},{"type":"Feature","properties":{"name":"Ховрино","key":"ховрино","kind":"district","lx":37.48875,"ly":55.86851},"geometry":{"type":"Polygon","coordinates":[[[37.46249,55.88272],[37.4737,55.8853],[37.51419,55.86769],[37.51004,55.86439],[37.50542,55.86239],[37.50531,55.86201],[37.51119,55.85774],[37.49681,55.85252],[37.48915,55.85913],[37.48545,55.85822],[37.47645,55.86606],[37.47911,55.86672],[37.46921,55.87617],[37.46942,55.87657],[37.46662,55.87942],[37.46253,55.88186],[37.46249,55.88272]]]}},{"type":"Feature","properties":{"name":"Хорошёво-Мнёвники","key":"хорошевомневники","kind":"district","lx":37.47064,"ly":55.7766},"geometry":{"type":"Polygon","coordinates":[[[37.40309,55.77909],[37.40313,55.78081],[37.40408,55.78242],[37.40742,55.78645],[37.41034,55.79143],[37.41272,55.79214],[37.418,55.79154],[37.42329,55.78726],[37.42952,55.78619],[37.43382,55.78684],[37.43965,55.78874],[37.44555,55.79255],[37.4461,55.79449],[37.45461,55.79443],[37.45455,55.79181],[37.46522,55.79055],[37.46872,55.78949],[37.4767,55.78849],[37.47876,55.78896],[37.48915,55.78767],[37.4998,55.78895],[37.50251,55.7906],[37.50338,55.79168],[37.50724,55.77745],[37.52194,55.76151],[37.51393,55.75842],[37.50583,55.76178],[37.50106,55.76437],[37.49205,55.76736],[37.48718,55.76819],[37.47942,55.76755],[37.47806,55.76669],[37.47639,55.76451],[37.47617,55.76171],[37.47673,55.75596],[37.47617,55.75229],[37.47416,55.7485],[37.47102,55.74611],[37.4648,55.7429],[37.45914,55.74121],[37.45253,55.7406],[37.44446,55.74261],[37.43738,55.74642],[37.43635,55.74787],[37.43738,55.74969],[37.43922,55.75053],[37.45544,55.75478],[37.45961,55.75715],[37.46343,55.76019],[37.46466,55.7633],[37.46399,55.76577],[37.45527,55.77418],[37.45064,55.77687],[37.44827,55.77733],[37.43412,55.7742],[37.40858,55.77576],[37.40408,55.77748],[37.40309,55.77909]]]}},{"type":"Feature","properties":{"name":"Хорошёвский","key":"хорошевский","kind":"district","lx":37.52562,"ly":55.77999},"geometry":{"type":"Polygon","coordinates":[[[37.50382,55.79108],[37.51829,55.7935],[37.51889,55.79442],[37.51789,55.79476],[37.52044,55.80374],[37.5306,55.80088],[37.54946,55.79253],[37.54856,55.7919],[37.55007,55.79121],[37.54087,55.78496],[37.54199,55.78346],[37.54409,55.78358],[37.54537,55.78091],[37.54718,55.77971],[37.55111,55.77729],[37.55503,55.77612],[37.55359,55.7748],[37.55169,55.77413],[37.55192,55.77341],[37.54443,55.77299],[37.53896,55.77113],[37.53663,55.76907],[37.53606,55.7661],[37.53476,55.76619],[37.5322,55.76342],[37.52429,55.75985],[37.52256,55.76169],[37.52194,55.76151],[37.50743,55.77715],[37.50659,55.7789],[37.50382,55.79108]]]}},{"type":"Feature","properties":{"name":"Царицыно","key":"царицыно","kind":"district","lx":37.64392,"ly":55.6252},"geometry":{"type":"Polygon","coordinates":[[[37.62507,55.63998],[37.63252,55.63967],[37.64177,55.64085],[37.64122,55.6386],[37.65477,55.63755],[37.65469,55.63842],[37.68695,55.63634],[37.68521,55.63146],[37.68405,55.63002],[37.67567,55.62317],[37.6682,55.61788],[37.66019,55.61534],[37.64442,55.61195],[37.64072,55.6105],[37.63737,55.61257],[37.63484,55.61493],[37.62886,55.6254],[37.62507,55.63998]]]}},{"type":"Feature","properties":{"name":"Чертаново Северное","key":"чертановосеверное","kind":"district","lx":37.60909,"ly":55.63132},"geometry":{"type":"Polygon","coordinates":[[[37.57727,55.63268],[37.57741,55.63436],[37.57928,55.63578],[37.58016,55.63556],[37.58059,55.63591],[37.57984,55.63602],[37.5811,55.63728],[37.58167,55.6372],[37.58225,55.63847],[37.58149,55.63896],[37.58145,55.63949],[37.58216,55.63965],[37.58126,55.6409],[37.582,55.64122],[37.58071,55.64233],[37.57929,55.6428],[37.58039,55.64533],[37.58942,55.64258],[37.59451,55.64196],[37.61977,55.64054],[37.61974,55.64219],[37.62442,55.64254],[37.62856,55.62625],[37.63087,55.62188],[37.62337,55.62105],[37.61489,55.62226],[37.61418,55.62067],[37.59179,55.62406],[37.58825,55.6235],[37.58707,55.62427],[37.58596,55.62392],[37.58557,55.62403],[37.58584,55.62509],[37.58278,55.62517],[37.58382,55.62691],[37.58435,55.62668],[37.58468,55.6277],[37.58419,55.62758],[37.58409,55.62799],[37.58474,55.62793],[37.58503,55.62872],[37.58417,55.62869],[37.58528,55.6294],[37.58586,55.63117],[37.57727,55.63268]]]}},{"type":"Feature","properties":{"name":"Чертаново Центральное","key":"чертановоцентральное","kind":"district","lx":37.59507,"ly":55.61409},"geometry":{"type":"Polygon","coordinates":[[[37.5699,55.60724],[37.56992,55.60847],[37.57362,55.60836],[37.57469,55.60882],[37.57571,55.61228],[37.57463,55.61323],[37.57809,55.61476],[37.57593,55.61551],[37.57942,55.61969],[37.5805,55.61939],[37.57889,55.62009],[37.57789,55.61935],[37.57698,55.61931],[37.57499,55.61982],[37.57506,55.62054],[37.57692,55.62196],[37.57884,55.62175],[37.57831,55.62205],[37.57871,55.62224],[37.58054,55.62179],[37.58263,55.62324],[37.58166,55.62292],[37.58193,55.62364],[37.58139,55.62407],[37.58381,55.6254],[37.58584,55.62509],[37.58565,55.62398],[37.58707,55.62427],[37.58825,55.6235],[37.59179,55.62406],[37.61418,55.62067],[37.61489,55.62226],[37.62337,55.62105],[37.63087,55.62188],[37.63484,55.61493],[37.63737,55.61257],[37.64072,55.6105],[37.63781,55.60861],[37.63322,55.60425],[37.62134,55.60798],[37.6093,55.61007],[37.60591,55.60333],[37.60029,55.60435],[37.6001,55.60399],[37.59001,55.60499],[37.59022,55.60589],[37.58915,55.60594],[37.58505,55.60564],[37.58153,55.60434],[37.57782,55.60437],[37.5749,55.6066],[37.57399,55.60665],[37.57362,55.60595],[37.57187,55.60599],[37.5713,55.60672],[37.5699,55.60724]]]}},{"type":"Feature","properties":{"name":"Чертаново Южное","key":"чертановоюжное","kind":"district","lx":37.59696,"ly":55.58964},"geometry":{"type":"Polygon","coordinates":[[[37.57294,55.58097],[37.57748,55.58635],[37.57679,55.58787],[37.57762,55.58922],[37.57686,55.58931],[37.57714,55.59163],[37.57897,55.59591],[37.58024,55.59581],[37.58057,55.59776],[37.57666,55.59787],[37.57671,55.59929],[37.5793,55.60103],[37.58177,55.60349],[37.58166,55.60454],[37.58582,55.60579],[37.59022,55.60589],[37.59001,55.60499],[37.6001,55.60399],[37.60029,55.60435],[37.60591,55.60333],[37.6093,55.61007],[37.62134,55.60798],[37.63322,55.60425],[37.62834,55.59934],[37.61935,55.59493],[37.61711,55.59319],[37.61574,55.59132],[37.61456,55.58613],[37.61313,55.57463],[37.60554,55.57506],[37.60416,55.57442],[37.60368,55.57521],[37.60032,55.57537],[37.5978,55.57388],[37.59851,55.57219],[37.60056,55.57074],[37.6011,55.56842],[37.60229,55.56637],[37.59747,55.56687],[37.5972,55.56908],[37.59224,55.5754],[37.59009,55.5769],[37.57294,55.58097]]]}},{"type":"Feature","properties":{"name":"Черёмушки","key":"черемушки","kind":"district","lx":37.56489,"ly":55.66543},"geometry":{"type":"Polygon","coordinates":[[[37.53906,55.65575],[37.55513,55.67065],[37.55112,55.67146],[37.54604,55.6733],[37.55556,55.68213],[37.56299,55.67789],[37.58563,55.6701],[37.564,55.64946],[37.54823,55.65208],[37.53906,55.65575]]]}},{"type":"Feature","properties":{"name":"Щербинка","key":"щербинка","kind":"district","lx":37.51428,"ly":55.48852},"geometry":{"type":"Polygon","coordinates":[[[37.44287,55.50829],[37.44945,55.50962],[37.44974,55.5101],[37.44746,55.5113],[37.44958,55.51251],[37.45096,55.51476],[37.451,55.51565],[37.45699,55.51795],[37.46101,55.5207],[37.46217,55.52068],[37.46298,55.52212],[37.46573,55.5226],[37.46584,55.52309],[37.46643,55.52319],[37.46674,55.52492],[37.46678,55.52711],[37.46628,55.52751],[37.4695,55.52886],[37.47212,55.52889],[37.47415,55.52735],[37.47739,55.52616],[37.47891,55.52652],[37.48017,55.5262],[37.48294,55.52716],[37.48312,55.5286],[37.48548,55.52962],[37.48823,55.52946],[37.48936,55.53],[37.49029,55.52933],[37.49402,55.52844],[37.4948,55.52753],[37.49731,55.52731],[37.49772,55.52677],[37.49917,55.52675],[37.50192,55.52768],[37.50253,55.52668],[37.50413,55.52686],[37.5045,55.52641],[37.5082,55.52709],[37.51937,55.5255],[37.5202,55.52387],[37.52012,55.52248],[37.52281,55.52163],[37.5275,55.52119],[37.53512,55.51796],[37.53442,55.52008],[37.53454,55.52282],[37.53603,55.52532],[37.53797,55.52694],[37.54366,55.52936],[37.54716,55.52995],[37.55248,55.52996],[37.55788,55.52873],[37.56232,55.52628],[37.5642,55.52405],[37.56496,55.52201],[37.5641,55.51849],[37.56478,55.51841],[37.56536,55.52044],[37.56688,55.52029],[37.56618,55.51708],[37.56769,55.51668],[37.57713,55.5172],[37.57845,55.52168],[37.58552,55.518],[37.5858,55.51713],[37.5887,55.51553],[37.58971,55.51401],[37.59183,55.51249],[37.59802,55.51471],[37.60089,55.51092],[37.60381,55.51304],[37.60477,55.5125],[37.60212,55.51046],[37.6081,55.50984],[37.60893,55.50241],[37.60569,55.50235],[37.60567,55.50187],[37.6091,55.50088],[37.61042,55.49324],[37.60793,55.49279],[37.60739,55.49182],[37.60962,55.49113],[37.61102,55.49141],[37.61135,55.48964],[37.60649,55.4883],[37.60588,55.49078],[37.60468,55.49167],[37.60352,55.4914],[37.60358,55.49048],[37.60193,55.48928],[37.60039,55.48886],[37.59691,55.48933],[37.59508,55.48873],[37.58336,55.49358],[37.58189,55.49202],[37.5845,55.4912],[37.58321,55.49064],[37.58596,55.48905],[37.58371,55.48767],[37.58703,55.48672],[37.58346,55.48629],[37.5798,55.48368],[37.57778,55.48377],[37.57867,55.48669],[37.56746,55.48766],[37.56548,55.48742],[37.56411,55.4825],[37.56276,55.47993],[37.56297,55.4793],[37.56176,55.47479],[37.56081,55.47425],[37.56084,55.47339],[37.54475,55.47265],[37.5456,55.46485],[37.54709,55.46459],[37.54591,55.46157],[37.54706,55.46212],[37.54758,55.46168],[37.54592,55.45972],[37.54786,55.45985],[37.54801,55.4569],[37.54432,55.45786],[37.53975,55.45554],[37.53682,55.45478],[37.53666,55.45335],[37.53276,55.45368],[37.53161,55.45175],[37.53195,55.45096],[37.53152,55.44691],[37.53477,55.44495],[37.53667,55.43992],[37.5357,55.43981],[37.53581,55.43925],[37.53664,55.43922],[37.53839,55.43749],[37.53527,55.43628],[37.52939,55.43585],[37.51006,55.43619],[37.50304,55.43789],[37.49949,55.44137],[37.49538,55.44227],[37.49553,55.44305],[37.48994,55.44447],[37.48721,55.44657],[37.48611,55.4462],[37.48581,55.44725],[37.48642,55.44783],[37.49546,55.44907],[37.49853,55.45004],[37.49852,55.45089],[37.49617,55.45236],[37.49215,55.45617],[37.49625,55.4581],[37.49689,55.45877],[37.49672,55.45914],[37.48993,55.46089],[37.48421,55.4583],[37.47988,55.45985],[37.47921,55.46066],[37.47805,55.46063],[37.47733,55.46166],[37.47408,55.46128],[37.4701,55.46227],[37.46532,55.46483],[37.4579,55.46568],[37.45765,55.46592],[37.45832,55.4662],[37.45851,55.46791],[37.46422,55.46845],[37.46467,55.47086],[37.46295,55.47089],[37.46162,55.46987],[37.46008,55.47021],[37.45956,55.47125],[37.45811,55.47131],[37.45701,55.47276],[37.45205,55.47255],[37.44761,55.47511],[37.44967,55.48012],[37.44816,55.48022],[37.44647,55.48208],[37.44464,55.48212],[37.44584,55.48365],[37.44739,55.4871],[37.44397,55.488],[37.44449,55.48858],[37.44812,55.48765],[37.44545,55.48876],[37.44531,55.49046],[37.4458,55.49092],[37.44881,55.48989],[37.45463,55.49408],[37.45537,55.49545],[37.45476,55.49615],[37.45318,55.49633],[37.45085,55.49562],[37.44948,55.49613],[37.44892,55.49817],[37.45088,55.49919],[37.44919,55.50002],[37.45396,55.49893],[37.45626,55.50103],[37.45568,55.50134],[37.45614,55.50188],[37.45031,55.50537],[37.44936,55.505],[37.44309,55.50697],[37.44287,55.50829]]]}},{"type":"Feature","properties":{"name":"Щукино","key":"щукино","kind":"district","lx":37.4797,"ly":55.80173},"geometry":{"type":"Polygon","coordinates":[[[37.4461,55.79449],[37.44763,55.80262],[37.44614,55.80799],[37.4465,55.81008],[37.44891,55.81401],[37.45282,55.81168],[37.45748,55.81107],[37.46789,55.81161],[37.4797,55.8151],[37.48686,55.81533],[37.4879,55.8121],[37.50255,55.79487],[37.50382,55.79108],[37.50338,55.79168],[37.50251,55.7906],[37.4998,55.78895],[37.48915,55.78767],[37.47876,55.78896],[37.4767,55.78849],[37.46872,55.78949],[37.46522,55.79055],[37.45455,55.79181],[37.45461,55.79443],[37.4461,55.79449]]]}},{"type":"Feature","properties":{"name":"Южное Бутово","key":"южноебутово","kind":"district","lx":37.52812,"ly":55.53831},"geometry":{"type":"Polygon","coordinates":[[[37.47019,55.53405],[37.47571,55.53539],[37.47552,55.5373],[37.48748,55.54009],[37.48877,55.53963],[37.49345,55.53965],[37.50777,55.54295],[37.51111,55.54499],[37.5145,55.5485],[37.52919,55.55525],[37.54488,55.55202],[37.54882,55.55263],[37.54947,55.55413],[37.55215,55.55487],[37.55426,55.55949],[37.55542,55.55936],[37.55865,55.56041],[37.56043,55.55782],[37.55945,55.55582],[37.55999,55.55381],[37.5722,55.55402],[37.57568,55.55236],[37.57586,55.54981],[37.5774,55.54911],[37.5893,55.5572],[37.58332,55.53786],[37.58392,55.5372],[37.58072,55.52772],[37.58032,55.52776],[37.57713,55.5172],[37.56769,55.51668],[37.56618,55.51708],[37.56688,55.52029],[37.56536,55.52044],[37.56478,55.51841],[37.5641,55.51849],[37.56496,55.52201],[37.56331,55.52531],[37.55938,55.52814],[37.55382,55.52976],[37.54927,55.53008],[37.54562,55.52977],[37.54261,55.52904],[37.53797,55.52694],[37.53603,55.52532],[37.53454,55.52282],[37.53442,55.52008],[37.53512,55.51796],[37.5275,55.52119],[37.52281,55.52163],[37.52012,55.52248],[37.5202,55.52387],[37.51937,55.5255],[37.5082,55.52709],[37.5045,55.52641],[37.50413,55.52686],[37.50253,55.52668],[37.50192,55.52768],[37.49917,55.52675],[37.49772,55.52677],[37.49731,55.52731],[37.4948,55.52753],[37.49402,55.52844],[37.48956,55.52958],[37.48943,55.52999],[37.48823,55.52946],[37.48548,55.52962],[37.48312,55.5286],[37.4828,55.52709],[37.48042,55.52624],[37.47891,55.52652],[37.47739,55.52616],[37.47415,55.52735],[37.47231,55.52882],[37.47098,55.52884],[37.47128,55.52956],[37.4709,55.5296],[37.47019,55.53405]]]}},{"type":"Feature","properties":{"name":"Южное Медведково","key":"южноемедведково","kind":"district","lx":37.62846,"ly":55.87736},"geometry":{"type":"Polygon","coordinates":[[[37.61422,55.88303],[37.61719,55.88412],[37.61892,55.88572],[37.64173,55.88413],[37.63635,55.87841],[37.65733,55.87661],[37.65743,55.87502],[37.65841,55.8743],[37.65866,55.87333],[37.65736,55.87217],[37.6562,55.87188],[37.65608,55.87136],[37.65121,55.87005],[37.64847,55.86777],[37.64829,55.8673],[37.64883,55.86667],[37.64516,55.86548],[37.64049,55.86517],[37.63511,55.86137],[37.63375,55.86245],[37.63463,55.86331],[37.63375,55.86324],[37.63271,55.86385],[37.63317,55.86435],[37.63187,55.86531],[37.63039,55.86522],[37.63028,55.86705],[37.62915,55.86873],[37.61978,55.87272],[37.61811,55.87429],[37.61627,55.87507],[37.6167,55.87533],[37.61668,55.87699],[37.61563,55.87721],[37.61618,55.87749],[37.61562,55.87825],[37.61673,55.87889],[37.61696,55.88066],[37.61524,55.88119],[37.61422,55.88303]]]}},{"type":"Feature","properties":{"name":"Южное Тушино","key":"южноетушино","kind":"district","lx":37.4044,"ly":55.84145},"geometry":{"type":"Polygon","coordinates":[[[37.39182,55.84723],[37.39375,55.85179],[37.40335,55.85048],[37.41303,55.85042],[37.42144,55.84874],[37.46085,55.853],[37.46133,55.85104],[37.46289,55.85008],[37.46393,55.84769],[37.47035,55.84273],[37.46984,55.84138],[37.46786,55.8399],[37.46547,55.83695],[37.45948,55.83509],[37.4363,55.83651],[37.4282,55.83447],[37.42656,55.83673],[37.42461,55.83751],[37.41661,55.83649],[37.41467,55.83523],[37.41566,55.8344],[37.41537,55.83349],[37.41393,55.83309],[37.41229,55.83335],[37.41059,55.83277],[37.40818,55.83334],[37.40542,55.83174],[37.39586,55.83364],[37.39586,55.83835],[37.39252,55.8442],[37.39182,55.84723]]]}},{"type":"Feature","properties":{"name":"Южнопортовый","key":"южнопортовый","kind":"district","lx":37.67182,"ly":55.71819},"geometry":{"type":"Polygon","coordinates":[[[37.66069,55.7307],[37.66624,55.73154],[37.66746,55.73086],[37.67058,55.72583],[37.67773,55.72736],[37.67892,55.72826],[37.70027,55.72071],[37.67908,55.71478],[37.68628,55.70618],[37.69057,55.70636],[37.69119,55.70596],[37.68696,55.70018],[37.68427,55.69742],[37.67449,55.69851],[37.67095,55.7005],[37.66729,55.70074],[37.66781,55.70528],[37.66368,55.71813],[37.6636,55.72522],[37.66272,55.72766],[37.66069,55.7307]]]}},{"type":"Feature","properties":{"name":"Якиманка","key":"якиманка","kind":"district","lx":37.61571,"ly":55.73766},"geometry":{"type":"Polygon","coordinates":[[[37.57761,55.71421],[37.58208,55.71674],[37.5903,55.72356],[37.59318,55.72626],[37.5963,55.73104],[37.60003,55.73459],[37.60674,55.73809],[37.60832,55.74312],[37.61174,55.7465],[37.61698,55.74818],[37.62506,55.74908],[37.62638,55.74598],[37.62457,55.7455],[37.62503,55.74248],[37.62383,55.72958],[37.61961,55.72925],[37.61994,55.72731],[37.61508,55.72694],[37.61776,55.72029],[37.61558,55.72008],[37.6143,55.72103],[37.6101,55.72143],[37.60935,55.71952],[37.60031,55.7213],[37.59813,55.71985],[37.59686,55.72013],[37.59408,55.71833],[37.59256,55.71915],[37.59271,55.71969],[37.5908,55.71787],[37.59267,55.71687],[37.58794,55.71395],[37.58845,55.71376],[37.58787,55.7133],[37.58834,55.7131],[37.58559,55.71109],[37.58214,55.71099],[37.57761,55.71421]]]}},{"type":"Feature","properties":{"name":"Ярославский","key":"ярославский","kind":"district","lx":37.69884,"ly":55.86188},"geometry":{"type":"Polygon","coordinates":[[[37.66345,55.84082],[37.67145,55.84681],[37.67252,55.85351],[37.67419,55.85603],[37.68681,55.86484],[37.71971,55.88591],[37.72436,55.8838],[37.72752,55.88395],[37.73156,55.88562],[37.7321,55.88532],[37.72966,55.88309],[37.72945,55.88157],[37.73038,55.88061],[37.73478,55.87841],[37.7329,55.87805],[37.73101,55.87689],[37.73108,55.87572],[37.73182,55.87495],[37.72905,55.87465],[37.72793,55.8739],[37.72426,55.87301],[37.72181,55.87387],[37.72107,55.87321],[37.71967,55.8737],[37.71581,55.87015],[37.7077,55.86552],[37.70681,55.86449],[37.70919,55.86296],[37.70944,55.86091],[37.71802,55.86061],[37.72164,55.85292],[37.71941,55.85142],[37.72017,55.85057],[37.71935,55.85001],[37.71713,55.84906],[37.71408,55.84691],[37.7125,55.84753],[37.70564,55.84794],[37.70359,55.84877],[37.69682,55.84816],[37.69376,55.85207],[37.69475,55.85338],[37.69243,55.85533],[37.69313,55.8558],[37.69075,55.85618],[37.68941,55.85596],[37.6886,55.85528],[37.68786,55.85549],[37.68677,55.85451],[37.69228,55.85291],[37.68997,55.85122],[37.69223,55.85031],[37.69032,55.84801],[37.67835,55.84182],[37.67827,55.84034],[37.6769,55.83909],[37.67465,55.83841],[37.67215,55.83844],[37.66345,55.84082]]]}},{"type":"Feature","properties":{"name":"Ясенево","key":"ясенево","kind":"district","lx":37.54852,"ly":55.60878},"geometry":{"type":"Polygon","coordinates":[[[37.48833,55.60827],[37.4906,55.61045],[37.50121,55.61632],[37.51265,55.62578],[37.52443,55.62363],[37.53106,55.62548],[37.53127,55.62594],[37.53235,55.6258],[37.53617,55.62684],[37.53743,55.62781],[37.54056,55.62864],[37.54005,55.63024],[37.54038,55.63149],[37.54533,55.63875],[37.54949,55.64095],[37.55889,55.64406],[37.56093,55.64552],[37.564,55.64946],[37.58039,55.64533],[37.57929,55.6428],[37.58071,55.64233],[37.582,55.64122],[37.58126,55.6409],[37.58216,55.63965],[37.58145,55.63949],[37.58149,55.63896],[37.58225,55.63847],[37.58167,55.6372],[37.5811,55.63728],[37.57984,55.63602],[37.58059,55.63591],[37.58016,55.63556],[37.57928,55.63578],[37.57741,55.63436],[37.57727,55.63268],[37.58586,55.63117],[37.58528,55.6294],[37.58417,55.62869],[37.58503,55.62872],[37.58474,55.62793],[37.58409,55.62799],[37.58419,55.62758],[37.58468,55.6277],[37.58435,55.62668],[37.58382,55.62691],[37.58203,55.62458],[37.58235,55.62436],[37.58139,55.62407],[37.58193,55.62364],[37.58166,55.62292],[37.58263,55.62324],[37.58054,55.62179],[37.57871,55.62224],[37.57831,55.62205],[37.57884,55.62175],[37.5764,55.62176],[37.57475,55.62005],[37.57755,55.61925],[37.57889,55.62009],[37.5805,55.61939],[37.57942,55.61969],[37.57593,55.61551],[37.57809,55.61476],[37.57463,55.61323],[37.57571,55.61228],[37.57469,55.60882],[37.57362,55.60836],[37.56992,55.60847],[37.5698,55.60807],[37.5699,55.60724],[37.5713,55.60672],[37.57187,55.60599],[37.57362,55.60595],[37.57399,55.60665],[37.5749,55.6066],[37.57782,55.60437],[37.58156,55.60434],[37.58177,55.60349],[37.5793,55.60103],[37.57671,55.59929],[37.57666,55.59787],[37.58057,55.59776],[37.58024,55.59581],[37.57897,55.59591],[37.57714,55.59163],[37.57686,55.58931],[37.57762,55.58922],[37.57679,55.58787],[37.57748,55.58635],[37.57607,55.58426],[37.57368,55.58221],[37.56955,55.58181],[37.53042,55.5907],[37.52908,55.58953],[37.52724,55.58966],[37.52741,55.59036],[37.52629,55.59162],[37.51188,55.5956],[37.50655,55.59825],[37.4941,55.60857],[37.49275,55.60877],[37.49118,55.6101],[37.48985,55.60961],[37.48879,55.60816],[37.48833,55.60827]]]}}]}
