{"type":"FeatureCollection","features":[{"type":"Feature","properties":{"name":"Юго-Запад","key":"югозапад","lx":30.21423,"ly":59.85686},"geometry":{"type":"Polygon","coordinates":[[[30.19709,59.84589],[30.19759,59.85047],[30.21107,59.86549],[30.22085,59.86434],[30.23928,59.86399],[30.21219,59.84561],[30.19709,59.84589]]]}},{"type":"Feature","properties":{"name":"Гагаринское","key":"гагаринское","lx":30.3496,"ly":59.85558},"geometry":{"type":"Polygon","coordinates":[[[30.33628,59.87599],[30.3503,59.87838],[30.35376,59.87477],[30.3713,59.84002],[30.37375,59.83371],[30.38165,59.81873],[30.37414,59.81721],[30.37022,59.81693],[30.34464,59.8307],[30.36112,59.83236],[30.35654,59.84306],[30.34676,59.8427],[30.33805,59.84448],[30.33628,59.87599]]]}},{"type":"Feature","properties":{"name":"Малая Охта","key":"малаяохта","lx":30.40617,"ly":59.93033},"geometry":{"type":"Polygon","coordinates":[[[30.39428,59.92902],[30.39633,59.93313],[30.4002,59.93896],[30.40302,59.94863],[30.40965,59.94409],[30.41261,59.94074],[30.41301,59.93831],[30.41495,59.93654],[30.415,59.93439],[30.41654,59.93379],[30.41964,59.93412],[30.42256,59.93598],[30.42509,59.9365],[30.43144,59.93596],[30.43527,59.93661],[30.43909,59.93622],[30.44088,59.93653],[30.44186,59.9377],[30.4408,59.94045],[30.44206,59.94124],[30.44811,59.94139],[30.44862,59.93902],[30.4484,59.93745],[30.44757,59.93629],[30.44518,59.93441],[30.44283,59.93171],[30.44322,59.93157],[30.44242,59.93094],[30.44191,59.93111],[30.43415,59.92595],[30.42747,59.9208],[30.42172,59.91846],[30.4094,59.91543],[30.40684,59.91767],[30.3972,59.92419],[30.39591,59.92574],[30.39428,59.92902]]]}},{"type":"Feature","properties":{"name":"Пороховые","key":"пороховые","lx":30.47442,"ly":59.94594},"geometry":{"type":"Polygon","coordinates":[[[30.44636,59.96046],[30.45257,59.96068],[30.46038,59.96215],[30.46683,59.95587],[30.47795,59.95877],[30.49009,59.94709],[30.49094,59.94521],[30.50546,59.94549],[30.50512,59.94622],[30.50775,59.94562],[30.50553,59.93594],[30.50441,59.93492],[30.50117,59.93358],[30.49606,59.93309],[30.46341,59.935],[30.45205,59.93689],[30.44757,59.93629],[30.4484,59.93745],[30.44862,59.93902],[30.44636,59.96046]]]}},{"type":"Feature","properties":{"name":"Балканский","key":"балканский","lx":30.4051,"ly":59.82988},"geometry":{"type":"Polygon","coordinates":[[[30.37368,59.83388],[30.38236,59.83516],[30.40953,59.84217],[30.42535,59.8266],[30.4396,59.82911],[30.43506,59.82622],[30.43207,59.82513],[30.40622,59.81922],[30.3827,59.81657],[30.37368,59.83388]]]}},{"type":"Feature","properties":{"name":"Смолячково","key":"смолячково","lx":29.47831,"ly":60.18629},"geometry":{"type":"Polygon","coordinates":[[[29.42576,60.19074],[29.42718,60.19244],[29.43254,60.19545],[29.45195,60.20537],[29.45248,60.20491],[29.45487,60.20464],[29.45519,60.20428],[29.45452,60.20377],[29.4548,60.20308],[29.45669,60.2033],[29.45724,60.20271],[29.45694,60.20228],[29.45793,60.20175],[29.45793,60.20123],[29.46018,60.20091],[29.4598,60.20072],[29.46039,60.19994],[29.46568,60.20059],[29.46983,60.20007],[29.47175,60.1996],[29.47148,60.19896],[29.47302,60.19906],[29.47444,60.19763],[29.47405,60.19722],[29.47578,60.19686],[29.47541,60.19648],[29.47606,60.19644],[29.47615,60.19596],[29.48031,60.19534],[29.48067,60.19474],[29.48241,60.19434],[29.48542,60.19434],[29.48709,60.1935],[29.48696,60.19289],[29.48739,60.19257],[29.48916,60.19299],[29.48979,60.19242],[29.49148,60.19238],[29.49246,60.19323],[29.49359,60.19332],[29.49405,60.19271],[29.50397,60.19087],[29.50263,60.18975],[29.50496,60.18894],[29.50596,60.18768],[29.50862,60.18655],[29.50881,60.18606],[29.50351,60.18288],[29.50583,60.18148],[29.50625,60.17987],[29.50009,60.17953],[29.49744,60.17881],[29.47969,60.17765],[29.47144,60.17579],[29.46766,60.17367],[29.46132,60.17209],[29.46037,60.1723],[29.45674,60.17159],[29.45528,60.17226],[29.45387,60.17174],[29.45205,60.17197],[29.44941,60.1711],[29.44881,60.17143],[29.44992,60.17155],[29.45012,60.17227],[29.44823,60.17251],[29.44762,60.17368],[29.44497,60.17318],[29.44311,60.17433],[29.4426,60.17343],[29.44149,60.17457],[29.44228,60.17465],[29.44223,60.17497],[29.44062,60.17481],[29.43999,60.17573],[29.43834,60.17564],[29.4397,60.17594],[29.4389,60.17643],[29.44272,60.17808],[29.44907,60.17997],[29.455,60.18093],[29.46916,60.18154],[29.46832,60.1834],[29.46996,60.18361],[29.46865,60.18524],[29.46002,60.18374],[29.45898,60.18484],[29.45446,60.18493],[29.45117,60.18587],[29.45094,60.18699],[29.44956,60.18859],[29.44772,60.18898],[29.42576,60.19074]]]}},{"type":"Feature","properties":{"name":"Дворцовый","key":"дворцовый","lx":30.33104,"ly":59.94198},"geometry":{"type":"Polygon","coordinates":[[[30.30827,59.94106],[30.31686,59.94566],[30.32914,59.94903],[30.33489,59.95015],[30.33741,59.94632],[30.33834,59.94201],[30.34305,59.93835],[30.34424,59.93545],[30.34343,59.93324],[30.31261,59.93701],[30.31252,59.93822],[30.30827,59.94106]]]}},{"type":"Feature","properties":{"name":"Северный","key":"северный","lx":30.37501,"ly":60.03702},"geometry":{"type":"Polygon","coordinates":[[[30.36485,60.03214],[30.36606,60.03527],[30.38739,60.05918],[30.38877,60.0588],[30.38804,60.05809],[30.3889,60.05782],[30.38811,60.05708],[30.39657,60.05501],[30.37805,60.03203],[30.37714,60.03159],[30.37703,60.03022],[30.37174,60.03142],[30.36485,60.03214]]]}},{"type":"Feature","properties":{"name":"Правобережный","key":"правобережный","lx":30.45219,"ly":59.92623},"geometry":{"type":"Polygon","coordinates":[[[30.42377,59.91927],[30.42747,59.9208],[30.43415,59.92595],[30.44191,59.93111],[30.44242,59.93094],[30.44518,59.93441],[30.44841,59.93659],[30.45205,59.93689],[30.46341,59.935],[30.49606,59.93309],[30.50117,59.93358],[30.50441,59.93492],[30.50553,59.93594],[30.50319,59.92525],[30.50147,59.92709],[30.43908,59.91237],[30.42377,59.91927]]]}},{"type":"Feature","properties":{"name":"Оккервиль","key":"оккервиль","lx":30.49322,"ly":59.91715},"geometry":{"type":"Polygon","coordinates":[[[30.47048,59.91978],[30.50147,59.92709],[30.50319,59.92525],[30.50002,59.91079],[30.4827,59.9067],[30.47048,59.91978]]]}},{"type":"Feature","properties":{"name":"Суздальское","key":"суздальское","lx":30.37539,"ly":60.05947},"geometry":{"type":"Polygon","coordinates":[[[30.34697,60.04001],[30.3608,60.05713],[30.3615,60.05702],[30.36255,60.05822],[30.37503,60.07361],[30.37882,60.07409],[30.38557,60.06072],[30.3854,60.05974],[30.38739,60.05918],[30.36675,60.036],[30.34697,60.04001]]]}},{"type":"Feature","properties":{"name":"Сергиевское","key":"сергиевское","lx":30.35887,"ly":60.06835},"geometry":{"type":"Polygon","coordinates":[[[30.32823,60.04384],[30.34416,60.06497],[30.36202,60.08674],[30.36698,60.09074],[30.36831,60.09028],[30.37067,60.08772],[30.37353,60.08051],[30.37688,60.07858],[30.37882,60.07409],[30.37503,60.07361],[30.36255,60.05822],[30.3615,60.05702],[30.3608,60.05713],[30.34697,60.04001],[30.32823,60.04384]]]}},{"type":"Feature","properties":{"name":"Красненькая речка","key":"красненькаяречка","lx":30.24192,"ly":59.85932},"geometry":{"type":"Polygon","coordinates":[[[30.21219,59.84561],[30.24006,59.86454],[30.26162,59.86391],[30.26128,59.86323],[30.25801,59.86114],[30.25056,59.85736],[30.23139,59.84959],[30.21854,59.84626],[30.21219,59.84561]]]}},{"type":"Feature","properties":{"name":"Ржевка","key":"ржевка","lx":30.49479,"ly":59.96584},"geometry":{"type":"Polygon","coordinates":[[[30.44485,59.97797],[30.44512,59.98014],[30.44719,59.98231],[30.45017,59.98353],[30.45388,59.98418],[30.48326,59.98361],[30.49435,59.98277],[30.49447,59.98553],[30.4934,59.98752],[30.49614,59.99037],[30.49609,59.99258],[30.49493,59.99466],[30.49266,59.99575],[30.49176,59.99788],[30.49123,60.00062],[30.49309,60.00295],[30.49403,60.00535],[30.49056,60.00838],[30.4939,60.00966],[30.49546,60.00787],[30.49927,60.0084],[30.4997,60.00736],[30.50398,60.00647],[30.50292,60.00359],[30.49949,60.00043],[30.50235,60.00005],[30.50352,59.9994],[30.50264,59.99829],[30.50373,59.99665],[30.50355,59.99563],[30.5042,59.99449],[30.50656,59.99371],[30.50726,59.99279],[30.50617,59.9905],[30.50881,59.98866],[30.50774,59.98749],[30.50809,59.98713],[30.50876,59.98726],[30.51257,59.98584],[30.51746,59.98534],[30.53469,59.99259],[30.53606,59.99212],[30.53658,59.99085],[30.53486,59.98983],[30.53403,59.99062],[30.53378,59.98977],[30.53431,59.98934],[30.5337,59.9888],[30.53469,59.98866],[30.53566,59.9892],[30.53786,59.98868],[30.53778,59.98811],[30.5365,59.98742],[30.53629,59.98664],[30.53317,59.98701],[30.53319,59.98643],[30.53234,59.98576],[30.53313,59.98451],[30.53238,59.98411],[30.53081,59.98461],[30.53125,59.98329],[30.52811,59.98209],[30.53136,59.98176],[30.53271,59.98279],[30.53493,59.98257],[30.53611,59.98298],[30.53647,59.98253],[30.54039,59.98181],[30.54122,59.98112],[30.54391,59.98102],[30.54453,59.98048],[30.54774,59.98034],[30.55004,59.98132],[30.55167,59.98119],[30.54834,59.9795],[30.54843,59.97871],[30.5515,59.97842],[30.55175,59.97945],[30.55409,59.97923],[30.55409,59.97718],[30.55584,59.97528],[30.55821,59.97381],[30.55617,59.97328],[30.55697,59.97274],[30.55918,59.97333],[30.56603,59.97096],[30.55927,59.96962],[30.55582,59.9699],[30.55249,59.96899],[30.5433,59.97748],[30.53726,59.97502],[30.53293,59.97394],[30.52817,59.97302],[30.52685,59.97409],[30.5131,59.97056],[30.50775,59.94562],[30.50512,59.94622],[30.50546,59.94549],[30.49094,59.94521],[30.49009,59.94709],[30.47795,59.95877],[30.46683,59.95587],[30.46038,59.96215],[30.45257,59.96068],[30.44636,59.96046],[30.44678,59.96497],[30.44485,59.97797]]]}},{"type":"Feature","properties":{"name":"Остров Декабристов","key":"островдекабристов","lx":30.24131,"ly":59.95352},"geometry":{"type":"Polygon","coordinates":[[[30.18468,59.95472],[30.18771,59.95953],[30.19071,59.96115],[30.20731,59.96396],[30.21525,59.96429],[30.23275,59.96156],[30.23388,59.96241],[30.2638,59.95697],[30.27761,59.95153],[30.27383,59.95001],[30.27106,59.94984],[30.26548,59.94782],[30.25992,59.94838],[30.25526,59.94685],[30.25119,59.94771],[30.24293,59.94565],[30.2348,59.94747],[30.21091,59.95074],[30.21056,59.95014],[30.207,59.9506],[30.20738,59.95128],[30.18468,59.95472]]]}},{"type":"Feature","properties":{"name":"Левашово","key":"левашово","lx":30.15428,"ly":60.08988},"geometry":{"type":"Polygon","coordinates":[[[30.07081,60.09623],[30.08512,60.10426],[30.08864,60.10798],[30.0913,60.10734],[30.09278,60.10757],[30.09472,60.1067],[30.097,60.10741],[30.0971,60.10706],[30.10099,60.10638],[30.10623,60.10623],[30.11031,60.10686],[30.10894,60.10715],[30.10914,60.10804],[30.1097,60.1083],[30.1083,60.10868],[30.10888,60.10886],[30.10822,60.10897],[30.10904,60.1093],[30.10866,60.10946],[30.10903,60.10986],[30.10743,60.1114],[30.10815,60.11187],[30.10826,60.11259],[30.10965,60.11291],[30.10958,60.11325],[30.11315,60.11365],[30.11386,60.11448],[30.11959,60.11261],[30.12391,60.11424],[30.1251,60.11358],[30.12741,60.11449],[30.13373,60.11218],[30.13868,60.11434],[30.1378,60.11485],[30.13769,60.1168],[30.13867,60.11853],[30.138,60.11898],[30.13887,60.12004],[30.22771,60.10235],[30.23323,60.10038],[30.23695,60.09841],[30.24524,60.09194],[30.23803,60.08889],[30.22813,60.08597],[30.21823,60.08428],[30.20125,60.08268],[30.19222,60.08055],[30.18427,60.07728],[30.16977,60.0671],[30.15977,60.06257],[30.14782,60.05936],[30.12618,60.05632],[30.12658,60.05699],[30.12628,60.05747],[30.13602,60.06017],[30.13602,60.06437],[30.13798,60.06542],[30.13814,60.06631],[30.13543,60.07061],[30.13322,60.07264],[30.11913,60.07001],[30.11602,60.07188],[30.11211,60.07267],[30.1028,60.08085],[30.09454,60.08532],[30.08719,60.08688],[30.07689,60.09045],[30.07421,60.09397],[30.07081,60.09623]]]}},{"type":"Feature","properties":{"name":"Зеленогорск","key":"зеленогорск","lx":29.74378,"ly":60.21109},"geometry":{"type":"Polygon","coordinates":[[[29.63142,60.21162],[29.63467,60.21172],[29.6389,60.21269],[29.64785,60.20984],[29.65088,60.21043],[29.65224,60.21217],[29.65647,60.214],[29.64852,60.21556],[29.6609,60.22845],[29.66548,60.22842],[29.6739,60.23705],[29.67814,60.23704],[29.68084,60.23825],[29.68317,60.24047],[29.69515,60.23999],[29.6999,60.24484],[29.70651,60.24394],[29.70655,60.24264],[29.7083,60.24121],[29.70833,60.23981],[29.70598,60.23901],[29.70303,60.23719],[29.70123,60.23717],[29.69947,60.2363],[29.69758,60.23664],[29.69525,60.23474],[29.69867,60.23281],[29.70089,60.23238],[29.70529,60.23038],[29.70504,60.22979],[29.71185,60.22683],[29.7199,60.22592],[29.72046,60.2283],[29.7155,60.23077],[29.71504,60.23203],[29.71415,60.23261],[29.7175,60.23393],[29.71641,60.23477],[29.71751,60.23524],[29.71412,60.23652],[29.71412,60.23738],[29.71276,60.23954],[29.7097,60.2398],[29.71339,60.24147],[29.72161,60.24171],[29.7296,60.23979],[29.73463,60.23968],[29.74564,60.24196],[29.75802,60.2427],[29.75979,60.23699],[29.77106,60.23305],[29.77058,60.23036],[29.77602,60.2265],[29.77984,60.22517],[29.77454,60.2197],[29.7739,60.21659],[29.7718,60.21626],[29.77221,60.21545],[29.77099,60.21362],[29.7776,60.21336],[29.77987,60.2113],[29.78085,60.21108],[29.76625,60.19281],[29.76892,60.19228],[29.76005,60.18142],[29.75225,60.18264],[29.74858,60.18244],[29.74153,60.18337],[29.7383,60.18424],[29.72062,60.18651],[29.71508,60.18644],[29.70791,60.18738],[29.70187,60.18728],[29.70193,60.18769],[29.7002,60.18776],[29.70004,60.18682],[29.70271,60.18644],[29.70006,60.1867],[29.69246,60.18807],[29.69069,60.1878],[29.68222,60.18872],[29.67566,60.18999],[29.66687,60.19021],[29.66398,60.18938],[29.65785,60.19054],[29.65094,60.19032],[29.64484,60.19134],[29.63858,60.19145],[29.63859,60.19241],[29.63929,60.19231],[29.64058,60.19474],[29.63721,60.19621],[29.63142,60.21162]]]}},{"type":"Feature","properties":{"name":"№ 78","key":"78","lx":30.32756,"ly":59.93049},"geometry":{"type":"Polygon","coordinates":[[[30.31013,59.93647],[30.31239,59.93739],[30.31265,59.937],[30.34343,59.93324],[30.34196,59.93146],[30.33906,59.92975],[30.32703,59.92515],[30.31013,59.93647]]]}},{"type":"Feature","properties":{"name":"№ 21","key":"21","lx":30.42353,"ly":60.03266},"geometry":{"type":"Polygon","coordinates":[[[30.40227,60.0262],[30.41888,60.04609],[30.43481,60.04226],[30.43761,60.0406],[30.43727,60.02106],[30.43459,60.02158],[30.43073,60.0213],[30.42971,60.02042],[30.42651,60.01978],[30.4238,60.01989],[30.42292,60.02054],[30.41841,60.02073],[30.41599,60.02151],[30.41243,60.02106],[30.41213,60.02162],[30.41099,60.02192],[30.41167,60.02237],[30.41074,60.023],[30.4108,60.02347],[30.40842,60.02474],[30.40227,60.0262]]]}},{"type":"Feature","properties":{"name":"Большая Охта","key":"большаяохта","lx":30.43067,"ly":59.94795},"geometry":{"type":"Polygon","coordinates":[[[30.39958,59.95544],[30.40693,59.95894],[30.44636,59.96046],[30.44811,59.94139],[30.44281,59.94136],[30.44104,59.94082],[30.44083,59.94017],[30.44181,59.93735],[30.44012,59.93632],[30.43527,59.93661],[30.43144,59.93596],[30.42509,59.9365],[30.42256,59.93598],[30.41964,59.93412],[30.41605,59.93392],[30.415,59.93439],[30.41509,59.93628],[30.41301,59.93831],[30.41261,59.94074],[30.4089,59.94476],[30.40302,59.94863],[30.40306,59.95181],[30.40265,59.95307],[30.40216,59.95384],[30.39958,59.95544]]]}},{"type":"Feature","properties":{"name":"Посадский","key":"посадский","lx":30.32972,"ly":59.95763},"geometry":{"type":"Polygon","coordinates":[[[30.3145,59.96279],[30.33496,59.96712],[30.33599,59.96518],[30.3377,59.95733],[30.34022,59.95465],[30.34541,59.95224],[30.3276,59.94862],[30.3145,59.96279]]]}},{"type":"Feature","properties":{"name":"Купчино","key":"купчино","lx":30.37728,"ly":59.86276},"geometry":{"type":"Polygon","coordinates":[[[30.35446,59.8737],[30.36476,59.87563],[30.3708,59.86771],[30.38006,59.87127],[30.3924,59.85907],[30.37984,59.85625],[30.36434,59.85405],[30.35446,59.8737]]]}},{"type":"Feature","properties":{"name":"Георгиевский","key":"георгиевский","lx":30.38058,"ly":59.84577},"geometry":{"type":"Polygon","coordinates":[[[30.36434,59.85405],[30.37984,59.85625],[30.3924,59.85907],[30.40953,59.84217],[30.38236,59.83516],[30.37368,59.83388],[30.3713,59.84002],[30.36434,59.85405]]]}},{"type":"Feature","properties":{"name":"Петро-Славянка","key":"петрославянка","lx":30.47876,"ly":59.81118},"geometry":{"type":"Polygon","coordinates":[[[30.43875,59.82757],[30.44112,59.82937],[30.44333,59.8298],[30.45574,59.83196],[30.4752,59.83399],[30.51155,59.80777],[30.51221,59.80803],[30.50822,59.81129],[30.50829,59.81264],[30.5109,59.8136],[30.51263,59.81507],[30.52013,59.81923],[30.52142,59.82167],[30.52021,59.82393],[30.54713,59.81369],[30.52703,59.79654],[30.5238,59.79871],[30.51706,59.79241],[30.51479,59.79112],[30.51172,59.79188],[30.51077,59.79283],[30.50848,59.79296],[30.50906,59.79225],[30.51114,59.79146],[30.51045,59.79004],[30.51511,59.79038],[30.51598,59.78994],[30.51431,59.78922],[30.51748,59.78717],[30.51546,59.78635],[30.51382,59.78478],[30.51706,59.78493],[30.51906,59.78398],[30.517,59.78372],[30.50953,59.78524],[30.50884,59.78437],[30.50176,59.78849],[30.49803,59.7888],[30.49773,59.78932],[30.49261,59.79075],[30.4898,59.79206],[30.48778,59.79175],[30.48551,59.79261],[30.48423,59.79154],[30.47917,59.79296],[30.45785,59.80269],[30.45625,59.80947],[30.4616,59.81084],[30.44952,59.81827],[30.45359,59.81827],[30.44863,59.82451],[30.44422,59.82422],[30.44299,59.82751],[30.43875,59.82757]]]}},{"type":"Feature","properties":{"name":"Княжево","key":"княжево","lx":30.26815,"ly":59.84838},"geometry":{"type":"Polygon","coordinates":[[[30.24965,59.8446],[30.25627,59.84772],[30.25634,59.85749],[30.25357,59.85882],[30.26106,59.86309],[30.26247,59.86212],[30.26382,59.86211],[30.27438,59.8591],[30.27576,59.85927],[30.27771,59.863],[30.27819,59.86311],[30.28702,59.85887],[30.2883,59.85773],[30.28889,59.85601],[30.28983,59.85995],[30.29048,59.85959],[30.29035,59.85854],[30.29269,59.85785],[30.29181,59.85279],[30.28916,59.85112],[30.2878,59.84856],[30.28485,59.8447],[30.28222,59.84253],[30.2812,59.84246],[30.26971,59.83568],[30.26425,59.83705],[30.24965,59.8446]]]}},{"type":"Feature","properties":{"name":"Академическое","key":"академическое","lx":30.38076,"ly":60.01861},"geometry":{"type":"Polygon","coordinates":[[[30.36464,59.99822],[30.36597,60.00136],[30.36985,60.00728],[30.36905,60.00961],[30.36485,60.03214],[30.37174,60.03142],[30.37703,60.03022],[30.37714,60.03159],[30.37805,60.03203],[30.3841,60.03124],[30.38779,60.02976],[30.38807,60.02924],[30.39488,60.02888],[30.39759,60.02679],[30.4013,60.02647],[30.40842,60.02474],[30.4108,60.02347],[30.41074,60.023],[30.41167,60.02237],[30.41099,60.02192],[30.41233,60.02149],[30.41216,60.02114],[30.41599,60.02151],[30.41894,60.0208],[30.40846,60.01038],[30.39774,60.01308],[30.39119,60.00657],[30.38552,60.00754],[30.38191,60.00219],[30.37901,59.99927],[30.37723,59.9966],[30.36464,59.99822]]]}},{"type":"Feature","properties":{"name":"Нарвский","key":"нарвский","lx":30.25307,"ly":59.88903},"geometry":{"type":"Polygon","coordinates":[[[30.22333,59.88356],[30.22598,59.88419],[30.22865,59.88377],[30.23873,59.88693],[30.24166,59.89004],[30.24249,59.89398],[30.24436,59.89738],[30.25023,59.90129],[30.25402,59.90017],[30.25615,59.90057],[30.2621,59.89989],[30.26461,59.90057],[30.26571,59.90182],[30.2691,59.90241],[30.27583,59.90111],[30.28002,59.90356],[30.28192,59.90392],[30.29469,59.90275],[30.29541,59.9026],[30.29584,59.9018],[30.29688,59.90194],[30.29705,59.90056],[30.29478,59.89612],[30.29789,59.89603],[30.2979,59.89446],[30.29946,59.89424],[30.29765,59.88867],[30.29507,59.88647],[30.29379,59.88251],[30.28146,59.88169],[30.26599,59.88474],[30.25866,59.87747],[30.25537,59.87808],[30.25446,59.87762],[30.25435,59.87651],[30.24564,59.87676],[30.24223,59.87864],[30.23561,59.88096],[30.22383,59.8818],[30.22333,59.88356]]]}},{"type":"Feature","properties":{"name":"Морские ворота","key":"морскиеворота","lx":30.22954,"ly":59.8996},"geometry":{"type":"Polygon","coordinates":[[[30.16799,59.88702],[30.16915,59.88834],[30.18166,59.88776],[30.19307,59.88919],[30.1943,59.89036],[30.19522,59.89272],[30.19636,59.89351],[30.20946,59.8995],[30.21276,59.90218],[30.21365,59.90223],[30.21622,59.90424],[30.2164,59.90531],[30.21602,59.90577],[30.20726,59.90852],[30.20743,59.90926],[30.21404,59.91622],[30.22442,59.91399],[30.23455,59.91338],[30.24087,59.91415],[30.25195,59.91453],[30.26074,59.91592],[30.26049,59.91726],[30.26207,59.91644],[30.26191,59.91236],[30.25994,59.90935],[30.25538,59.90414],[30.25351,59.90268],[30.24823,59.90014],[30.24436,59.89738],[30.24249,59.89398],[30.24166,59.89004],[30.24066,59.88858],[30.23777,59.88638],[30.22865,59.88377],[30.22598,59.88419],[30.21855,59.88699],[30.21435,59.88804],[30.20341,59.88742],[30.19937,59.88775],[30.18429,59.88596],[30.16799,59.88702]]]}},{"type":"Feature","properties":{"name":"Васильевский","key":"васильевский","lx":30.25954,"ly":59.94283},"geometry":{"type":"Polygon","coordinates":[[[30.23111,59.94717],[30.23146,59.94776],[30.2348,59.94747],[30.24352,59.94568],[30.25119,59.94771],[30.25526,59.94685],[30.25992,59.94838],[30.26548,59.94782],[30.27106,59.94984],[30.27383,59.95001],[30.27761,59.95153],[30.29227,59.94715],[30.25586,59.93652],[30.25135,59.9404],[30.24489,59.93866],[30.2355,59.94619],[30.23111,59.94717]]]}},{"type":"Feature","properties":{"name":"Шувалово-Озерки","key":"шуваловоозерки","lx":30.31356,"ly":60.05048},"geometry":{"type":"Polygon","coordinates":[[[30.274,60.06861],[30.27899,60.06591],[30.28789,60.06474],[30.2923,60.06507],[30.29845,60.06685],[30.29923,60.06633],[30.30361,60.06745],[30.30768,60.06756],[30.34106,60.06082],[30.32082,60.03386],[30.3199,60.03008],[30.30888,60.02553],[30.29935,60.04325],[30.29773,60.04525],[30.29403,60.0521],[30.274,60.06861]]]}},{"type":"Feature","properties":{"name":"Народный","key":"народный","lx":30.48956,"ly":59.87875},"geometry":{"type":"Polygon","coordinates":[[[30.44436,59.89244],[30.46215,59.89398],[30.4638,59.88957],[30.47903,59.89296],[30.49367,59.89219],[30.49554,59.89201],[30.49542,59.89148],[30.49741,59.89136],[30.4976,59.89054],[30.51167,59.87285],[30.52,59.86323],[30.50868,59.86123],[30.508,59.85969],[30.5054,59.85921],[30.50387,59.85949],[30.49704,59.85894],[30.49349,59.8582],[30.49317,59.85939],[30.49199,59.86044],[30.48165,59.86735],[30.47914,59.86835],[30.47515,59.86901],[30.46599,59.86968],[30.4587,59.87213],[30.44712,59.88384],[30.44436,59.89244]]]}},{"type":"Feature","properties":{"name":"Коломна","key":"коломна","lx":30.27935,"ly":59.92391},"geometry":{"type":"Polygon","coordinates":[[[30.26049,59.91726],[30.26244,59.9174],[30.26531,59.91883],[30.26904,59.92259],[30.27246,59.92873],[30.27739,59.93203],[30.2818,59.93306],[30.28492,59.92894],[30.29371,59.92786],[30.2956,59.92473],[30.3014,59.9178],[30.29285,59.91592],[30.27845,59.91645],[30.27724,59.91596],[30.26988,59.9154],[30.26207,59.91644],[30.26049,59.91726]]]}},{"type":"Feature","properties":{"name":"Новоизмайловское","key":"новоизмайловское","lx":30.29889,"ly":59.84309},"geometry":{"type":"Polygon","coordinates":[[[30.28503,59.84011],[30.28594,59.8438],[30.2853,59.8452],[30.28916,59.85112],[30.29042,59.85161],[30.29181,59.85279],[30.29202,59.85352],[30.29269,59.85785],[30.29035,59.85854],[30.29316,59.8749],[30.29825,59.8748],[30.29846,59.87552],[30.31342,59.87575],[30.31501,59.84775],[30.31449,59.84701],[30.31478,59.8414],[30.31071,59.84133],[30.31193,59.82772],[30.29812,59.82769],[30.29531,59.83058],[30.28774,59.83664],[30.28551,59.83897],[30.28503,59.84011]]]}},{"type":"Feature","properties":{"name":"Невский","key":"невский","lx":30.46695,"ly":59.91106},"geometry":{"type":"Polygon","coordinates":[[[30.4094,59.91543],[30.42377,59.91927],[30.43908,59.91237],[30.47048,59.91978],[30.4827,59.9067],[30.44072,59.89718],[30.43438,59.90261],[30.42549,59.90714],[30.41258,59.91272],[30.4094,59.91543]]]}},{"type":"Feature","properties":{"name":"№ 54","key":"54","lx":30.4896,"ly":59.90041},"geometry":{"type":"Polygon","coordinates":[[[30.44072,59.89718],[30.45899,59.9011],[30.50002,59.91079],[30.49554,59.89201],[30.47872,59.89294],[30.4638,59.88957],[30.46215,59.89398],[30.44436,59.89244],[30.44403,59.89344],[30.44072,59.89718]]]}},{"type":"Feature","properties":{"name":"Прометей","key":"прометей","lx":30.39879,"ly":60.03965},"geometry":{"type":"Polygon","coordinates":[[[30.37805,60.03203],[30.39657,60.05501],[30.41842,60.04955],[30.41565,60.04671],[30.41888,60.04609],[30.40227,60.0262],[30.39721,60.02693],[30.39488,60.02888],[30.38812,60.02923],[30.38779,60.02976],[30.3841,60.03124],[30.37805,60.03203]]]}},{"type":"Feature","properties":{"name":"Урицк","key":"урицк","lx":30.17564,"ly":59.8345},"geometry":{"type":"Polygon","coordinates":[[[30.16106,59.83326],[30.16138,59.83435],[30.16109,59.83498],[30.1637,59.83754],[30.16505,59.83961],[30.16384,59.84174],[30.16556,59.84304],[30.16574,59.84653],[30.21219,59.84561],[30.19352,59.83212],[30.1836,59.82278],[30.17764,59.8229],[30.17718,59.82239],[30.17201,59.82208],[30.17066,59.82244],[30.16943,59.82355],[30.16564,59.82375],[30.16514,59.82646],[30.1638,59.82777],[30.1639,59.82968],[30.16303,59.83027],[30.16422,59.83124],[30.16413,59.83179],[30.16192,59.83244],[30.16106,59.83326]]]}},{"type":"Feature","properties":{"name":"Волковское","key":"волковское","lx":30.36234,"ly":59.89274},"geometry":{"type":"Polygon","coordinates":[[[30.33258,59.91305],[30.34008,59.91574],[30.34247,59.91607],[30.36331,59.91387],[30.36429,59.91199],[30.36598,59.91044],[30.37478,59.90539],[30.39084,59.894],[30.3902,59.89379],[30.39112,59.89376],[30.39195,59.8931],[30.39295,59.892],[30.39236,59.89196],[30.39309,59.89169],[30.39489,59.88904],[30.40516,59.881],[30.3708,59.86771],[30.36476,59.87563],[30.35446,59.8737],[30.3485,59.88026],[30.34591,59.88452],[30.3449,59.88709],[30.34537,59.89109],[30.34509,59.89198],[30.33846,59.90502],[30.33574,59.90802],[30.33445,59.91148],[30.33258,59.91305]]]}},{"type":"Feature","properties":{"name":"Сосновское","key":"сосновское","lx":30.35136,"ly":60.02616},"geometry":{"type":"Polygon","coordinates":[[[30.3199,60.03008],[30.32082,60.03386],[30.32823,60.04384],[30.36675,60.036],[30.36542,60.03437],[30.36485,60.03214],[30.36728,60.01877],[30.34708,60.01071],[30.32881,60.02225],[30.33536,60.02457],[30.33165,60.02709],[30.33113,60.02692],[30.33112,60.02736],[30.33891,60.02772],[30.33799,60.03102],[30.3199,60.03008]]]}},{"type":"Feature","properties":{"name":"Песочный","key":"песочный","lx":30.09128,"ly":60.12162},"geometry":{"type":"Polygon","coordinates":[[[30.05017,60.10558],[30.05079,60.10667],[30.05283,60.10803],[30.05261,60.10975],[30.05462,60.1122],[30.0587,60.11312],[30.06304,60.11633],[30.06652,60.1165],[30.07288,60.11938],[30.06713,60.12149],[30.06789,60.13587],[30.14739,60.13437],[30.16153,60.12966],[30.16461,60.13004],[30.16615,60.13073],[30.16694,60.13115],[30.16599,60.1316],[30.16686,60.13221],[30.16908,60.1327],[30.16948,60.13207],[30.17161,60.13298],[30.17147,60.13388],[30.17433,60.13632],[30.17594,60.13613],[30.17656,60.13589],[30.17578,60.13463],[30.17493,60.13421],[30.17373,60.13462],[30.17273,60.13344],[30.17309,60.13029],[30.17159,60.12877],[30.17498,60.12939],[30.18332,60.12941],[30.18356,60.12742],[30.19326,60.12777],[30.19474,60.12154],[30.191,60.11997],[30.18943,60.11823],[30.19467,60.11819],[30.19534,60.1178],[30.19531,60.11728],[30.18675,60.11741],[30.17779,60.11881],[30.17336,60.11324],[30.13887,60.12004],[30.138,60.11898],[30.13867,60.11853],[30.13769,60.1168],[30.1378,60.11485],[30.13868,60.11434],[30.13373,60.11218],[30.12741,60.11449],[30.1251,60.11358],[30.12391,60.11424],[30.11959,60.11261],[30.11386,60.11448],[30.11315,60.11365],[30.10958,60.11325],[30.10965,60.11291],[30.10826,60.11259],[30.10815,60.11187],[30.10743,60.1114],[30.10903,60.10986],[30.10866,60.10946],[30.10904,60.1093],[30.10822,60.10897],[30.10888,60.10886],[30.1083,60.10868],[30.1097,60.1083],[30.10914,60.10804],[30.10894,60.10715],[30.11031,60.10686],[30.10623,60.10623],[30.10099,60.10638],[30.0971,60.10706],[30.097,60.10741],[30.09472,60.1067],[30.09278,60.10757],[30.0913,60.10734],[30.08864,60.10798],[30.08512,60.10426],[30.07284,60.09727],[30.06418,60.10014],[30.06364,60.09981],[30.06173,60.10026],[30.05222,60.10047],[30.05293,60.10192],[30.05283,60.10319],[30.05062,60.1046],[30.05017,60.10558]]]}},{"type":"Feature","properties":{"name":"Смольнинское","key":"смольнинское","lx":30.38284,"ly":59.94036},"geometry":{"type":"Polygon","coordinates":[[[30.3592,59.94408],[30.3596,59.9514],[30.36356,59.95117],[30.37112,59.95227],[30.37643,59.9538],[30.38367,59.95717],[30.38618,59.95774],[30.39095,59.95779],[30.39672,59.95657],[30.40216,59.95384],[30.40306,59.95181],[30.40302,59.94863],[30.4002,59.93896],[30.39633,59.93313],[30.39428,59.92902],[30.39591,59.92574],[30.38532,59.92361],[30.36667,59.93029],[30.35996,59.93118],[30.36076,59.9439],[30.3592,59.94408]]]}},{"type":"Feature","properties":{"name":"Литейный","key":"литейный","lx":30.35045,"ly":59.94312},"geometry":{"type":"Polygon","coordinates":[[[30.33489,59.95015],[30.34541,59.95224],[30.3596,59.9514],[30.3592,59.94392],[30.36076,59.9439],[30.35996,59.93118],[30.34343,59.93324],[30.34424,59.93545],[30.34315,59.93822],[30.33834,59.94201],[30.33741,59.94632],[30.33489,59.95015]]]}},{"type":"Feature","properties":{"name":"Московская застава","key":"московскаязастава","lx":30.33088,"ly":59.88897},"geometry":{"type":"Polygon","coordinates":[[[30.29316,59.8749],[30.29373,59.87777],[30.29454,59.87896],[30.29578,59.87991],[30.29967,59.88146],[30.30001,59.88269],[30.29379,59.88251],[30.29507,59.88647],[30.29765,59.88867],[30.29858,59.89127],[30.29946,59.89424],[30.2979,59.89446],[30.29789,59.89603],[30.31918,59.89643],[30.31841,59.90864],[30.32137,59.90895],[30.33258,59.91305],[30.33466,59.91117],[30.33574,59.90802],[30.33846,59.90502],[30.34017,59.9018],[30.34537,59.89109],[30.345,59.88623],[30.34753,59.88165],[30.3503,59.87838],[30.33629,59.87615],[30.33724,59.85836],[30.32107,59.85819],[30.32028,59.87172],[30.31368,59.87162],[30.31342,59.87575],[30.29846,59.87552],[30.29825,59.8748],[30.29316,59.8749]]]}},{"type":"Feature","properties":{"name":"Измайловское","key":"измайловское","lx":30.30829,"ly":59.90913},"geometry":{"type":"Polygon","coordinates":[[[30.29074,59.90313],[30.29345,59.90438],[30.29294,59.90468],[30.29328,59.90523],[30.29597,59.90709],[30.29834,59.90775],[30.2982,59.90864],[30.29773,59.90864],[30.29729,59.91685],[30.31777,59.9217],[30.31918,59.89643],[30.29478,59.89612],[30.29701,59.90029],[30.2969,59.90191],[30.29584,59.9018],[30.29541,59.9026],[30.29473,59.90275],[30.29074,59.90313]]]}},{"type":"Feature","properties":{"name":"Екатерингофский","key":"екатерингофский","lx":30.27447,"ly":59.90856},"geometry":{"type":"Polygon","coordinates":[[[30.25023,59.90129],[30.25351,59.90268],[30.25538,59.90414],[30.25994,59.90935],[30.26191,59.91236],[30.26207,59.91644],[30.26988,59.9154],[30.27724,59.91596],[30.27845,59.91645],[30.29285,59.91592],[30.29729,59.91685],[30.29773,59.90864],[30.2982,59.90864],[30.29834,59.90775],[30.29597,59.90709],[30.29328,59.90523],[30.29294,59.90468],[30.29345,59.90438],[30.29074,59.90313],[30.2814,59.90388],[30.28002,59.90356],[30.27583,59.90111],[30.2691,59.90241],[30.26571,59.90182],[30.26461,59.90057],[30.2621,59.89989],[30.25615,59.90057],[30.25402,59.90017],[30.25023,59.90129]]]}},{"type":"Feature","properties":{"name":"Автово","key":"автово","lx":30.26999,"ly":59.87229},"geometry":{"type":"Polygon","coordinates":[[[30.16152,59.87428],[30.16653,59.87903],[30.16812,59.8796],[30.16592,59.8808],[30.17232,59.88418],[30.16789,59.8864],[30.16799,59.88702],[30.18429,59.88596],[30.19937,59.88775],[30.20341,59.88742],[30.21435,59.88804],[30.21855,59.88699],[30.22598,59.88419],[30.22333,59.88356],[30.22383,59.8818],[30.23561,59.88096],[30.24223,59.87864],[30.24564,59.87676],[30.25435,59.87651],[30.25451,59.87769],[30.25558,59.87811],[30.25866,59.87747],[30.26599,59.88474],[30.28146,59.88169],[30.30001,59.88269],[30.29967,59.88146],[30.29578,59.87991],[30.29373,59.87777],[30.29203,59.87001],[30.29048,59.85959],[30.28983,59.85995],[30.28914,59.856],[30.2883,59.85773],[30.28702,59.85887],[30.27819,59.86311],[30.27771,59.863],[30.27576,59.85927],[30.27438,59.8591],[30.26382,59.86211],[30.26247,59.86212],[30.26106,59.86309],[30.26161,59.86369],[30.26128,59.86409],[30.24006,59.86454],[30.23928,59.86399],[30.23295,59.86402],[30.21516,59.86476],[30.21016,59.86568],[30.20046,59.86903],[30.19518,59.86791],[30.18686,59.86743],[30.18517,59.86656],[30.1816,59.86671],[30.18076,59.86702],[30.17976,59.86832],[30.17506,59.87073],[30.17275,59.87084],[30.17179,59.87176],[30.16152,59.87428]]]}},{"type":"Feature","properties":{"name":"Кронверкское","key":"кронверкское","lx":30.31467,"ly":59.95251},"geometry":{"type":"Polygon","coordinates":[[[30.29906,59.95778],[30.3118,59.96561],[30.3276,59.94862],[30.31686,59.94566],[30.30951,59.94598],[30.30641,59.95009],[30.30569,59.95187],[30.30679,59.95402],[30.30851,59.9555],[30.30643,59.95621],[30.30518,59.95769],[30.30166,59.95755],[30.30077,59.95703],[30.29906,59.95778]]]}},{"type":"Feature","properties":{"name":"Введенский","key":"введенский","lx":30.3004,"ly":59.95169},"geometry":{"type":"Polygon","coordinates":[[[30.28571,59.9491],[30.29906,59.95778],[30.30077,59.95703],[30.30166,59.95755],[30.30518,59.95769],[30.30643,59.95621],[30.30851,59.9555],[30.30679,59.95402],[30.30569,59.95187],[30.30641,59.95009],[30.30951,59.94598],[30.29386,59.94667],[30.28571,59.9491]]]}},{"type":"Feature","properties":{"name":"Молодёжное","key":"молодежное","lx":29.49122,"ly":60.20644},"geometry":{"type":"Polygon","coordinates":[[[29.45195,60.20537],[29.4822,60.22101],[29.49303,60.21972],[29.49657,60.21883],[29.50227,60.21643],[29.50982,60.21198],[29.51812,60.2088],[29.53115,60.21188],[29.53287,60.21028],[29.53627,60.21062],[29.53711,60.21191],[29.53882,60.2122],[29.54008,60.21127],[29.53942,60.20989],[29.54116,60.20893],[29.54164,60.20781],[29.54353,60.2078],[29.54466,60.20729],[29.54578,60.20634],[29.54474,60.20535],[29.54659,60.20469],[29.54388,60.20439],[29.54284,60.20332],[29.54317,60.20278],[29.54417,60.20195],[29.5458,60.20182],[29.54911,60.20044],[29.54865,60.19986],[29.55022,60.19927],[29.55099,60.19845],[29.55092,60.19781],[29.54711,60.1958],[29.54386,60.19669],[29.54185,60.19615],[29.54015,60.19479],[29.53877,60.19088],[29.53816,60.19117],[29.53884,60.19263],[29.53775,60.19271],[29.53497,60.19122],[29.53456,60.19038],[29.52912,60.18954],[29.526,60.18327],[29.51714,60.18213],[29.51511,60.18101],[29.51076,60.18011],[29.50625,60.17987],[29.50583,60.18148],[29.50351,60.18288],[29.50881,60.18606],[29.50862,60.18655],[29.50596,60.18768],[29.50496,60.18894],[29.50263,60.18975],[29.50397,60.19087],[29.49405,60.19271],[29.49359,60.19332],[29.49246,60.19323],[29.49148,60.19238],[29.48979,60.19242],[29.48916,60.19299],[29.48739,60.19257],[29.48696,60.19289],[29.48709,60.1935],[29.48542,60.19434],[29.48241,60.19434],[29.48067,60.19474],[29.48031,60.19534],[29.47615,60.19596],[29.47606,60.19644],[29.47541,60.19648],[29.47578,60.19686],[29.47405,60.19722],[29.47444,60.19763],[29.47302,60.19906],[29.47148,60.19896],[29.47175,60.1996],[29.46983,60.20007],[29.46568,60.20059],[29.46039,60.19994],[29.4598,60.20072],[29.46018,60.20091],[29.45793,60.20123],[29.45793,60.20175],[29.45694,60.20228],[29.45724,60.20271],[29.45669,60.2033],[29.4548,60.20308],[29.45452,60.20377],[29.45519,60.20428],[29.45487,60.20464],[29.45248,60.20491],[29.45195,60.20537]]]}},{"type":"Feature","properties":{"name":"Гражданка","key":"гражданка","lx":30.42149,"ly":60.01383},"geometry":{"type":"Polygon","coordinates":[[[30.35931,59.99393],[30.36375,59.99629],[30.36464,59.99822],[30.37723,59.9966],[30.37901,59.99927],[30.38191,60.00219],[30.38552,60.00754],[30.39119,60.00657],[30.39774,60.01308],[30.40846,60.01038],[30.41894,60.0208],[30.42651,60.01978],[30.42971,60.02042],[30.43073,60.0213],[30.43246,60.02133],[30.43335,60.01507],[30.43215,60.01552],[30.43232,60.01468],[30.43188,60.0142],[30.42064,60.00474],[30.41878,60.00403],[30.40111,60.00054],[30.39651,60.00171],[30.39448,59.99963],[30.3913,59.99466],[30.38064,59.99609],[30.37707,59.99254],[30.37433,59.99187],[30.35931,59.99393]]]}},{"type":"Feature","properties":{"name":"Звёздное","key":"звездное","lx":30.33647,"ly":59.82102},"geometry":{"type":"Polygon","coordinates":[[[30.32107,59.85819],[30.33724,59.85836],[30.33805,59.84448],[30.34676,59.8427],[30.35654,59.84306],[30.36112,59.83236],[30.34464,59.8307],[30.37022,59.81693],[30.36637,59.81656],[30.36581,59.81601],[30.36323,59.81564],[30.36282,59.81466],[30.35688,59.81471],[30.35332,59.81419],[30.34988,59.81295],[30.34808,59.81289],[30.34564,59.812],[30.34146,59.80901],[30.33789,59.80826],[30.33623,59.80676],[30.33043,59.80471],[30.32592,59.80465],[30.32597,59.80381],[30.32441,59.80374],[30.32226,59.84115],[30.32344,59.84324],[30.32291,59.84405],[30.32185,59.84433],[30.32107,59.85819]]]}},{"type":"Feature","properties":{"name":"Пулковский меридиан","key":"пулковскиймеридиан","lx":30.30241,"ly":59.77266},"geometry":{"type":"Polygon","coordinates":[[[30.19877,59.80161],[30.20009,59.80369],[30.2176,59.80163],[30.21718,59.80231],[30.21916,59.80261],[30.22235,59.80858],[30.22385,59.80881],[30.22422,59.81219],[30.22752,59.8133],[30.23718,59.81276],[30.23999,59.81303],[30.24751,59.82267],[30.2812,59.84246],[30.28222,59.84253],[30.2853,59.8452],[30.28594,59.8438],[30.28503,59.84011],[30.28551,59.83897],[30.29812,59.82769],[30.31193,59.82772],[30.31071,59.84133],[30.31478,59.8414],[30.31449,59.84701],[30.31501,59.84775],[30.31368,59.87162],[30.32028,59.87172],[30.32185,59.84433],[30.32291,59.84405],[30.32344,59.84324],[30.32226,59.84115],[30.32437,59.80386],[30.32506,59.79751],[30.32723,59.79557],[30.32775,59.79444],[30.32718,59.79241],[30.32542,59.79106],[30.32615,59.77694],[30.32733,59.77564],[30.33183,59.77297],[30.33329,59.77153],[30.33555,59.77198],[30.33602,59.77146],[30.33587,59.77079],[30.33878,59.76992],[30.33837,59.76836],[30.33508,59.76865],[30.33233,59.76245],[30.33069,59.76257],[30.32963,59.76319],[30.31,59.74415],[30.25856,59.76268],[30.26441,59.77095],[30.2709,59.77404],[30.26879,59.77473],[30.27362,59.77762],[30.27116,59.7786],[30.28394,59.78787],[30.22133,59.79703],[30.21047,59.79779],[30.20026,59.79965],[30.19994,59.80133],[30.19877,59.80161]]]}},{"type":"Feature","properties":{"name":"Шушары","key":"шушары","lx":30.44148,"ly":59.77377},"geometry":{"type":"Polygon","coordinates":[[[30.31025,59.74437],[30.32963,59.76319],[30.33069,59.76257],[30.33233,59.76245],[30.33508,59.76865],[30.33837,59.76836],[30.33878,59.76992],[30.33587,59.77079],[30.33602,59.77146],[30.33555,59.77198],[30.33329,59.77153],[30.33183,59.77297],[30.32733,59.77564],[30.32615,59.77694],[30.32542,59.79106],[30.32718,59.79241],[30.32775,59.79444],[30.32723,59.79557],[30.32506,59.79751],[30.32466,59.80374],[30.32597,59.80381],[30.32592,59.80465],[30.33068,59.80479],[30.33623,59.80676],[30.33806,59.80834],[30.34146,59.80901],[30.34575,59.81207],[30.35332,59.81419],[30.35715,59.81472],[30.36282,59.81466],[30.36323,59.81564],[30.36581,59.81601],[30.36637,59.81656],[30.37414,59.81721],[30.38165,59.81873],[30.3827,59.81657],[30.40622,59.81922],[30.43207,59.82513],[30.43506,59.82622],[30.4396,59.82911],[30.44112,59.82937],[30.43875,59.82757],[30.44299,59.82751],[30.44422,59.82422],[30.44863,59.82451],[30.45359,59.81827],[30.44952,59.81827],[30.4616,59.81084],[30.45625,59.80947],[30.45785,59.80269],[30.47917,59.79296],[30.48423,59.79154],[30.48551,59.79261],[30.48778,59.79175],[30.4898,59.79206],[30.49261,59.79075],[30.49773,59.78932],[30.49803,59.7888],[30.50176,59.78849],[30.50884,59.78437],[30.50953,59.78524],[30.517,59.78372],[30.51632,59.7821],[30.51933,59.78259],[30.51994,59.78142],[30.51907,59.78051],[30.52021,59.7805],[30.52097,59.78131],[30.52153,59.78104],[30.5213,59.77999],[30.51953,59.77918],[30.51881,59.77941],[30.51602,59.77787],[30.51615,59.7774],[30.51857,59.777],[30.51845,59.7764],[30.51622,59.77565],[30.51298,59.77648],[30.51346,59.77526],[30.51194,59.77387],[30.51327,59.77376],[30.51274,59.77322],[30.51378,59.77288],[30.51423,59.7719],[30.51203,59.77134],[30.51056,59.7704],[30.51314,59.76958],[30.51209,59.76814],[30.51068,59.76866],[30.51057,59.76711],[30.50965,59.76699],[30.51027,59.76669],[30.50941,59.76596],[30.50956,59.76528],[30.50841,59.76382],[30.50676,59.76284],[30.50985,59.76012],[30.50919,59.75986],[30.50967,59.75942],[30.5079,59.75942],[30.50853,59.75916],[30.50815,59.75833],[30.50868,59.75786],[30.51025,59.75727],[30.51021,59.75686],[30.51275,59.7565],[30.52118,59.75373],[30.52414,59.75339],[30.52307,59.74793],[30.55664,59.74949],[30.55759,59.74708],[30.55764,59.74473],[30.55827,59.74378],[30.5572,59.74294],[30.55757,59.7425],[30.55676,59.74206],[30.5574,59.74194],[30.5573,59.74129],[30.55626,59.74115],[30.55537,59.73997],[30.55604,59.7375],[30.55547,59.73672],[30.55786,59.73614],[30.56734,59.73143],[30.57635,59.73001],[30.56442,59.70502],[30.53078,59.70734],[30.53016,59.70453],[30.52446,59.70435],[30.52481,59.70282],[30.52443,59.70038],[30.5221,59.69947],[30.51959,59.6965],[30.52227,59.69589],[30.52327,59.69358],[30.5223,59.69217],[30.52054,59.69094],[30.48831,59.68854],[30.49096,59.69702],[30.47923,59.70676],[30.46592,59.70711],[30.46382,59.70646],[30.46408,59.70742],[30.46361,59.70788],[30.46443,59.70972],[30.46859,59.71143],[30.46643,59.71192],[30.46774,59.71263],[30.46095,59.71419],[30.46063,59.71461],[30.45623,59.71373],[30.45624,59.7132],[30.45253,59.7131],[30.45262,59.71272],[30.45124,59.71276],[30.45122,59.71329],[30.44698,59.71311],[30.44709,59.71373],[30.44978,59.71368],[30.44964,59.71911],[30.45668,59.71935],[30.45546,59.72303],[30.45619,59.72425],[30.45815,59.72447],[30.45813,59.72547],[30.45677,59.72688],[30.45435,59.73829],[30.45925,59.73894],[30.45891,59.74119],[30.46266,59.74151],[30.46204,59.74403],[30.43429,59.73508],[30.43358,59.73547],[30.42975,59.74268],[30.42081,59.74149],[30.41447,59.75412],[30.41392,59.75407],[30.41005,59.7618],[30.38257,59.75963],[30.38331,59.75776],[30.38313,59.75521],[30.38224,59.75372],[30.37979,59.75143],[30.35941,59.74261],[30.35814,59.74339],[30.35578,59.74241],[30.35243,59.74448],[30.33369,59.74389],[30.32321,59.73973],[30.31025,59.74437]]]}},{"type":"Feature","properties":{"name":"Пискарёвка","key":"пискаревка","lx":30.41782,"ly":59.99235},"geometry":{"type":"Polygon","coordinates":[[[30.347,59.98995],[30.34862,59.99089],[30.35267,59.99119],[30.35931,59.99393],[30.37433,59.99187],[30.37707,59.99254],[30.38064,59.99609],[30.3913,59.99466],[30.39448,59.99963],[30.39651,60.00171],[30.40111,60.00054],[30.41847,60.00391],[30.42064,60.00474],[30.43188,60.0142],[30.43232,60.01468],[30.43215,60.01552],[30.43335,60.01507],[30.43246,60.02133],[30.4344,60.02157],[30.43727,60.02106],[30.43742,60.01914],[30.43647,60.01653],[30.43642,60.01504],[30.44217,59.99982],[30.4212,59.98018],[30.40794,59.98318],[30.39939,59.98454],[30.39301,59.97764],[30.38562,59.97847],[30.36371,59.98575],[30.35751,59.98657],[30.3514,59.9897],[30.347,59.98995]]]}},{"type":"Feature","properties":{"name":"Южно-Приморский","key":"южноприморский","lx":30.16625,"ly":59.85853},"geometry":{"type":"Polygon","coordinates":[[[30.11779,59.85993],[30.11807,59.8628],[30.13161,59.86259],[30.13286,59.86319],[30.13182,59.8624],[30.13285,59.86172],[30.13895,59.86231],[30.1399,59.86303],[30.14863,59.86593],[30.15243,59.86931],[30.15517,59.87057],[30.15498,59.87134],[30.1557,59.87189],[30.16316,59.87018],[30.16386,59.87074],[30.16351,59.87115],[30.1656,59.8713],[30.1705,59.87064],[30.16978,59.87038],[30.17141,59.86959],[30.17293,59.87052],[30.17563,59.87035],[30.17976,59.86832],[30.18076,59.86702],[30.1816,59.86671],[30.18517,59.86656],[30.18686,59.86743],[30.19518,59.86791],[30.20046,59.86903],[30.21107,59.86549],[30.19759,59.85047],[30.19709,59.84589],[30.13016,59.84733],[30.12494,59.84872],[30.12568,59.85043],[30.12515,59.8562],[30.1259,59.85748],[30.125,59.85877],[30.12507,59.85944],[30.11779,59.85993]]]}},{"type":"Feature","properties":{"name":"Аптекарский остров","key":"аптекарскийостров","lx":30.31793,"ly":59.97154},"geometry":{"type":"Polygon","coordinates":[[[30.29737,59.96496],[30.30426,59.9694],[30.30778,59.96976],[30.30142,59.97748],[30.30703,59.97907],[30.31347,59.98013],[30.32022,59.97911],[30.32652,59.97627],[30.33008,59.97364],[30.33496,59.96712],[30.3145,59.96279],[30.3118,59.96561],[30.30557,59.96178],[30.29737,59.96496]]]}},{"type":"Feature","properties":{"name":"Морской","key":"морской","lx":30.20056,"ly":59.94397},"geometry":{"type":"Polygon","coordinates":[[[30.17787,59.94437],[30.17908,59.94526],[30.19045,59.94355],[30.19461,59.95052],[30.18342,59.95252],[30.18318,59.95334],[30.18468,59.95472],[30.20572,59.95162],[30.20738,59.95128],[30.207,59.9506],[30.20929,59.95025],[30.21056,59.95014],[30.21091,59.95074],[30.23146,59.94776],[30.23111,59.94717],[30.23497,59.94646],[30.23775,59.94442],[30.21824,59.9396],[30.21899,59.93877],[30.21216,59.93725],[30.21239,59.93691],[30.20641,59.93584],[30.20596,59.93648],[30.1906,59.93276],[30.18087,59.94308],[30.17823,59.94371],[30.17787,59.94437]]]}},{"type":"Feature","properties":{"name":"Колпино","key":"колпино","lx":30.58846,"ly":59.75629},"geometry":{"type":"Polygon","coordinates":[[[30.50676,59.76284],[30.50841,59.76382],[30.50956,59.76528],[30.50941,59.76596],[30.51027,59.76669],[30.50965,59.76699],[30.51057,59.76711],[30.51068,59.76866],[30.51209,59.76814],[30.51314,59.76958],[30.51056,59.7704],[30.51203,59.77134],[30.51423,59.7719],[30.51378,59.77288],[30.51274,59.77322],[30.51327,59.77376],[30.51194,59.77387],[30.51346,59.77526],[30.51298,59.77648],[30.51622,59.77565],[30.51845,59.7764],[30.51857,59.777],[30.51615,59.7774],[30.51602,59.77787],[30.51881,59.77941],[30.51953,59.77918],[30.5213,59.77999],[30.52158,59.78079],[30.52097,59.78131],[30.52021,59.7805],[30.51907,59.78051],[30.51994,59.78142],[30.51916,59.78268],[30.51757,59.78205],[30.51632,59.7821],[30.51711,59.78386],[30.51901,59.78388],[30.51876,59.78426],[30.51706,59.78493],[30.51382,59.78478],[30.51546,59.78635],[30.51748,59.78717],[30.51431,59.78922],[30.51598,59.78994],[30.51511,59.79038],[30.51045,59.79004],[30.51114,59.79146],[30.50906,59.79225],[30.50848,59.79296],[30.50963,59.79313],[30.51077,59.79283],[30.51172,59.79188],[30.51546,59.79131],[30.5238,59.79871],[30.55536,59.7762],[30.56092,59.77753],[30.57135,59.7815],[30.57435,59.77894],[30.57483,59.77914],[30.57503,59.7797],[30.574,59.78032],[30.57462,59.78187],[30.57622,59.78242],[30.57516,59.78328],[30.57698,59.78354],[30.57859,59.78482],[30.57899,59.78551],[30.57854,59.78616],[30.57925,59.78644],[30.58101,59.78596],[30.58301,59.78803],[30.58491,59.78768],[30.5868,59.7909],[30.58882,59.79122],[30.59095,59.79243],[30.59369,59.79183],[30.59437,59.79237],[30.59451,59.79294],[30.59244,59.79488],[30.59182,59.79635],[30.60064,59.79373],[30.60089,59.78954],[30.60799,59.77866],[30.60861,59.77395],[30.6196,59.77598],[30.61846,59.77269],[30.61906,59.77155],[30.61812,59.77036],[30.61961,59.77006],[30.62026,59.76939],[30.62506,59.76825],[30.62609,59.7652],[30.62843,59.76147],[30.65202,59.771],[30.65418,59.77253],[30.65529,59.77451],[30.66121,59.77298],[30.70098,59.77227],[30.70872,59.77137],[30.71803,59.76902],[30.72329,59.76694],[30.74413,59.75624],[30.74876,59.75545],[30.75766,59.75629],[30.75949,59.75473],[30.75942,59.75376],[30.75889,59.75337],[30.75088,59.75258],[30.74931,59.75194],[30.74871,59.75112],[30.74891,59.74957],[30.74997,59.74851],[30.75328,59.7467],[30.75701,59.74375],[30.7376,59.74489],[30.70305,59.74528],[30.69574,59.74375],[30.68013,59.72998],[30.68298,59.72492],[30.65036,59.72187],[30.64817,59.72127],[30.64575,59.72375],[30.62998,59.73581],[30.62131,59.73588],[30.61956,59.73539],[30.61779,59.73579],[30.61667,59.73541],[30.61734,59.73086],[30.59222,59.73006],[30.59289,59.72915],[30.58846,59.7298],[30.58274,59.72954],[30.57635,59.73001],[30.56734,59.73143],[30.55786,59.73614],[30.55547,59.73672],[30.55604,59.7375],[30.55537,59.73997],[30.55626,59.74115],[30.5573,59.74129],[30.5574,59.74194],[30.55676,59.74206],[30.55757,59.7425],[30.5572,59.74294],[30.55827,59.74378],[30.55764,59.74473],[30.55759,59.74708],[30.55664,59.74949],[30.52307,59.74793],[30.52414,59.75339],[30.52118,59.75373],[30.51275,59.7565],[30.51021,59.75686],[30.51025,59.75727],[30.50822,59.75821],[30.50859,59.75903],[30.5079,59.75942],[30.50967,59.75942],[30.50919,59.75986],[30.50985,59.76012],[30.50676,59.76284]]]}},{"type":"Feature","properties":{"name":"Павловск","key":"павловск","lx":30.4553,"ly":59.67622},"geometry":{"type":"Polygon","coordinates":[[[30.32564,59.6699],[30.33219,59.67081],[30.33643,59.67038],[30.36161,59.67929],[30.36269,59.67544],[30.37182,59.67524],[30.37702,59.67674],[30.4048,59.67648],[30.40693,59.67562],[30.41419,59.67655],[30.41563,59.67711],[30.41537,59.67938],[30.41573,59.68132],[30.41698,59.68338],[30.41945,59.68529],[30.41884,59.68564],[30.42056,59.68623],[30.43674,59.69607],[30.43819,59.6956],[30.44106,59.69795],[30.44616,59.69943],[30.45309,59.69926],[30.4559,59.69841],[30.46037,59.6994],[30.46317,59.70069],[30.46302,59.70133],[30.46385,59.7024],[30.46324,59.70457],[30.46233,59.70551],[30.46592,59.70711],[30.47874,59.70694],[30.491,59.69685],[30.48896,59.68963],[30.48599,59.68488],[30.47708,59.68074],[30.47788,59.67791],[30.48078,59.67768],[30.48362,59.67824],[30.4841,59.67766],[30.48716,59.67827],[30.48746,59.67782],[30.48884,59.67788],[30.48956,59.6762],[30.48884,59.67393],[30.49065,59.67395],[30.48943,59.67],[30.4947,59.67009],[30.49472,59.66943],[30.50209,59.6687],[30.50252,59.65858],[30.50554,59.64617],[30.49837,59.64452],[30.49502,59.64439],[30.48879,59.64326],[30.48838,59.64299],[30.48874,59.64186],[30.4859,59.64133],[30.48523,59.63938],[30.48285,59.63916],[30.48257,59.63824],[30.48125,59.63771],[30.47936,59.6376],[30.47582,59.63945],[30.47249,59.64004],[30.47072,59.63975],[30.46972,59.64019],[30.4693,59.63967],[30.46757,59.63944],[30.43639,59.66298],[30.42403,59.66253],[30.42421,59.66111],[30.42312,59.65996],[30.42171,59.65662],[30.41724,59.65435],[30.41715,59.65391],[30.41411,59.65179],[30.41354,59.65193],[30.41205,59.65055],[30.40856,59.64892],[30.40331,59.65091],[30.40298,59.65062],[30.40102,59.65134],[30.40009,59.65063],[30.39521,59.65163],[30.39156,59.64967],[30.38553,59.6476],[30.37894,59.64976],[30.36667,59.65019],[30.35186,59.65555],[30.35177,59.65823],[30.3265,59.65686],[30.32564,59.6699]]]}},{"type":"Feature","properties":{"name":"Тярлево","key":"тярлево","lx":30.44488,"ly":59.70638},"geometry":{"type":"Polygon","coordinates":[[[30.4333,59.71473],[30.43729,59.71616],[30.4377,59.714],[30.44709,59.71373],[30.44698,59.71311],[30.44735,59.71299],[30.44973,59.71301],[30.4498,59.71339],[30.45262,59.71272],[30.45253,59.7131],[30.45624,59.7132],[30.45623,59.71373],[30.46063,59.71461],[30.46095,59.71419],[30.46774,59.71263],[30.46643,59.71192],[30.46859,59.71143],[30.46431,59.70952],[30.46361,59.70788],[30.46408,59.70742],[30.46383,59.70643],[30.46233,59.70551],[30.46324,59.70457],[30.46385,59.7024],[30.46302,59.70133],[30.46317,59.70069],[30.46037,59.6994],[30.45597,59.69841],[30.45309,59.69926],[30.44513,59.69925],[30.44106,59.69795],[30.43787,59.6955],[30.43674,59.69607],[30.4382,59.69885],[30.43757,59.70533],[30.4333,59.71473]]]}},{"type":"Feature","properties":{"name":"Александровская","key":"александровская","lx":30.34073,"ly":59.73399},"geometry":{"type":"Polygon","coordinates":[[[30.3115,59.73116],[30.31608,59.73556],[30.32169,59.73413],[30.3263,59.73864],[30.32321,59.73973],[30.33369,59.74389],[30.35243,59.74448],[30.35578,59.74241],[30.35814,59.74339],[30.35941,59.74261],[30.3499,59.73827],[30.3515,59.73726],[30.35428,59.73885],[30.35726,59.73815],[30.35723,59.73772],[30.3556,59.73751],[30.35608,59.73711],[30.35487,59.73636],[30.35573,59.73598],[30.35468,59.73528],[30.35938,59.73475],[30.36288,59.73521],[30.36621,59.73167],[30.37467,59.73323],[30.37546,59.73206],[30.36549,59.73032],[30.36586,59.72966],[30.35599,59.72846],[30.35654,59.72782],[30.35501,59.72772],[30.35412,59.72],[30.33106,59.72607],[30.32825,59.72415],[30.32125,59.7252],[30.31963,59.72905],[30.3115,59.73116]]]}},{"type":"Feature","properties":{"name":"Ломоносов","key":"ломоносов","lx":29.75361,"ly":59.89858},"geometry":{"type":"Polygon","coordinates":[[[29.64754,59.92986],[29.66916,59.93513],[29.67061,59.93767],[29.67304,59.93736],[29.67225,59.93523],[29.68461,59.93526],[29.68458,59.93715],[29.70644,59.93721],[29.70661,59.93653],[29.70515,59.9341],[29.71066,59.93405],[29.71061,59.93354],[29.71122,59.93363],[29.7113,59.93452],[29.7138,59.93396],[29.71436,59.93458],[29.71591,59.93481],[29.72709,59.93432],[29.72867,59.9348],[29.74642,59.93354],[29.74638,59.93303],[29.74742,59.93326],[29.74747,59.93181],[29.74831,59.9317],[29.74845,59.93128],[29.75033,59.93141],[29.74995,59.93107],[29.75027,59.93077],[29.7528,59.93046],[29.75323,59.92955],[29.75553,59.92866],[29.75667,59.92881],[29.75644,59.92935],[29.75837,59.92995],[29.76225,59.92899],[29.76378,59.92911],[29.76729,59.92788],[29.77149,59.92932],[29.77928,59.93054],[29.78199,59.92921],[29.78097,59.92706],[29.77878,59.92429],[29.77541,59.92178],[29.77659,59.92121],[29.7718,59.9188],[29.77245,59.91851],[29.77885,59.92172],[29.77818,59.92133],[29.77901,59.92162],[29.78014,59.92109],[29.77853,59.92009],[29.78057,59.9183],[29.78088,59.91588],[29.78235,59.91519],[29.78435,59.9148],[29.78802,59.918],[29.78831,59.91789],[29.78682,59.91648],[29.79413,59.91473],[29.79358,59.91396],[29.79573,59.91348],[29.79486,59.91246],[29.79275,59.91253],[29.79832,59.91114],[29.79516,59.91234],[29.79673,59.91355],[29.79754,59.91277],[29.79736,59.91244],[29.798,59.91235],[29.79782,59.91197],[29.79931,59.9115],[29.79915,59.91085],[29.80756,59.90922],[29.81095,59.90903],[29.81267,59.90786],[29.81717,59.90735],[29.81989,59.90575],[29.82295,59.9057],[29.82328,59.90557],[29.82299,59.90453],[29.83652,59.90231],[29.83844,59.90062],[29.83111,59.89376],[29.8294,59.8905],[29.82748,59.88841],[29.8276,59.88794],[29.83018,59.88725],[29.82898,59.88605],[29.80753,59.88795],[29.78685,59.86583],[29.77136,59.87222],[29.76441,59.86926],[29.75013,59.86884],[29.75012,59.87175],[29.73689,59.87245],[29.73519,59.87084],[29.7328,59.87162],[29.7245,59.8711],[29.71642,59.87412],[29.71435,59.88732],[29.71494,59.88928],[29.72653,59.89365],[29.72702,59.89426],[29.72208,59.9015],[29.72,59.90282],[29.70961,59.9056],[29.70902,59.9049],[29.70742,59.90521],[29.70717,59.90616],[29.70623,59.90673],[29.69372,59.91026],[29.67615,59.91342],[29.65892,59.91532],[29.65629,59.91664],[29.66133,59.92481],[29.66005,59.92697],[29.65087,59.9283],[29.64794,59.9282],[29.64754,59.92986]]]}},{"type":"Feature","properties":{"name":"№ 7","key":"7","lx":30.26295,"ly":59.92621},"geometry":{"type":"Polygon","coordinates":[[[30.25019,59.92951],[30.26045,59.93252],[30.25586,59.93652],[30.29227,59.94715],[30.29386,59.94667],[30.31686,59.94566],[30.30989,59.94164],[30.29839,59.93749],[30.27739,59.93203],[30.27246,59.92873],[30.26904,59.92259],[30.26531,59.91883],[30.26244,59.9174],[30.26049,59.91726],[30.25885,59.91845],[30.25167,59.92023],[30.25094,59.92123],[30.25575,59.92611],[30.25224,59.92773],[30.25019,59.92951]]]}},{"type":"Feature","properties":{"name":"Гавань","key":"гавань","lx":30.24217,"ly":59.93146},"geometry":{"type":"Polygon","coordinates":[[[30.1906,59.93276],[30.20596,59.93648],[30.20641,59.93584],[30.21239,59.93691],[30.21216,59.93725],[30.21899,59.93877],[30.21824,59.9396],[30.23775,59.94442],[30.24499,59.93862],[30.25135,59.9404],[30.26045,59.93252],[30.25019,59.92951],[30.25224,59.92773],[30.25575,59.92611],[30.25094,59.92123],[30.24241,59.92299],[30.23876,59.92463],[30.23751,59.92429],[30.23647,59.9247],[30.2367,59.92502],[30.23071,59.92672],[30.23329,59.92632],[30.23438,59.92778],[30.23483,59.92769],[30.23429,59.92879],[30.23011,59.92999],[30.2308,59.93174],[30.23258,59.93235],[30.23188,59.93326],[30.23069,59.93333],[30.22947,59.93273],[30.2292,59.93122],[30.22804,59.92905],[30.22743,59.9287],[30.21944,59.92929],[30.21713,59.92829],[30.20266,59.92873],[30.19393,59.9311],[30.1906,59.93276]]]}},{"type":"Feature","properties":{"name":"Чкаловское","key":"чкаловское","lx":30.28541,"ly":59.97078},"geometry":{"type":"Polygon","coordinates":[[[30.21013,59.97234],[30.21029,59.97399],[30.21115,59.97517],[30.21484,59.97694],[30.21761,59.97733],[30.22411,59.97701],[30.22655,59.97782],[30.22652,59.97892],[30.23128,59.97947],[30.237,59.98116],[30.24586,59.98203],[30.26413,59.98254],[30.27321,59.98134],[30.29035,59.98278],[30.29951,59.98255],[30.31347,59.98013],[30.30703,59.97907],[30.30142,59.97748],[30.30778,59.96976],[30.30426,59.9694],[30.28866,59.95934],[30.28632,59.95756],[30.29024,59.956],[30.28645,59.95354],[30.28052,59.95543],[30.2786,59.95658],[30.27589,59.95947],[30.27168,59.96104],[30.27655,59.96319],[30.27379,59.96504],[30.25583,59.96448],[30.22499,59.96798],[30.22501,59.96857],[30.22395,59.96865],[30.22493,59.96874],[30.22484,59.96916],[30.22367,59.96952],[30.21827,59.96997],[30.21458,59.96903],[30.21296,59.97027],[30.2112,59.97016],[30.21013,59.97234]]]}},{"type":"Feature","properties":{"name":"Петровский","key":"петровский","lx":30.26721,"ly":59.96039},"geometry":{"type":"Polygon","coordinates":[[[30.23388,59.96241],[30.2361,59.96397],[30.23505,59.96468],[30.23513,59.96539],[30.23722,59.96664],[30.25583,59.96448],[30.27379,59.96504],[30.27655,59.96319],[30.27168,59.96104],[30.27589,59.95947],[30.2786,59.95658],[30.28052,59.95543],[30.28645,59.95354],[30.29024,59.956],[30.28632,59.95756],[30.29737,59.96496],[30.30557,59.96178],[30.28957,59.95195],[30.28571,59.9491],[30.27761,59.95153],[30.2638,59.95697],[30.23388,59.96241]]]}},{"type":"Feature","properties":{"name":"Пушкин","key":"пушкин","lx":30.30416,"ly":59.69588},"geometry":{"type":"Polygon","coordinates":[[[30.21822,59.67307],[30.21995,59.67431],[30.22899,59.68414],[30.23646,59.68603],[30.23166,59.68938],[30.23706,59.69177],[30.2356,59.69267],[30.2405,59.69491],[30.2399,59.69547],[30.24774,59.69936],[30.25562,59.70172],[30.25861,59.70485],[30.26001,59.70754],[30.26191,59.70851],[30.26824,59.71408],[30.26952,59.71666],[30.27587,59.71521],[30.27951,59.71864],[30.27081,59.72062],[30.27244,59.72209],[30.27254,59.72333],[30.28352,59.72919],[30.27951,59.73933],[30.29207,59.73615],[30.29391,59.74086],[30.30072,59.74739],[30.3263,59.73864],[30.32169,59.73413],[30.31608,59.73556],[30.3115,59.73116],[30.31963,59.72905],[30.32125,59.7252],[30.32825,59.72415],[30.33106,59.72607],[30.35412,59.72],[30.35501,59.72772],[30.35654,59.72782],[30.35599,59.72846],[30.36586,59.72966],[30.36549,59.73032],[30.37546,59.73206],[30.37467,59.73323],[30.36621,59.73167],[30.36288,59.73521],[30.35938,59.73475],[30.35468,59.73528],[30.35573,59.73598],[30.35487,59.73636],[30.35608,59.73711],[30.3556,59.73751],[30.35739,59.73789],[30.35677,59.7384],[30.35419,59.73883],[30.3515,59.73726],[30.3499,59.73827],[30.37979,59.75143],[30.38224,59.75372],[30.38313,59.75521],[30.38331,59.75776],[30.38257,59.75963],[30.41005,59.7618],[30.41392,59.75407],[30.41447,59.75412],[30.42081,59.74149],[30.42975,59.74268],[30.43358,59.73547],[30.43429,59.73508],[30.46204,59.74403],[30.46266,59.74151],[30.45891,59.74119],[30.45925,59.73894],[30.45435,59.73829],[30.45677,59.72688],[30.45813,59.72547],[30.45815,59.72447],[30.45619,59.72425],[30.45546,59.72303],[30.45668,59.71935],[30.44964,59.71911],[30.44978,59.71368],[30.4377,59.714],[30.43729,59.71616],[30.4333,59.71473],[30.43757,59.70533],[30.43821,59.69914],[30.43777,59.69744],[30.43674,59.69607],[30.42056,59.68623],[30.41884,59.68564],[30.41945,59.68529],[30.41698,59.68338],[30.41573,59.68132],[30.41537,59.67938],[30.41563,59.67711],[30.41419,59.67655],[30.40693,59.67562],[30.4048,59.67648],[30.37702,59.67674],[30.37182,59.67524],[30.36269,59.67544],[30.36161,59.67929],[30.33643,59.67038],[30.33219,59.67081],[30.32564,59.6699],[30.3265,59.65686],[30.30651,59.6621],[30.30343,59.65976],[30.25417,59.63378],[30.24292,59.63863],[30.2525,59.6444],[30.26154,59.64866],[30.25316,59.65264],[30.24536,59.65339],[30.24407,59.65422],[30.24245,59.65815],[30.24239,59.66068],[30.24305,59.66103],[30.23863,59.66178],[30.24251,59.66591],[30.24958,59.67102],[30.2424,59.67079],[30.23528,59.67288],[30.22959,59.6734],[30.22753,59.66943],[30.22257,59.67064],[30.21822,59.67307]]]}},{"type":"Feature","properties":{"name":"Металлострой","key":"металлострой","lx":30.55734,"ly":59.7974},"geometry":{"type":"Polygon","coordinates":[[[30.52703,59.79654],[30.54713,59.81369],[30.5485,59.81313],[30.55472,59.81716],[30.55365,59.81763],[30.55174,59.81974],[30.55428,59.82123],[30.55873,59.81946],[30.56312,59.82088],[30.58071,59.81331],[30.58873,59.80824],[30.57721,59.80428],[30.57484,59.80306],[30.59182,59.79635],[30.59244,59.79488],[30.59451,59.79294],[30.59369,59.79183],[30.59095,59.79243],[30.58882,59.79122],[30.5868,59.7909],[30.58547,59.78902],[30.58521,59.78787],[30.58266,59.78793],[30.58101,59.78596],[30.57925,59.78644],[30.57854,59.78616],[30.57899,59.78551],[30.57859,59.78482],[30.57698,59.78354],[30.57516,59.78328],[30.57622,59.78242],[30.57462,59.78187],[30.574,59.78032],[30.57513,59.77954],[30.57435,59.77894],[30.57135,59.7815],[30.56092,59.77753],[30.55536,59.7762],[30.52703,59.79654]]]}},{"type":"Feature","properties":{"name":"Усть-Ижора","key":"устьижора","lx":30.5956,"ly":59.80394},"geometry":{"type":"Polygon","coordinates":[[[30.56001,59.82221],[30.5652,59.82176],[30.56717,59.82392],[30.5892,59.81728],[30.59379,59.81519],[30.59764,59.812],[30.61498,59.80258],[30.62283,59.79733],[30.61828,59.79576],[30.61781,59.79445],[30.61398,59.7946],[30.61033,59.7923],[30.60064,59.79373],[30.59661,59.79486],[30.57809,59.80161],[30.57484,59.80306],[30.57721,59.80428],[30.58873,59.80824],[30.58071,59.81331],[30.56001,59.82221]]]}},{"type":"Feature","properties":{"name":"Комарово","key":"комарово","lx":29.79927,"ly":60.19744},"geometry":{"type":"Polygon","coordinates":[[[29.76005,60.18142],[29.76892,60.19228],[29.76625,60.19281],[29.78085,60.21108],[29.77987,60.2113],[29.7776,60.21336],[29.77099,60.21362],[29.77221,60.21545],[29.7718,60.21626],[29.7739,60.21659],[29.77454,60.2197],[29.77984,60.22517],[29.78331,60.22466],[29.78568,60.22208],[29.79377,60.22251],[29.79784,60.22144],[29.80188,60.22125],[29.83016,60.20692],[29.82826,60.20636],[29.82715,60.20681],[29.82599,60.20638],[29.83289,60.20272],[29.83689,60.2035],[29.84912,60.19729],[29.85259,60.19637],[29.8484,60.19214],[29.85058,60.19141],[29.83499,60.17148],[29.81936,60.16962],[29.81781,60.16863],[29.7923,60.17617],[29.78526,60.17708],[29.77291,60.17997],[29.76005,60.18142]]]}},{"type":"Feature","properties":{"name":"Репино","key":"репино","lx":29.87933,"ly":60.17718},"geometry":{"type":"Polygon","coordinates":[[[29.81781,60.16863],[29.81936,60.16962],[29.83499,60.17148],[29.85058,60.19141],[29.8484,60.19214],[29.85259,60.19637],[29.86318,60.1967],[29.86553,60.19533],[29.86868,60.19553],[29.87166,60.19381],[29.88461,60.19526],[29.89265,60.19508],[29.89413,60.19221],[29.89263,60.18909],[29.90531,60.18663],[29.90547,60.18583],[29.92567,60.1819],[29.91255,60.16525],[29.91389,60.16384],[29.9103,60.16217],[29.91025,60.16145],[29.90444,60.15889],[29.90436,60.1582],[29.90022,60.15702],[29.90022,60.1562],[29.90177,60.15587],[29.9021,60.15513],[29.89763,60.15261],[29.89275,60.15438],[29.89053,60.15457],[29.8857,60.1571],[29.8692,60.16187],[29.85994,60.16273],[29.85331,60.16124],[29.84602,60.16189],[29.84163,60.16334],[29.83547,60.16414],[29.82617,60.16689],[29.82435,60.16687],[29.82245,60.16552],[29.82211,60.16564],[29.82365,60.16665],[29.81781,60.16863]]]}},{"type":"Feature","properties":{"name":"Ульянка","key":"ульянка","lx":30.20854,"ly":59.8322},"geometry":{"type":"Polygon","coordinates":[[[30.18371,59.82288],[30.19352,59.83212],[30.20801,59.84276],[30.21384,59.83934],[30.21688,59.8408],[30.22275,59.83498],[30.23833,59.84015],[30.25234,59.83183],[30.25368,59.83216],[30.25434,59.83155],[30.23154,59.82598],[30.222,59.82441],[30.20277,59.82275],[30.18371,59.82288]]]}},{"type":"Feature","properties":{"name":"Дачное","key":"дачное","lx":30.24247,"ly":59.84591},"geometry":{"type":"Polygon","coordinates":[[[30.20801,59.84276],[30.21219,59.84561],[30.21854,59.84626],[30.23139,59.84959],[30.24404,59.8545],[30.25357,59.85882],[30.25634,59.85749],[30.25627,59.84772],[30.24965,59.8446],[30.26425,59.83705],[30.26971,59.83568],[30.26855,59.83494],[30.25434,59.83155],[30.25368,59.83216],[30.25234,59.83183],[30.23833,59.84015],[30.22275,59.83498],[30.21688,59.8408],[30.21384,59.83934],[30.20801,59.84276]]]}},{"type":"Feature","properties":{"name":"Белоостров","key":"белоостров","lx":30.01865,"ly":60.12026},"geometry":{"type":"Polygon","coordinates":[[[29.96138,60.17664],[29.96436,60.17618],[29.96446,60.17522],[29.96594,60.17576],[29.96645,60.17455],[29.96803,60.1749],[29.96933,60.17451],[29.9699,60.17406],[29.96934,60.17348],[29.97177,60.17347],[29.97234,60.17388],[29.97307,60.17359],[29.97269,60.17292],[29.97435,60.17379],[29.97441,60.17334],[29.97597,60.17304],[29.9752,60.17243],[29.97537,60.17204],[29.97766,60.17177],[29.98053,60.17231],[29.98062,60.17269],[29.98148,60.17156],[29.98088,60.1712],[29.98253,60.17138],[29.98143,60.17017],[29.9827,60.16999],[29.98327,60.1694],[29.98377,60.16955],[29.98392,60.17026],[29.9848,60.1695],[29.98438,60.16831],[29.98285,60.16855],[29.98224,60.16726],[29.98411,60.16772],[29.98539,60.16741],[29.98604,60.16826],[29.9866,60.16826],[29.98679,60.16795],[29.98497,60.16685],[29.986,60.16633],[29.98739,60.16664],[29.98642,60.16556],[29.98796,60.16532],[29.98827,60.16471],[29.99011,60.1641],[29.98975,60.1637],[29.99255,60.16353],[29.99227,60.16299],[29.9951,60.16312],[29.995,60.16235],[29.99787,60.16206],[29.99887,60.16115],[29.99949,60.16128],[29.99933,60.16192],[30.00092,60.16139],[30.00146,60.16184],[30.00291,60.16568],[30.00732,60.165],[30.00871,60.16431],[30.00736,60.16247],[30.01013,60.15955],[30.01193,60.15877],[30.01246,60.15633],[30.01855,60.15431],[30.02097,60.15218],[30.01802,60.14429],[30.05955,60.13602],[30.06789,60.13587],[30.06713,60.12149],[30.07288,60.11938],[30.06652,60.1165],[30.06304,60.11633],[30.0587,60.11312],[30.05462,60.1122],[30.05261,60.10975],[30.05283,60.10803],[30.05042,60.10629],[30.0502,60.10534],[30.05062,60.1046],[30.04865,60.10406],[30.04618,60.09995],[30.04472,60.09924],[30.04411,60.09822],[30.04168,60.09636],[30.0421,60.09568],[30.03856,60.09431],[30.03549,60.09394],[30.03254,60.09432],[30.02553,60.09763],[30.02326,60.09693],[30.02092,60.0969],[30.01892,60.09564],[30.0137,60.09653],[30.00673,60.09879],[30.00336,60.10233],[29.99691,60.10758],[29.9938,60.10827],[29.99076,60.10819],[29.98913,60.10918],[29.98573,60.10798],[29.9854,60.10686],[29.97986,60.11114],[29.97972,60.11258],[29.98072,60.11332],[29.98042,60.11396],[29.98186,60.11488],[29.98116,60.11584],[29.98284,60.11752],[29.98072,60.11755],[29.97823,60.1193],[29.9804,60.1215],[29.98364,60.1226],[29.98587,60.12395],[29.98663,60.12567],[29.98799,60.12629],[29.98733,60.12696],[29.98743,60.12745],[29.99047,60.12805],[29.98688,60.12897],[29.98771,60.12963],[29.99031,60.12996],[29.99106,60.13068],[29.99001,60.13261],[29.98859,60.13208],[29.98885,60.13272],[29.98749,60.13415],[29.98874,60.13651],[29.98858,60.13985],[29.97884,60.1484],[29.97579,60.15244],[29.97417,60.15631],[29.97322,60.16501],[29.97136,60.1687],[29.96762,60.17242],[29.96138,60.17664]]]}},{"type":"Feature","properties":{"name":"Солнечное","key":"солнечное","lx":29.94301,"ly":60.15761},"geometry":{"type":"Polygon","coordinates":[[[29.89763,60.15261],[29.9021,60.15513],[29.90177,60.15587],[29.90022,60.1562],[29.90022,60.15702],[29.90436,60.1582],[29.90444,60.15889],[29.91025,60.16145],[29.9103,60.16217],[29.91389,60.16384],[29.91255,60.16525],[29.9269,60.18331],[29.93399,60.18159],[29.93662,60.18196],[29.94182,60.17956],[29.94802,60.17835],[29.95166,60.17685],[29.95506,60.1769],[29.95536,60.17594],[29.95456,60.17585],[29.95552,60.17549],[29.95616,60.17548],[29.9559,60.17608],[29.95695,60.17525],[29.95803,60.17518],[29.95915,60.17548],[29.95933,60.17596],[29.9582,60.17642],[29.96138,60.17664],[29.96869,60.17155],[29.97136,60.1687],[29.97322,60.16501],[29.97417,60.15631],[29.97579,60.15244],[29.97884,60.1484],[29.98858,60.13985],[29.98874,60.13651],[29.98753,60.13431],[29.98767,60.13377],[29.97691,60.1384],[29.9671,60.13997],[29.95772,60.14248],[29.95368,60.13862],[29.94975,60.13617],[29.94847,60.13185],[29.94556,60.13155],[29.94474,60.13314],[29.9348,60.13287],[29.93173,60.13783],[29.92783,60.1427],[29.9231,60.14621],[29.92073,60.1474],[29.90979,60.15071],[29.89763,60.15261]]]}},{"type":"Feature","properties":{"name":"Сенной","key":"сенной","lx":30.31631,"ly":59.92649},"geometry":{"type":"Polygon","coordinates":[[[30.29903,59.92062],[30.30799,59.92266],[30.30818,59.92645],[30.30569,59.92679],[30.30562,59.92742],[30.31233,59.92923],[30.30953,59.9318],[30.31531,59.933],[30.32703,59.92515],[30.31777,59.9217],[30.3014,59.9178],[30.29903,59.92062]]]}},{"type":"Feature","properties":{"name":"Адмиралтейский","key":"адмиралтейский","lx":30.29986,"ly":59.93058},"geometry":{"type":"Polygon","coordinates":[[[30.2818,59.93306],[30.29839,59.93749],[30.30827,59.94106],[30.31261,59.9381],[30.31239,59.93739],[30.31013,59.93647],[30.31531,59.933],[30.30953,59.9318],[30.31233,59.92923],[30.30562,59.92742],[30.30569,59.92679],[30.30818,59.92645],[30.30799,59.92266],[30.29903,59.92062],[30.2956,59.92473],[30.29371,59.92786],[30.28492,59.92894],[30.2818,59.93306]]]}},{"type":"Feature","properties":{"name":"Сестрорецк","key":"сестрорецк","lx":30.04784,"ly":60.05394},"geometry":{"type":"Polygon","coordinates":[[[29.91923,60.08888],[29.92021,60.09019],[29.92207,60.09084],[29.93326,60.09241],[29.9374,60.09382],[29.94395,60.09925],[29.9456,60.10165],[29.94607,60.10557],[29.94491,60.11351],[29.94306,60.118],[29.94143,60.11811],[29.94193,60.11944],[29.94101,60.12061],[29.94057,60.12311],[29.93886,60.12629],[29.93827,60.12655],[29.93849,60.12684],[29.9379,60.12698],[29.93781,60.12784],[29.9348,60.13287],[29.94474,60.13314],[29.94556,60.13155],[29.94847,60.13185],[29.94975,60.13617],[29.95368,60.13862],[29.95772,60.14248],[29.9671,60.13997],[29.97669,60.13846],[29.98767,60.13377],[29.98885,60.13272],[29.98859,60.13208],[29.99001,60.13261],[29.99106,60.13101],[29.99031,60.12996],[29.98689,60.12916],[29.98721,60.12867],[29.99047,60.12805],[29.98743,60.12745],[29.98733,60.12696],[29.98799,60.12629],[29.98663,60.12567],[29.98587,60.12395],[29.98364,60.1226],[29.9804,60.1215],[29.97823,60.1193],[29.98072,60.11755],[29.98284,60.11752],[29.98116,60.11584],[29.98186,60.11488],[29.98042,60.11396],[29.98072,60.11332],[29.97972,60.11258],[29.97986,60.11114],[29.9854,60.10686],[29.98573,60.10798],[29.98882,60.10915],[29.99076,60.10819],[29.99596,60.10786],[29.99691,60.10758],[30.00336,60.10233],[30.00673,60.09879],[30.01124,60.09714],[30.01892,60.09564],[30.02092,60.0969],[30.02326,60.09693],[30.02553,60.09763],[30.03254,60.09432],[30.03532,60.09394],[30.03856,60.09431],[30.0421,60.09568],[30.04168,60.09636],[30.04411,60.09822],[30.04472,60.09924],[30.04618,60.09995],[30.04865,60.10406],[30.05086,60.10459],[30.05283,60.10319],[30.05293,60.10192],[30.05222,60.10047],[30.06173,60.10026],[30.06364,60.09981],[30.06418,60.10014],[30.07284,60.09727],[30.07081,60.09623],[30.07421,60.09397],[30.07689,60.09045],[30.08719,60.08688],[30.09454,60.08532],[30.1028,60.08085],[30.11211,60.07267],[30.11602,60.07188],[30.11913,60.07001],[30.13322,60.07264],[30.13543,60.07061],[30.13814,60.06631],[30.13798,60.06542],[30.13602,60.06437],[30.13602,60.06017],[30.12628,60.05747],[30.12658,60.05699],[30.12618,60.05632],[30.13563,60.05761],[30.13451,60.05421],[30.13125,60.05112],[30.13409,60.04874],[30.13353,60.04761],[30.13405,60.04684],[30.1391,60.0463],[30.1421,60.04515],[30.14148,60.04438],[30.13907,60.04333],[30.13832,60.04168],[30.13915,60.04052],[30.14136,60.03987],[30.14305,60.03837],[30.14265,60.0371],[30.14469,60.03603],[30.14629,60.0359],[30.14619,60.03472],[30.11994,60.03358],[30.0791,60.02717],[30.07998,60.01679],[30.08061,60.01649],[30.08,60.00758],[30.07932,60.00421],[30.07659,60.00277],[30.07168,60.00264],[30.05403,60.0049],[30.04244,60.00691],[30.04645,60.01082],[30.02591,60.01613],[30.02746,60.01768],[30.02218,60.01897],[30.02057,60.0175],[30.01075,60.01985],[30.0086,60.02279],[30.00438,60.02595],[29.98006,60.03566],[29.97818,60.03739],[29.97556,60.04403],[29.97092,60.04335],[29.96549,60.04481],[29.96407,60.04442],[29.96417,60.04323],[29.96327,60.04214],[29.95417,60.03856],[29.95196,60.03926],[29.94816,60.0416],[29.93866,60.05],[29.9389,60.05144],[29.93737,60.05716],[29.93783,60.06157],[29.93912,60.06478],[29.94074,60.06539],[29.94349,60.06521],[29.95112,60.06269],[29.95659,60.06152],[29.95857,60.06065],[29.96331,60.05728],[29.96079,60.06089],[29.95736,60.06305],[29.95303,60.06363],[29.94807,60.06623],[29.93839,60.06815],[29.93651,60.06895],[29.9377,60.06973],[29.94804,60.07095],[29.94735,60.07145],[29.94337,60.07148],[29.93951,60.0724],[29.9359,60.0745],[29.93312,60.07689],[29.93041,60.08125],[29.93036,60.0834],[29.93096,60.08385],[29.92952,60.0845],[29.92982,60.08579],[29.93174,60.0865],[29.93236,60.08695],[29.93231,60.08756],[29.92833,60.08718],[29.92351,60.08746],[29.91923,60.08888]]]}},{"type":"Feature","properties":{"name":"Лахта-Ольгино","key":"лахтаольгино","lx":30.16309,"ly":60.01205},"geometry":{"type":"Polygon","coordinates":[[[30.06392,59.99669],[30.07009,60.00275],[30.07659,60.00277],[30.07833,60.00341],[30.07963,60.00476],[30.08061,60.01649],[30.07998,60.01679],[30.0791,60.02717],[30.11994,60.03358],[30.14619,60.03472],[30.14629,60.0359],[30.14425,60.03645],[30.14765,60.03592],[30.15329,60.0373],[30.15791,60.03783],[30.1615,60.037],[30.16727,60.03773],[30.17495,60.03626],[30.17949,60.03475],[30.18355,60.03227],[30.18892,60.02569],[30.18989,60.02506],[30.18903,60.02419],[30.19057,60.0223],[30.19374,60.02019],[30.19776,60.01911],[30.19694,60.01857],[30.1965,60.01731],[30.19872,60.01663],[30.20065,60.01702],[30.20153,60.01658],[30.20072,60.01559],[30.20118,60.01493],[30.19997,60.01383],[30.19777,60.01295],[30.18757,60.00618],[30.18728,60.00548],[30.19089,60.00481],[30.19012,60.00342],[30.18918,60.0029],[30.18884,60.00192],[30.18918,60.00147],[30.18831,60.00039],[30.19023,59.99977],[30.18774,59.99951],[30.18798,59.99894],[30.18731,59.99736],[30.18739,59.99625],[30.18632,59.99529],[30.18552,59.994],[30.1857,59.99362],[30.18296,59.99321],[30.18317,59.99248],[30.18197,59.992],[30.18233,59.99143],[30.18158,59.9906],[30.17922,59.9904],[30.18147,59.99101],[30.18098,59.99147],[30.18134,59.99198],[30.18048,59.99242],[30.18058,59.99322],[30.17762,59.99184],[30.17883,59.99058],[30.17884,59.98862],[30.18237,59.98895],[30.1826,59.9884],[30.18199,59.98773],[30.18175,59.98565],[30.17151,59.98587],[30.16725,59.98553],[30.16668,59.98469],[30.16537,59.98503],[30.16558,59.98547],[30.16323,59.98575],[30.16215,59.98345],[30.16631,59.98295],[30.16678,59.98397],[30.16745,59.98404],[30.16635,59.98252],[30.16093,59.98321],[30.16215,59.98642],[30.15932,59.98744],[30.14545,59.98831],[30.14043,59.98793],[30.13445,59.98881],[30.12802,59.9884],[30.12099,59.98992],[30.11112,59.98955],[30.10569,59.98988],[30.10092,59.99137],[30.0996,59.9911],[30.09939,59.9905],[30.09872,59.99099],[30.09719,59.99048],[30.09798,59.99099],[30.09745,59.99137],[30.09826,59.9914],[30.09818,59.99221],[30.09731,59.99234],[30.09677,59.99143],[30.09604,59.99151],[30.09479,59.99309],[30.09143,59.99409],[30.08277,59.99437],[30.06945,59.99656],[30.06392,59.99669]]]}},{"type":"Feature","properties":{"name":"№ 65","key":"65","lx":30.20662,"ly":59.9953},"geometry":{"type":"Polygon","coordinates":[[[30.17762,59.99184],[30.18058,59.99322],[30.18048,59.99242],[30.18134,59.99198],[30.18098,59.99147],[30.18147,59.99101],[30.17922,59.9904],[30.18158,59.9906],[30.18233,59.99143],[30.18197,59.992],[30.18317,59.99248],[30.18296,59.99321],[30.1857,59.99362],[30.18552,59.994],[30.18632,59.99529],[30.18739,59.99625],[30.18731,59.99736],[30.18798,59.99894],[30.18774,59.99951],[30.19023,59.99977],[30.18831,60.00039],[30.18918,60.00147],[30.18884,60.00192],[30.18918,60.0029],[30.19012,60.00342],[30.19089,60.00481],[30.19042,60.00504],[30.19804,60.00836],[30.20274,60.01145],[30.25745,60.00469],[30.25504,59.99999],[30.25645,59.98248],[30.237,59.98116],[30.23128,59.97947],[30.22652,59.97892],[30.22648,59.98009],[30.22516,59.98147],[30.22334,59.98156],[30.2232,59.98282],[30.22236,59.9829],[30.22128,59.98186],[30.21932,59.98204],[30.21887,59.98134],[30.21701,59.98194],[30.21642,59.98141],[30.21457,59.98127],[30.21557,59.98122],[30.21296,59.98021],[30.20803,59.97936],[30.20519,59.97947],[30.20441,59.97926],[30.20454,59.97866],[30.20372,59.97853],[30.20328,59.97889],[30.20397,59.97948],[30.19521,59.98193],[30.19297,59.98176],[30.19283,59.98114],[30.19356,59.98069],[30.19267,59.98053],[30.19234,59.98086],[30.19274,59.98194],[30.19038,59.98225],[30.18784,59.98324],[30.18887,59.98382],[30.18765,59.98539],[30.18604,59.98526],[30.18432,59.98598],[30.18636,59.98699],[30.18517,59.98909],[30.18419,59.98967],[30.17893,59.98918],[30.17876,59.99073],[30.17762,59.99184]]]}},{"type":"Feature","properties":{"name":"Сапёрный","key":"саперный","lx":30.72114,"ly":59.77494},"geometry":{"type":"Polygon","coordinates":[[[30.65529,59.77451],[30.65582,59.78266],[30.6563,59.7835],[30.65911,59.78559],[30.66215,59.78477],[30.66371,59.78364],[30.66296,59.7825],[30.66325,59.781],[30.66815,59.77933],[30.67173,59.77958],[30.67641,59.78547],[30.68697,59.78465],[30.70111,59.78164],[30.71041,59.78129],[30.71769,59.78172],[30.72998,59.78102],[30.73529,59.7793],[30.7279,59.77258],[30.72672,59.77085],[30.73442,59.76921],[30.74,59.76521],[30.73736,59.75967],[30.72329,59.76694],[30.71803,59.76902],[30.70872,59.77137],[30.70098,59.77227],[30.66121,59.77298],[30.65529,59.77451]]]}},{"type":"Feature","properties":{"name":"Понтонный","key":"понтонный","lx":30.63438,"ly":59.77881},"geometry":{"type":"Polygon","coordinates":[[[30.60089,59.78954],[30.60064,59.79373],[30.61033,59.7923],[30.61398,59.7946],[30.61781,59.79445],[30.61828,59.79576],[30.62283,59.79733],[30.6256,59.79548],[30.63015,59.79368],[30.63515,59.79254],[30.66014,59.78964],[30.6701,59.78648],[30.67641,59.78547],[30.67173,59.77958],[30.66815,59.77933],[30.66325,59.781],[30.66296,59.7825],[30.66371,59.78364],[30.66215,59.78477],[30.65905,59.78558],[30.6563,59.7835],[30.65582,59.78266],[30.65537,59.77483],[30.65475,59.77328],[30.65362,59.77205],[30.65145,59.77074],[30.62843,59.76147],[30.62609,59.7652],[30.62506,59.76825],[30.62026,59.76939],[30.61961,59.77006],[30.61812,59.77036],[30.61906,59.77155],[30.61846,59.77269],[30.6196,59.77598],[30.60861,59.77395],[30.60804,59.77856],[30.60089,59.78954]]]}},{"type":"Feature","properties":{"name":"Комендантский аэродром","key":"комендантскийаэродром","lx":30.28866,"ly":60.00313},"geometry":{"type":"Polygon","coordinates":[[[30.27442,60.0041],[30.28106,60.01695],[30.29672,60.0146],[30.29893,60.01562],[30.3013,60.01443],[30.30522,60.01577],[30.31224,60.01661],[30.31361,60.01311],[30.31596,60.01239],[30.32176,60.0015],[30.31843,60.002],[30.31525,60.00142],[30.30063,59.99328],[30.28801,59.98967],[30.28252,59.99076],[30.27908,59.99245],[30.27842,59.99317],[30.27857,59.99378],[30.27442,60.0041]]]}},{"type":"Feature","properties":{"name":"Семёновский","key":"семеновский","lx":30.32808,"ly":59.91844},"geometry":{"type":"Polygon","coordinates":[[[30.31777,59.9217],[30.33002,59.9263],[30.33579,59.92354],[30.33523,59.92332],[30.34268,59.91709],[30.34013,59.91611],[30.34008,59.91574],[30.32146,59.90897],[30.31841,59.90864],[30.31777,59.9217]]]}},{"type":"Feature","properties":{"name":"Владимирский","key":"владимирский","lx":30.34673,"ly":59.92448},"geometry":{"type":"Polygon","coordinates":[[[30.33002,59.9263],[30.33906,59.92975],[30.34196,59.93146],[30.34343,59.93324],[30.36101,59.93104],[30.35063,59.91524],[30.3452,59.91608],[30.34008,59.91574],[30.34013,59.91611],[30.34268,59.91709],[30.33523,59.92332],[30.33579,59.92354],[30.33002,59.9263]]]}},{"type":"Feature","properties":{"name":"Ушково","key":"ушково","lx":29.6131,"ly":60.2137},"geometry":{"type":"Polygon","coordinates":[[[29.56838,60.20827],[29.57054,60.20999],[29.57122,60.21408],[29.57272,60.21589],[29.58043,60.22045],[29.58475,60.222],[29.58919,60.22761],[29.59316,60.22912],[29.59827,60.22919],[29.60038,60.23237],[29.60028,60.23348],[29.6009,60.23443],[29.60772,60.23103],[29.61527,60.23384],[29.61989,60.23442],[29.62133,60.23716],[29.62363,60.23746],[29.63147,60.2347],[29.63704,60.23367],[29.64143,60.23709],[29.64297,60.23698],[29.6437,60.23741],[29.63985,60.23902],[29.64396,60.24219],[29.657,60.24048],[29.6739,60.23705],[29.66548,60.22842],[29.6609,60.22845],[29.64852,60.21556],[29.65647,60.214],[29.65224,60.21217],[29.65088,60.21043],[29.64785,60.20984],[29.6389,60.21269],[29.63467,60.21172],[29.63142,60.21162],[29.63721,60.19621],[29.64058,60.19474],[29.63929,60.19231],[29.63859,60.19241],[29.63863,60.19179],[29.63811,60.1915],[29.63339,60.19139],[29.62882,60.19211],[29.62238,60.19427],[29.61686,60.19526],[29.59331,60.19715],[29.58836,60.19685],[29.58819,60.19823],[29.58706,60.1982],[29.58703,60.19883],[29.5873,60.19955],[29.58904,60.20057],[29.58692,60.20096],[29.58722,60.20161],[29.58584,60.20304],[29.5863,60.20409],[29.5827,60.20471],[29.57583,60.20473],[29.57112,60.20614],[29.56838,60.20827]]]}},{"type":"Feature","properties":{"name":"Лиговка-Ямская","key":"лиговкаямская","lx":30.36494,"ly":59.92234},"geometry":{"type":"Polygon","coordinates":[[[30.35063,59.91524],[30.36101,59.93104],[30.36667,59.93029],[30.38532,59.92361],[30.39591,59.92574],[30.3972,59.92419],[30.40221,59.92063],[30.39202,59.91797],[30.36951,59.91412],[30.35954,59.91403],[30.35063,59.91524]]]}},{"type":"Feature","properties":{"name":"Сосновая поляна","key":"сосноваяполяна","lx":30.11195,"ly":59.84454},"geometry":{"type":"Polygon","coordinates":[[[30.09049,59.85285],[30.09562,59.85387],[30.10057,59.85341],[30.1006,59.85398],[30.0984,59.85533],[30.09852,59.86353],[30.09959,59.86402],[30.10114,59.86424],[30.10628,59.86277],[30.10706,59.86357],[30.10775,59.86353],[30.10756,59.86324],[30.10942,59.86353],[30.11089,59.86296],[30.11099,59.86233],[30.11047,59.86212],[30.11191,59.86253],[30.11298,59.86194],[30.11371,59.86232],[30.11369,59.86277],[30.11625,59.86298],[30.11707,59.85879],[30.11739,59.85888],[30.11711,59.86148],[30.11807,59.8628],[30.11779,59.85993],[30.12507,59.85944],[30.125,59.85877],[30.1259,59.85748],[30.12515,59.8562],[30.12568,59.85043],[30.12494,59.84872],[30.13086,59.84726],[30.16574,59.84653],[30.16556,59.84304],[30.16384,59.84174],[30.16505,59.83961],[30.1637,59.83754],[30.16116,59.83509],[30.16122,59.83382],[30.15016,59.83537],[30.12349,59.83545],[30.12416,59.82897],[30.12506,59.82787],[30.12774,59.8266],[30.1122,59.82894],[30.10729,59.82995],[30.1013,59.83587],[30.09669,59.8366],[30.09154,59.83593],[30.09049,59.85285]]]}},{"type":"Feature","properties":{"name":"Озеро Долгое","key":"озеродолгое","lx":30.26556,"ly":59.99812},"geometry":{"type":"Polygon","coordinates":[[[30.23429,60.01226],[30.26429,60.021],[30.26625,60.0194],[30.26792,60.01873],[30.28106,60.01695],[30.27444,60.00392],[30.27857,59.99378],[30.27842,59.99317],[30.27908,59.99245],[30.28252,59.99076],[30.28801,59.98967],[30.27771,59.9874],[30.25618,59.98828],[30.25504,59.99999],[30.25745,60.00469],[30.23624,60.00746],[30.23429,60.01226]]]}},{"type":"Feature","properties":{"name":"Юнтолово","key":"юнтолово","lx":30.21627,"ly":60.02303},"geometry":{"type":"Polygon","coordinates":[[[30.18355,60.03227],[30.18432,60.03429],[30.1839,60.03578],[30.1846,60.03676],[30.18677,60.03724],[30.1861,60.03781],[30.18662,60.03849],[30.18854,60.03829],[30.19118,60.03942],[30.19592,60.03828],[30.19713,60.03652],[30.2001,60.03529],[30.20376,60.03524],[30.21319,60.0363],[30.21971,60.03571],[30.23015,60.03075],[30.23355,60.02961],[30.23587,60.02774],[30.26585,60.03633],[30.2673,60.03712],[30.268,60.0383],[30.27509,60.03669],[30.27624,60.03732],[30.27593,60.03763],[30.27637,60.03786],[30.27776,60.03667],[30.28117,60.03613],[30.28239,60.03642],[30.28374,60.03546],[30.28442,60.0338],[30.28332,60.03318],[30.2853,60.03291],[30.28569,60.03158],[30.27872,60.01726],[30.26792,60.01873],[30.26625,60.0194],[30.26429,60.021],[30.23429,60.01226],[30.23624,60.00746],[30.20274,60.01145],[30.19804,60.00836],[30.19042,60.00504],[30.18728,60.00548],[30.18805,60.00681],[30.19203,60.00891],[30.19777,60.01295],[30.19997,60.01383],[30.20118,60.01493],[30.20072,60.01559],[30.20153,60.01658],[30.20065,60.01702],[30.19937,60.01662],[30.19697,60.017],[30.19639,60.01766],[30.19769,60.01894],[30.19754,60.01933],[30.19374,60.02019],[30.19057,60.0223],[30.18903,60.02419],[30.18989,60.02506],[30.18892,60.02569],[30.18355,60.03227]]]}},{"type":"Feature","properties":{"name":"Стрельна","key":"стрельна","lx":30.05669,"ly":59.84593},"geometry":{"type":"MultiPolygon","coordinates":[[[[29.98411,59.84327],[29.99106,59.84366],[29.99583,59.85352],[30.00479,59.85218],[30.00737,59.85753],[30.00578,59.85787],[30.00901,59.86491],[30.01018,59.86497],[30.01074,59.86553],[30.01076,59.86455],[30.01229,59.86438],[30.01194,59.8654],[30.01321,59.86616],[30.01492,59.86514],[30.01515,59.86453],[30.01655,59.86421],[30.01754,59.8641],[30.01886,59.86491],[30.01797,59.86407],[30.01899,59.86352],[30.01988,59.8642],[30.01949,59.8647],[30.01998,59.86416],[30.01934,59.86367],[30.0197,59.86328],[30.02274,59.8621],[30.02387,59.86114],[30.02691,59.86067],[30.02869,59.8613],[30.03189,59.86145],[30.03151,59.86177],[30.03304,59.86097],[30.03451,59.86145],[30.03512,59.86103],[30.04068,59.86218],[30.04333,59.86214],[30.04482,59.86309],[30.04571,59.86283],[30.0448,59.86261],[30.04477,59.86197],[30.04528,59.86189],[30.04469,59.86045],[30.04647,59.86076],[30.04683,59.86176],[30.0542,59.86106],[30.05846,59.86174],[30.06169,59.86068],[30.06388,59.86067],[30.07294,59.86269],[30.08388,59.86235],[30.09128,59.86414],[30.09293,59.86383],[30.09331,59.86314],[30.09447,59.86376],[30.09852,59.86353],[30.0984,59.85533],[30.1006,59.85398],[30.10057,59.85341],[30.09562,59.85387],[30.09049,59.85285],[30.09154,59.83593],[30.08671,59.83532],[30.08607,59.83461],[30.06974,59.83842],[30.07529,59.81523],[30.07019,59.8158],[30.06669,59.81561],[30.05777,59.81746],[30.0542,59.81683],[30.04991,59.81714],[30.04697,59.81774],[30.04566,59.8186],[30.04543,59.81941],[30.04281,59.81996],[30.03999,59.82167],[30.03864,59.82172],[30.03887,59.82259],[30.03826,59.82278],[30.0389,59.8231],[30.03876,59.82357],[30.04085,59.82446],[30.04037,59.82496],[30.04068,59.82531],[30.04,59.82563],[30.04029,59.82581],[30.03908,59.82672],[30.03946,59.82746],[30.03843,59.82895],[30.03919,59.82971],[30.03875,59.83029],[30.03939,59.83083],[30.04011,59.83062],[30.04031,59.832],[30.04234,59.83244],[30.04203,59.83288],[30.04262,59.83327],[30.0416,59.83408],[30.04447,59.83682],[30.04425,59.8373],[30.03079,59.83752],[30.02829,59.83623],[30.02773,59.83664],[30.02027,59.83322],[30.01901,59.83479],[30.01767,59.83497],[30.01875,59.83569],[30.01781,59.83613],[30.01648,59.83608],[30.01567,59.83523],[30.01476,59.83507],[30.01384,59.83537],[30.01315,59.83625],[30.0113,59.83594],[30.00357,59.8371],[30.0019,59.8361],[29.99995,59.83656],[29.99698,59.83516],[29.99551,59.83539],[29.99437,59.83413],[29.99307,59.83371],[29.99302,59.83456],[29.99523,59.83658],[29.99795,59.83768],[29.99722,59.83893],[29.99572,59.83923],[29.99595,59.83985],[29.99196,59.84099],[29.98951,59.84102],[29.98627,59.84024],[29.98411,59.84327]]],[[[30.04455,59.86359],[30.04497,59.86492],[30.04503,59.86415],[30.047,59.86391],[30.04515,59.864],[30.04455,59.86359]]]]}},{"type":"Feature","properties":{"name":"Петергоф","key":"петергоф","lx":29.96518,"ly":59.85637},"geometry":{"type":"Polygon","coordinates":[[[29.78685,59.86583],[29.80753,59.88795],[29.82898,59.88605],[29.83018,59.88725],[29.8276,59.88794],[29.82748,59.88841],[29.8294,59.8905],[29.83111,59.89376],[29.83894,59.90132],[29.8417,59.90214],[29.84432,59.90089],[29.84926,59.90052],[29.852,59.90116],[29.85273,59.90194],[29.85536,59.90106],[29.85432,59.90006],[29.85506,59.89937],[29.85718,59.89934],[29.85642,59.90017],[29.85745,59.90057],[29.85913,59.90021],[29.85917,59.89955],[29.86323,59.89935],[29.86497,59.89877],[29.86779,59.89903],[29.86802,59.89844],[29.87467,59.89785],[29.87507,59.89765],[29.8754,59.89593],[29.88025,59.89387],[29.88324,59.89342],[29.88367,59.89291],[29.88605,59.89367],[29.88646,59.89331],[29.88619,59.89286],[29.88774,59.89272],[29.88718,59.89299],[29.89185,59.89359],[29.89112,59.89174],[29.89213,59.89154],[29.89291,59.89213],[29.89436,59.89138],[29.89426,59.89085],[29.89496,59.89066],[29.89486,59.89033],[29.90116,59.88929],[29.90925,59.88917],[29.91089,59.88948],[29.91128,59.89072],[29.91357,59.89022],[29.91409,59.89083],[29.91372,59.89021],[29.91437,59.89017],[29.91148,59.88838],[29.91336,59.88757],[29.91973,59.88734],[29.92031,59.88718],[29.92067,59.88614],[29.92155,59.88598],[29.93661,59.88503],[29.94042,59.88552],[29.94127,59.8861],[29.94208,59.88576],[29.94184,59.88501],[29.94226,59.8856],[29.94282,59.88541],[29.94279,59.88481],[29.94343,59.88482],[29.94317,59.88506],[29.94363,59.88527],[29.94598,59.88477],[29.94709,59.8854],[29.95186,59.88525],[29.95168,59.88759],[29.95189,59.88706],[29.95215,59.88741],[29.95236,59.88734],[29.95208,59.8843],[29.95252,59.88397],[29.95354,59.88446],[29.95391,59.88396],[29.95497,59.88462],[29.95563,59.88436],[29.95582,59.8836],[29.95864,59.88293],[29.96194,59.88246],[29.96261,59.88285],[29.96315,59.88271],[29.96334,59.88224],[29.96281,59.88212],[29.96315,59.88198],[29.96474,59.8825],[29.96468,59.8817],[29.96593,59.88204],[29.96699,59.88145],[29.96624,59.88076],[29.96821,59.88152],[29.96843,59.88088],[29.96797,59.87976],[29.97252,59.87936],[29.97362,59.87968],[29.97667,59.87889],[29.97758,59.87852],[29.9772,59.87808],[29.97949,59.87739],[29.98154,59.87531],[29.98491,59.87423],[29.98618,59.87455],[29.98849,59.87349],[29.98847,59.87283],[29.99028,59.87167],[29.99141,59.87161],[29.99244,59.87092],[29.99341,59.87116],[29.99347,59.87038],[29.99588,59.86964],[29.99596,59.86915],[29.99701,59.86862],[30.00038,59.86871],[29.99991,59.86812],[30.00268,59.86628],[30.00566,59.86616],[30.00901,59.86491],[30.00578,59.85787],[30.00737,59.85753],[30.00479,59.85218],[29.99583,59.85352],[29.99106,59.84366],[29.98411,59.84327],[29.98627,59.84024],[29.98951,59.84102],[29.9923,59.84094],[29.99595,59.83985],[29.99567,59.83927],[29.99722,59.83893],[29.99808,59.83793],[29.99523,59.83658],[29.99302,59.83456],[29.99307,59.83371],[29.99254,59.83341],[29.97836,59.8351],[29.97774,59.83419],[29.94434,59.82883],[29.94126,59.83078],[29.9394,59.8309],[29.93822,59.83024],[29.93679,59.83059],[29.94521,59.8448],[29.92509,59.84768],[29.92484,59.84874],[29.91022,59.8513],[29.90942,59.84898],[29.90219,59.85019],[29.9038,59.85375],[29.89547,59.85466],[29.89489,59.85347],[29.89265,59.85388],[29.88623,59.84278],[29.88121,59.84362],[29.88086,59.8458],[29.87976,59.84785],[29.87647,59.84816],[29.87667,59.84884],[29.87785,59.84876],[29.87859,59.8493],[29.87968,59.85146],[29.88056,59.85199],[29.8745,59.85684],[29.87422,59.85865],[29.87148,59.8589],[29.872,59.85647],[29.86943,59.85476],[29.86901,59.85398],[29.86751,59.85386],[29.86254,59.85544],[29.86175,59.85778],[29.85964,59.85855],[29.85782,59.86111],[29.85909,59.86207],[29.83747,59.86783],[29.83487,59.86819],[29.83491,59.86614],[29.83065,59.86551],[29.82695,59.86654],[29.82663,59.86812],[29.82334,59.86891],[29.79987,59.85866],[29.78685,59.86583]]]}},{"type":"Feature","properties":{"name":"Серово","key":"серово","lx":29.5567,"ly":60.21164},"geometry":{"type":"Polygon","coordinates":[[[29.4822,60.22101],[29.48988,60.22438],[29.49001,60.22512],[29.4917,60.22414],[29.49163,60.22357],[29.49254,60.22321],[29.49263,60.22256],[29.49699,60.22116],[29.5058,60.22574],[29.51115,60.22735],[29.52151,60.23347],[29.52226,60.22807],[29.52124,60.22572],[29.53671,60.22077],[29.53877,60.22367],[29.55123,60.22501],[29.56713,60.22243],[29.57933,60.21981],[29.57299,60.2161],[29.5717,60.21482],[29.57086,60.21295],[29.57054,60.20999],[29.56838,60.20827],[29.57112,60.20614],[29.57583,60.20473],[29.5827,60.20471],[29.5863,60.20409],[29.58584,60.20304],[29.58722,60.20161],[29.58692,60.20096],[29.58904,60.20057],[29.5873,60.19955],[29.58703,60.19883],[29.58706,60.1982],[29.58819,60.19823],[29.58836,60.19685],[29.56952,60.19728],[29.56702,60.19663],[29.56107,60.1938],[29.5485,60.19463],[29.54787,60.19408],[29.54391,60.19356],[29.54202,60.19401],[29.54079,60.195],[29.54185,60.19615],[29.54386,60.19669],[29.54534,60.19659],[29.54629,60.19585],[29.54827,60.19615],[29.55092,60.19781],[29.55099,60.19845],[29.55022,60.19927],[29.54865,60.19986],[29.54911,60.20044],[29.5458,60.20182],[29.54417,60.20195],[29.54317,60.20278],[29.54284,60.20332],[29.54388,60.20439],[29.54659,60.20469],[29.54474,60.20535],[29.54578,60.20634],[29.54466,60.20729],[29.54353,60.2078],[29.54164,60.20781],[29.54116,60.20893],[29.53942,60.20989],[29.54008,60.21127],[29.53882,60.2122],[29.53711,60.21191],[29.53627,60.21062],[29.53287,60.21028],[29.53115,60.21188],[29.51812,60.2088],[29.50982,60.21198],[29.50227,60.21643],[29.49657,60.21883],[29.49303,60.21972],[29.4822,60.22101]]]}},{"type":"Feature","properties":{"name":"Лисий Нос","key":"лисийнос","lx":29.98095,"ly":60.02124},"geometry":{"type":"Polygon","coordinates":[[[29.95527,60.03782],[29.95864,60.03803],[29.96495,60.04266],[29.96548,60.04348],[29.96549,60.04481],[29.97092,60.04335],[29.97556,60.04403],[29.97818,60.03739],[29.98006,60.03566],[30.00438,60.02595],[30.0086,60.02279],[30.01075,60.01985],[30.02057,60.0175],[30.02218,60.01897],[30.02746,60.01768],[30.02591,60.01613],[30.04645,60.01082],[30.04244,60.00691],[30.07166,60.00252],[30.07009,60.00275],[30.06341,59.99659],[30.06083,59.99648],[30.05819,59.99752],[30.05362,59.99821],[30.04501,59.99836],[30.04088,59.99758],[30.03479,59.9982],[30.03293,59.99763],[30.03235,59.99694],[30.02242,59.9972],[30.01945,59.996],[30.01699,59.99575],[30.01925,59.99419],[30.01733,59.99527],[30.01383,59.9983],[30.01427,59.99938],[30.01581,59.99936],[30.01608,59.99964],[30.0142,60.00002],[30.01355,59.99847],[30.01384,60.00026],[30.01313,59.99854],[30.01655,59.9956],[30.01625,59.99523],[30.01822,59.99431],[30.01815,59.99358],[30.01896,59.99381],[30.02011,59.99341],[30.01761,59.9932],[30.01715,59.99401],[30.01603,59.9942],[30.01393,59.99376],[30.01305,59.99266],[30.0111,59.99276],[30.01007,59.99329],[30.00986,59.99433],[30.01271,59.99546],[30.0123,59.99655],[30.0129,59.99718],[30.01166,59.998],[30.01168,59.99849],[30.01061,59.99881],[30.00817,59.99895],[30.00629,59.99853],[30.0051,59.99894],[30.00511,59.99965],[30.00647,60.00027],[30.00526,60.00159],[30.00359,60.00223],[29.99978,60.00313],[29.99752,60.00312],[29.98788,60.00642],[29.97725,60.00831],[29.97767,60.0085],[29.97436,60.00868],[29.97407,60.00935],[29.97134,60.00967],[29.96893,60.01069],[29.96695,60.01056],[29.96618,60.01096],[29.96248,60.00955],[29.96555,60.01103],[29.96396,60.0114],[29.9639,60.01207],[29.96441,60.01252],[29.96246,60.01379],[29.96293,60.01462],[29.96503,60.01519],[29.96224,60.01602],[29.9625,60.0165],[29.96451,60.01681],[29.96481,60.01732],[29.96612,60.01767],[29.96764,60.01751],[29.96828,60.0181],[29.96368,60.01832],[29.9627,60.01878],[29.96267,60.02042],[29.96223,60.02102],[29.96388,60.02118],[29.96239,60.0214],[29.95769,60.03334],[29.96352,60.03329],[29.95902,60.033],[29.95854,60.03248],[29.96092,60.02783],[29.96226,60.02783],[29.96097,60.02732],[29.96212,60.0247],[29.96807,60.02561],[29.96737,60.02727],[29.96684,60.02751],[29.96683,60.02856],[29.9656,60.02842],[29.96669,60.0288],[29.96384,60.03568],[29.95682,60.0351],[29.95527,60.03782]]]}},{"type":"Feature","properties":{"name":"Ланское","key":"ланское","lx":30.31563,"ly":59.98992},"geometry":{"type":"Polygon","coordinates":[[[30.25618,59.98828],[30.27589,59.98742],[30.28096,59.9879],[30.29993,59.993],[30.31525,60.00142],[30.31956,60.00195],[30.32216,60.00117],[30.32355,59.99865],[30.32316,59.99852],[30.32584,59.99583],[30.32445,59.99541],[30.32522,59.99478],[30.32638,59.99514],[30.32703,59.99447],[30.32848,59.99422],[30.32636,59.99369],[30.32731,59.99264],[30.33078,59.98521],[30.32961,59.98418],[30.32986,59.98352],[30.33115,59.98277],[30.32175,59.97847],[30.32022,59.97911],[30.29951,59.98255],[30.29035,59.98278],[30.27321,59.98134],[30.26413,59.98254],[30.25645,59.98248],[30.25618,59.98828]]]}},{"type":"Feature","properties":{"name":"Светлановское","key":"светлановское","lx":30.33246,"ly":60.00639},"geometry":{"type":"Polygon","coordinates":[[[30.30888,60.02553],[30.31976,60.03009],[30.33799,60.03102],[30.33891,60.02772],[30.33112,60.02736],[30.33113,60.02692],[30.33165,60.02709],[30.33536,60.02457],[30.32881,60.02225],[30.34708,60.01071],[30.36728,60.01877],[30.36984,60.00721],[30.36597,60.00136],[30.36383,59.99639],[30.36157,59.99494],[30.35249,59.99115],[30.34862,59.99089],[30.34708,59.99012],[30.34001,59.98986],[30.33894,59.99242],[30.33778,59.99298],[30.33208,59.99243],[30.33108,59.99489],[30.32848,59.99422],[30.32703,59.99447],[30.32638,59.99514],[30.32522,59.99478],[30.32445,59.99541],[30.32584,59.99583],[30.32316,59.99852],[30.32355,59.99865],[30.31311,60.0177],[30.31272,60.01764],[30.31214,60.01871],[30.31184,60.01927],[30.31221,60.01953],[30.30888,60.02553]]]}},{"type":"Feature","properties":{"name":"Красное Село","key":"красноесело","lx":30.08704,"ly":59.733},"geometry":{"type":"MultiPolygon","coordinates":[[[[30.03496,59.71785],[30.03842,59.7207],[30.04578,59.71958],[30.0476,59.72449],[30.04737,59.72536],[30.05026,59.7282],[30.05005,59.73],[30.05092,59.73004],[30.0553,59.73307],[30.05489,59.73326],[30.05612,59.73396],[30.05509,59.73518],[30.06173,59.74087],[30.07614,59.74792],[30.11015,59.76264],[30.11587,59.7623],[30.11595,59.76182],[30.11799,59.76178],[30.11814,59.76013],[30.11702,59.75719],[30.11991,59.74736],[30.11952,59.74582],[30.11586,59.7414],[30.11492,59.74125],[30.11102,59.73872],[30.10961,59.73871],[30.10869,59.73782],[30.10971,59.73763],[30.10898,59.7364],[30.11198,59.73563],[30.10863,59.73101],[30.10577,59.73042],[30.10474,59.72927],[30.10657,59.72891],[30.1065,59.72628],[30.10618,59.72622],[30.1069,59.72445],[30.10986,59.72351],[30.11124,59.71849],[30.1083,59.71861],[30.10857,59.71806],[30.10995,59.71799],[30.11004,59.71751],[30.10887,59.71744],[30.10931,59.71649],[30.12048,59.70795],[30.12157,59.70813],[30.12148,59.70855],[30.12246,59.70891],[30.12345,59.70688],[30.13261,59.7067],[30.13308,59.70531],[30.13751,59.7004],[30.1354,59.70037],[30.13632,59.69905],[30.13613,59.69684],[30.13317,59.69447],[30.13063,59.69359],[30.12979,59.6942],[30.12434,59.69228],[30.11993,59.69215],[30.11972,59.69356],[30.11696,59.69344],[30.11779,59.69436],[30.11275,59.69407],[30.1126,59.695],[30.1142,59.69507],[30.11436,59.69705],[30.11362,59.69725],[30.11599,59.69907],[30.11366,59.69947],[30.11369,59.69901],[30.11294,59.6987],[30.11016,59.69952],[30.10902,59.70061],[30.1068,59.69923],[30.1009,59.6992],[30.08525,59.7109],[30.08113,59.71577],[30.07328,59.7156],[30.07222,59.71681],[30.05555,59.71308],[30.05002,59.71732],[30.04099,59.71524],[30.03496,59.71785]]],[[[30.06506,59.6683],[30.06517,59.67798],[30.07283,59.67975],[30.08395,59.68029],[30.08271,59.67608],[30.07331,59.66737],[30.06506,59.6683]]]]}},{"type":"Feature","properties":{"name":"Невская застава","key":"невскаязастава","lx":30.40352,"ly":59.90184},"geometry":{"type":"Polygon","coordinates":[[[30.36331,59.91387],[30.36951,59.91412],[30.38257,59.91622],[30.39202,59.91797],[30.40221,59.92063],[30.40684,59.91767],[30.41258,59.91272],[30.42549,59.90714],[30.43438,59.90261],[30.44039,59.89755],[30.44403,59.89344],[30.44436,59.89244],[30.4147,59.8869],[30.41387,59.88746],[30.41157,59.88752],[30.40682,59.88674],[30.40635,59.8874],[30.40256,59.88641],[30.4015,59.88726],[30.39854,59.88621],[30.39489,59.88904],[30.39309,59.89169],[30.39236,59.89196],[30.39295,59.892],[30.39195,59.8931],[30.39112,59.89376],[30.3902,59.89379],[30.39084,59.894],[30.37478,59.90539],[30.36598,59.91044],[30.36429,59.91199],[30.36331,59.91387]]]}},{"type":"Feature","properties":{"name":"Ивановский","key":"ивановский","lx":30.42757,"ly":59.87818},"geometry":{"type":"Polygon","coordinates":[[[30.39854,59.88621],[30.4015,59.88726],[30.40256,59.88641],[30.40635,59.8874],[30.40682,59.88674],[30.41157,59.88752],[30.41387,59.88746],[30.4147,59.8869],[30.44436,59.89244],[30.44712,59.88384],[30.454,59.87683],[30.44806,59.87554],[30.44962,59.87348],[30.43888,59.8712],[30.43517,59.87005],[30.43369,59.86876],[30.44498,59.85762],[30.44838,59.85687],[30.44701,59.85513],[30.44574,59.85438],[30.43565,59.86012],[30.421,59.86915],[30.40884,59.87795],[30.39854,59.88621]]]}},{"type":"Feature","properties":{"name":"Николаевский","key":"николаевский","lx":30.40241,"ly":59.86847},"geometry":{"type":"Polygon","coordinates":[[[30.38006,59.87127],[30.40516,59.881],[30.41633,59.87244],[30.42547,59.86659],[30.41362,59.86264],[30.40733,59.85892],[30.39629,59.85523],[30.38006,59.87127]]]}},{"type":"Feature","properties":{"name":"Александровский","key":"александровский","lx":30.4305,"ly":59.84444},"geometry":{"type":"Polygon","coordinates":[[[30.39629,59.85523],[30.40733,59.85892],[30.41362,59.86264],[30.42547,59.86659],[30.44778,59.85313],[30.4752,59.83399],[30.45574,59.83196],[30.42535,59.8266],[30.39629,59.85523]]]}},{"type":"Feature","properties":{"name":"Сампсониевское","key":"сампсониевское","lx":30.33856,"ly":59.98239},"geometry":{"type":"Polygon","coordinates":[[[30.32175,59.97847],[30.33115,59.98277],[30.32986,59.98352],[30.32961,59.98418],[30.33078,59.98521],[30.32731,59.99264],[30.32636,59.99369],[30.33108,59.99489],[30.33208,59.99243],[30.33778,59.99298],[30.33888,59.99248],[30.34001,59.98986],[30.34649,59.99025],[30.34727,59.98981],[30.35056,59.98985],[30.3523,59.98936],[30.36271,59.98371],[30.36616,59.98013],[30.36753,59.97764],[30.36579,59.97765],[30.36063,59.97914],[30.34405,59.97749],[30.34739,59.97322],[30.352,59.96278],[30.35398,59.95999],[30.35019,59.95442],[30.34953,59.952],[30.34541,59.95224],[30.33927,59.95541],[30.3377,59.95733],[30.33599,59.96518],[30.33181,59.97159],[30.32814,59.97528],[30.32175,59.97847]]]}},{"type":"Feature","properties":{"name":"Финляндский","key":"финляндский","lx":30.3663,"ly":59.96465},"geometry":{"type":"Polygon","coordinates":[[[30.34398,59.97727],[30.36063,59.97914],[30.36579,59.97765],[30.36753,59.97764],[30.36616,59.98013],[30.36271,59.98371],[30.35751,59.98657],[30.36371,59.98575],[30.38437,59.97871],[30.39301,59.97764],[30.39939,59.98454],[30.40794,59.98318],[30.4212,59.98018],[30.41248,59.97201],[30.40709,59.95916],[30.40321,59.95703],[30.39958,59.95544],[30.39269,59.95753],[30.38618,59.95774],[30.38367,59.95717],[30.37643,59.9538],[30.37112,59.95227],[30.36356,59.95117],[30.34953,59.952],[30.35019,59.95442],[30.35398,59.95999],[30.352,59.96278],[30.34739,59.97322],[30.34398,59.97727]]]}},{"type":"Feature","properties":{"name":"Рыбацкое","key":"рыбацкое","lx":30.50599,"ly":59.82916},"geometry":{"type":"Polygon","coordinates":[[[30.45727,59.84734],[30.45835,59.84853],[30.46114,59.84849],[30.47877,59.85404],[30.48087,59.8541],[30.47849,59.86056],[30.4753,59.86321],[30.47066,59.86461],[30.47515,59.86901],[30.47914,59.86835],[30.48388,59.86604],[30.49317,59.85939],[30.49355,59.85653],[30.49217,59.84997],[30.49244,59.84855],[30.49349,59.84708],[30.49575,59.84596],[30.50964,59.84309],[30.52288,59.83704],[30.5327,59.83406],[30.54082,59.83362],[30.55209,59.83639],[30.55594,59.83674],[30.56036,59.83608],[30.56255,59.83456],[30.56285,59.83362],[30.56142,59.8298],[30.56125,59.82761],[30.56314,59.82545],[30.56717,59.82392],[30.5652,59.82176],[30.56001,59.82221],[30.56312,59.82088],[30.55873,59.81946],[30.55428,59.82123],[30.55174,59.81974],[30.55365,59.81763],[30.55472,59.81716],[30.5485,59.81313],[30.52021,59.82393],[30.52142,59.82167],[30.52013,59.81923],[30.51263,59.81507],[30.5109,59.8136],[30.50829,59.81264],[30.50822,59.81129],[30.51221,59.80803],[30.51155,59.80777],[30.4752,59.83399],[30.45875,59.84528],[30.45994,59.84587],[30.45727,59.84734]]]}},{"type":"Feature","properties":{"name":"Обуховский","key":"обуховский","lx":30.45931,"ly":59.85976},"geometry":{"type":"Polygon","coordinates":[[[30.43369,59.86876],[30.43517,59.87005],[30.43888,59.8712],[30.44962,59.87348],[30.44806,59.87554],[30.454,59.87683],[30.4587,59.87213],[30.46222,59.87072],[30.46599,59.86968],[30.47515,59.86901],[30.47066,59.86461],[30.4753,59.86321],[30.47849,59.86056],[30.48087,59.8541],[30.47877,59.85404],[30.46114,59.84849],[30.45835,59.84853],[30.45728,59.8473],[30.45994,59.84587],[30.45875,59.84528],[30.44574,59.85438],[30.44701,59.85513],[30.44838,59.85687],[30.44498,59.85762],[30.43369,59.86876]]]}},{"type":"Feature","properties":{"name":"Кронштадт","key":"кронштадт","lx":29.76452,"ly":59.99255},"geometry":{"type":"MultiPolygon","coordinates":[[[[29.63412,60.03152],[29.63622,60.03293],[29.63886,60.03356],[29.64106,60.03227],[29.64697,60.03137],[29.65011,60.03158],[29.65386,60.03009],[29.66226,60.02937],[29.66573,60.02853],[29.66986,60.02874],[29.6716,60.02808],[29.67353,60.02849],[29.6733,60.02898],[29.67442,60.02935],[29.67561,60.02888],[29.67701,60.02931],[29.67864,60.02764],[29.68514,60.02633],[29.68799,60.02616],[29.68859,60.0266],[29.68822,60.02616],[29.69317,60.02462],[29.69313,60.02429],[29.69459,60.02453],[29.69799,60.02371],[29.69923,60.02241],[29.70223,60.02281],[29.7127,60.02109],[29.71978,60.02093],[29.7207,60.01986],[29.7263,60.01865],[29.73466,60.02063],[29.74425,60.02138],[29.74608,60.02601],[29.7473,60.02708],[29.75311,60.02893],[29.75279,60.02959],[29.7574,60.03053],[29.75938,60.03036],[29.76025,60.02943],[29.75948,60.02909],[29.75984,60.0294],[29.75425,60.0291],[29.74749,60.02681],[29.74651,60.02584],[29.74527,60.02147],[29.77796,60.0221],[29.77812,60.02175],[29.79078,60.02241],[29.82373,60.02598],[29.83001,60.02838],[29.83441,60.02897],[29.84101,60.02775],[29.86283,60.02927],[29.86311,60.02893],[29.86769,60.02936],[29.86797,60.02974],[29.90147,60.03292],[29.90828,60.03312],[29.90833,60.0335],[29.90981,60.03369],[29.94841,60.03723],[29.94941,60.03725],[29.94981,60.03602],[29.923,60.03367],[29.9213,60.03255],[29.92265,60.03207],[29.92219,60.03164],[29.91925,60.03186],[29.91734,60.03058],[29.91601,60.03076],[29.91583,60.03126],[29.92057,60.03289],[29.91763,60.03217],[29.91638,60.03272],[29.90881,60.03229],[29.90844,60.0327],[29.90375,60.03226],[29.9037,60.03182],[29.86824,60.0285],[29.86786,60.0289],[29.86328,60.02848],[29.86326,60.02804],[29.84554,60.02632],[29.84094,60.02535],[29.83992,60.02427],[29.83891,60.02392],[29.83301,60.02315],[29.82989,60.02334],[29.82415,60.02278],[29.82275,60.02209],[29.82113,60.02293],[29.81902,60.02243],[29.81672,60.02376],[29.78349,60.0209],[29.78296,60.02143],[29.77815,60.02132],[29.778,60.0208],[29.76698,60.02054],[29.7626,60.0191],[29.75965,60.01738],[29.758,60.01459],[29.75753,60.01466],[29.75737,60.01567],[29.75349,60.01294],[29.75252,60.01151],[29.75209,60.01217],[29.74929,60.01099],[29.74956,60.01013],[29.75108,60.01026],[29.7515,60.01013],[29.75116,60.00969],[29.75152,60.00947],[29.75421,60.00932],[29.75435,60.00898],[29.75288,60.00871],[29.75556,60.00849],[29.75593,60.00777],[29.75704,60.00802],[29.75646,60.0086],[29.75863,60.00867],[29.75987,60.00832],[29.75953,60.00789],[29.75988,60.00782],[29.76289,60.0077],[29.76304,60.00821],[29.7653,60.00752],[29.76514,60.00721],[29.76565,60.00723],[29.76715,60.0055],[29.76937,60.00489],[29.76895,60.00407],[29.76966,60.00358],[29.77316,60.00333],[29.7721,60.00275],[29.77183,60.00178],[29.77374,60.00352],[29.77528,60.00344],[29.77302,60.00242],[29.77268,60.00155],[29.77632,60.00335],[29.77377,60.00154],[29.77415,60.00134],[29.77655,60.00244],[29.77631,60.00203],[29.77406,60.00069],[29.77638,60.00177],[29.77687,60.0016],[29.77524,60.00057],[29.77735,60.00139],[29.78143,59.99894],[29.78028,59.9975],[29.78139,59.99646],[29.78589,59.99526],[29.78848,59.99506],[29.79145,59.99332],[29.79847,59.99129],[29.79977,59.9897],[29.79905,59.98846],[29.80124,59.98529],[29.80437,59.98464],[29.80333,59.98379],[29.79795,59.98452],[29.79479,59.98563],[29.79248,59.98413],[29.79138,59.9843],[29.79103,59.98375],[29.7932,59.9833],[29.79309,59.98223],[29.79478,59.98168],[29.79379,59.98037],[29.79396,59.97936],[29.793,59.97888],[29.79338,59.97807],[29.79242,59.97924],[29.79175,59.97939],[29.78485,59.97832],[29.79033,59.97395],[29.79238,59.97355],[29.79245,59.97304],[29.79042,59.97214],[29.78886,59.97214],[29.78507,59.97091],[29.78541,59.97058],[29.78442,59.97023],[29.78384,59.97085],[29.78421,59.97106],[29.77879,59.97547],[29.77796,59.97539],[29.77754,59.97586],[29.77787,59.97624],[29.77575,59.97798],[29.77471,59.97793],[29.77463,59.97848],[29.77072,59.97929],[29.76919,59.97898],[29.76834,59.97938],[29.76849,59.97974],[29.76451,59.98057],[29.76302,59.98028],[29.76249,59.98099],[29.75843,59.98186],[29.75723,59.98157],[29.7572,59.98214],[29.7526,59.98307],[29.75221,59.98743],[29.75086,59.98796],[29.75236,59.98877],[29.75291,59.99077],[29.7496,59.9928],[29.74588,59.99359],[29.7414,59.99351],[29.73674,59.99068],[29.74002,59.9932],[29.73911,59.99394],[29.73347,59.99536],[29.73509,59.99702],[29.73805,59.99673],[29.73935,59.99721],[29.73974,59.99786],[29.73907,59.99987],[29.736,60.00012],[29.73554,60.00089],[29.73234,60.0021],[29.73106,60.0017],[29.72962,60.00195],[29.72571,60.00384],[29.72318,60.00367],[29.72148,60.00456],[29.71954,60.00455],[29.71762,60.00521],[29.71632,60.00517],[29.71593,60.00475],[29.71285,60.00559],[29.70458,59.9988],[29.70455,59.99821],[29.70583,59.99743],[29.70414,59.99825],[29.70337,59.99772],[29.70391,59.99675],[29.70352,59.996],[29.70247,59.99574],[29.70254,59.99527],[29.70713,59.99446],[29.70688,59.9937],[29.70507,59.9932],[29.7032,59.99162],[29.70305,59.99202],[29.70443,59.99346],[29.70001,59.99568],[29.6985,59.9929],[29.6986,59.99195],[29.69632,59.98855],[29.69683,59.98828],[29.69633,59.98804],[29.7008,59.98834],[29.69713,59.98724],[29.69315,59.98245],[29.68984,59.98064],[29.68142,59.95968],[29.67825,59.95046],[29.67638,59.94682],[29.67602,59.94449],[29.67475,59.94283],[29.67304,59.93736],[29.6705,59.93764],[29.68452,59.97324],[29.68643,59.97982],[29.68743,59.9813],[29.68731,59.98396],[29.68979,59.98766],[29.68912,59.9886],[29.68773,59.98917],[29.68709,59.99065],[29.68812,59.99037],[29.68928,59.98924],[29.69258,59.98967],[29.69246,59.99037],[29.69506,59.99348],[29.69223,59.99456],[29.6907,59.9938],[29.68984,59.99399],[29.69868,59.99867],[29.69938,59.99948],[29.6992,60.00028],[29.697,60.00428],[29.69348,60.00726],[29.69007,60.01189],[29.6855,60.01638],[29.68258,60.0188],[29.67601,60.02265],[29.67345,60.02315],[29.66803,60.0256],[29.66227,60.02569],[29.65632,60.02819],[29.65134,60.02775],[29.64403,60.03049],[29.64232,60.03014],[29.63774,60.03145],[29.63598,60.03136],[29.63561,60.03059],[29.63484,60.03041],[29.63412,60.03152]]],[[[29.8934,60.02697],[29.89379,60.02753],[29.89563,60.02816],[29.89886,60.02794],[29.89717,60.02746],[29.89753,60.02695],[29.89605,60.02654],[29.89529,60.02701],[29.8934,60.02697]]],[[[29.87122,60.02163],[29.8739,60.02282],[29.87634,60.02269],[29.87732,60.02221],[29.87646,60.0219],[29.87413,60.0222],[29.87199,60.02137],[29.87122,60.02163]]],[[[29.84487,60.08325],[29.84537,60.08466],[29.84868,60.08712],[29.85172,60.08806],[29.8526,60.08802],[29.85303,60.08752],[29.84908,60.08642],[29.8464,60.08446],[29.84632,60.08331],[29.84527,60.08294],[29.84487,60.08325]]],[[[29.845,60.02156],[29.84788,60.02217],[29.85063,60.02159],[29.8486,60.02136],[29.84802,60.02076],[29.845,60.02156]]],[[[29.78827,60.02828],[29.78831,60.02893],[29.78851,60.02903],[29.7916,60.02893],[29.79331,60.02834],[29.79365,60.02761],[29.79288,60.02732],[29.79349,60.02759],[29.79322,60.02829],[29.79158,60.02886],[29.78864,60.02895],[29.78839,60.0283],[29.78885,60.02878],[29.79142,60.02875],[29.79321,60.02776],[29.78936,60.028],[29.79216,60.02718],[29.79176,60.02704],[29.78827,60.02828]]],[[[29.74426,59.97889],[29.74488,59.97928],[29.74541,59.97894],[29.74575,59.97889],[29.74614,59.98048],[29.74839,59.98033],[29.74914,59.98073],[29.75266,59.97922],[29.74772,59.97827],[29.74426,59.97889]]],[[[29.73167,59.99019],[29.73255,59.9905],[29.73563,59.99016],[29.73663,59.9906],[29.73596,59.98987],[29.73672,59.98944],[29.73518,59.98919],[29.73599,59.98889],[29.73723,59.98925],[29.73617,59.98868],[29.73398,59.98941],[29.73271,59.98909],[29.73167,59.99019]]],[[[29.71446,60.05693],[29.71464,60.05756],[29.71933,60.05956],[29.7272,60.06073],[29.72912,60.06044],[29.72824,60.05993],[29.72022,60.05911],[29.71605,60.05714],[29.71446,60.05693]]],[[[29.71681,59.98957],[29.71778,59.99008],[29.71869,59.98972],[29.71841,59.98909],[29.71681,59.98957]]],[[[29.71533,59.97436],[29.71694,59.97505],[29.71854,59.97457],[29.71695,59.97378],[29.71533,59.97436]]],[[[29.70317,59.95718],[29.70376,59.95826],[29.7054,59.95857],[29.70582,59.95823],[29.70464,59.95704],[29.70377,59.95681],[29.70317,59.95718]]],[[[29.70239,59.94921],[29.70317,59.95019],[29.70436,59.95057],[29.70564,59.95005],[29.70423,59.94969],[29.70363,59.94889],[29.70425,59.94892],[29.7029,59.9485],[29.70239,59.94921]]],[[[29.69458,59.97217],[29.69529,59.97323],[29.69681,59.97291],[29.69592,59.97157],[29.69458,59.97217]]],[[[29.54157,60.04248],[29.54187,60.04309],[29.54332,60.04236],[29.54218,60.04221],[29.54157,60.04248]]]]}},{"type":"Feature","properties":{"name":"Полюстрово","key":"полюстрово","lx":30.46234,"ly":60.00378},"geometry":{"type":"Polygon","coordinates":[[[30.40693,59.95894],[30.41261,59.97218],[30.44217,59.99982],[30.43633,60.01567],[30.43742,60.01914],[30.43704,60.02288],[30.43761,60.03913],[30.44193,60.04095],[30.45834,60.03754],[30.46054,60.03618],[30.46149,60.03454],[30.46526,60.03345],[30.46823,60.03356],[30.46808,60.03228],[30.46719,60.03165],[30.46455,60.03127],[30.46216,60.02861],[30.46276,60.02802],[30.4684,60.02737],[30.46768,60.02685],[30.46525,60.02681],[30.46411,60.02584],[30.46482,60.02506],[30.46676,60.02454],[30.46721,60.02305],[30.46788,60.02264],[30.46962,60.02307],[30.47106,60.02444],[30.47432,60.02518],[30.47585,60.02478],[30.47552,60.02361],[30.47587,60.0227],[30.4797,60.02252],[30.48043,60.02117],[30.48218,60.02028],[30.48434,60.0205],[30.48804,60.02318],[30.48958,60.02267],[30.48935,60.02056],[30.48986,60.01869],[30.48916,60.01753],[30.48845,60.01764],[30.48664,60.01631],[30.48625,60.01483],[30.48579,60.0147],[30.48692,60.01365],[30.48706,60.01315],[30.48661,60.01299],[30.4871,60.01299],[30.48853,60.01047],[30.48796,60.01026],[30.48881,60.01027],[30.49016,60.00827],[30.49056,60.00838],[30.49394,60.0057],[30.49309,60.00295],[30.49123,60.00062],[30.49266,59.99575],[30.49493,59.99466],[30.49609,59.99258],[30.49614,59.99037],[30.4934,59.98752],[30.49447,59.98553],[30.49435,59.98277],[30.48326,59.98361],[30.45817,59.98425],[30.45388,59.98418],[30.45017,59.98353],[30.44634,59.98167],[30.44493,59.97925],[30.44515,59.97416],[30.44563,59.97407],[30.44678,59.96497],[30.44636,59.96046],[30.40693,59.95894]]]}},{"type":"Feature","properties":{"name":"Константиновское","key":"константиновское","lx":30.14583,"ly":59.81947},"geometry":{"type":"Polygon","coordinates":[[[30.06974,59.83842],[30.08607,59.83461],[30.08671,59.83532],[30.09669,59.8366],[30.1013,59.83587],[30.10729,59.82995],[30.12774,59.8266],[30.12506,59.82787],[30.12416,59.82897],[30.12349,59.83545],[30.15016,59.83537],[30.16122,59.83382],[30.16106,59.83326],[30.16192,59.83244],[30.16413,59.83179],[30.16422,59.83124],[30.16303,59.83027],[30.1639,59.82968],[30.1638,59.82777],[30.16514,59.82646],[30.16564,59.82375],[30.16943,59.82355],[30.17066,59.82244],[30.16751,59.8211],[30.16531,59.81932],[30.16394,59.81791],[30.16202,59.81255],[30.1499,59.8013],[30.10468,59.8173],[30.09097,59.81486],[30.08589,59.81614],[30.07529,59.81523],[30.06974,59.83842]]]}},{"type":"Feature","properties":{"name":"Горелово","key":"горелово","lx":30.1135,"ly":59.7789},"geometry":{"type":"Polygon","coordinates":[[[30.04334,59.76418],[30.04535,59.76553],[30.05638,59.76606],[30.07827,59.77319],[30.08463,59.77573],[30.08393,59.7786],[30.09142,59.78207],[30.09705,59.78273],[30.09627,59.78337],[30.09795,59.78393],[30.09881,59.78588],[30.09821,59.79004],[30.09878,59.7955],[30.09929,59.79631],[30.1052,59.79694],[30.10561,59.79736],[30.1049,59.80286],[30.12342,59.80446],[30.12778,59.80916],[30.1499,59.8013],[30.16202,59.81255],[30.16394,59.81791],[30.16531,59.81932],[30.16751,59.8211],[30.17066,59.82244],[30.17201,59.82208],[30.17718,59.82239],[30.17764,59.8229],[30.18172,59.82255],[30.18572,59.82293],[30.20277,59.82275],[30.222,59.82441],[30.23154,59.82598],[30.26855,59.83494],[30.24751,59.82267],[30.23999,59.81303],[30.23718,59.81276],[30.22752,59.8133],[30.22422,59.81219],[30.22385,59.80881],[30.22235,59.80858],[30.21916,59.80261],[30.21718,59.80231],[30.21749,59.80158],[30.20009,59.80369],[30.19877,59.80161],[30.19994,59.80133],[30.20026,59.79965],[30.21131,59.79754],[30.20119,59.79551],[30.18888,59.79142],[30.17962,59.79078],[30.17753,59.79152],[30.17982,59.79349],[30.17656,59.79605],[30.15932,59.80117],[30.15388,59.79689],[30.16019,59.79688],[30.16281,59.79627],[30.15885,59.79257],[30.15941,59.79238],[30.15936,59.79093],[30.15869,59.78997],[30.15901,59.78804],[30.15408,59.78657],[30.15404,59.78622],[30.15557,59.78585],[30.15533,59.78494],[30.14743,59.77798],[30.14863,59.77766],[30.14851,59.77729],[30.14599,59.77438],[30.15278,59.77175],[30.14169,59.76117],[30.12216,59.76204],[30.11663,59.76218],[30.11666,59.76184],[30.11595,59.76182],[30.11587,59.7623],[30.11015,59.76264],[30.07614,59.74792],[30.07088,59.74974],[30.06399,59.74989],[30.06248,59.75213],[30.06826,59.75273],[30.06653,59.75527],[30.07199,59.75527],[30.07187,59.75594],[30.07036,59.75597],[30.06987,59.75685],[30.06197,59.75701],[30.06057,59.76219],[30.0563,59.76187],[30.05596,59.76328],[30.04382,59.76239],[30.04334,59.76418]],[[30.12951,59.7825],[30.13326,59.782],[30.13783,59.78601],[30.1393,59.78557],[30.15539,59.79925],[30.14993,59.80093],[30.12951,59.7825]]]}},{"type":"Feature","properties":{"name":"Коломяги","key":"коломяги","lx":30.27142,"ly":60.05226},"geometry":{"type":"Polygon","coordinates":[[[30.13353,60.04761],[30.13409,60.04874],[30.19332,60.0639],[30.19508,60.06242],[30.19434,60.06226],[30.19584,60.06047],[30.20223,60.06213],[30.21019,60.06037],[30.21411,60.06127],[30.22278,60.05132],[30.274,60.06861],[30.29286,60.05329],[30.29468,60.05124],[30.31221,60.01953],[30.31184,60.01927],[30.31214,60.01871],[30.31272,60.01764],[30.31311,60.0177],[30.31596,60.01239],[30.31361,60.01311],[30.31224,60.01661],[30.30522,60.01577],[30.3013,60.01443],[30.29893,60.01562],[30.29758,60.01472],[30.29653,60.01461],[30.27872,60.01726],[30.28569,60.03158],[30.2853,60.03291],[30.28332,60.03318],[30.28442,60.0338],[30.28322,60.03607],[30.27776,60.03667],[30.27643,60.03785],[30.27509,60.03669],[30.268,60.0383],[30.2673,60.03712],[30.26585,60.03633],[30.23587,60.02774],[30.23355,60.02961],[30.23015,60.03075],[30.21971,60.03571],[30.21319,60.0363],[30.20376,60.03524],[30.2001,60.03529],[30.19713,60.03652],[30.19592,60.03828],[30.19118,60.03942],[30.18854,60.03829],[30.18662,60.03849],[30.1861,60.03781],[30.18677,60.03724],[30.1846,60.03676],[30.1839,60.03578],[30.18432,60.03429],[30.18355,60.03227],[30.17713,60.03577],[30.16727,60.03773],[30.1615,60.037],[30.15791,60.03783],[30.15329,60.0373],[30.14765,60.03592],[30.14505,60.03626],[30.14265,60.0371],[30.14305,60.03837],[30.14136,60.03987],[30.13915,60.04052],[30.13832,60.04168],[30.13907,60.04333],[30.14187,60.04466],[30.14182,60.04544],[30.1391,60.0463],[30.13405,60.04684],[30.13353,60.04761]]]}},{"type":"Feature","properties":{"name":"Парголово","key":"парголово","lx":30.26454,"ly":60.0865},"geometry":{"type":"Polygon","coordinates":[[[30.13125,60.05112],[30.13451,60.05421],[30.13563,60.05761],[30.15138,60.0601],[30.16327,60.06389],[30.17136,60.06809],[30.1824,60.07622],[30.18965,60.07967],[30.20125,60.08268],[30.21823,60.08428],[30.22813,60.08597],[30.23803,60.08889],[30.24524,60.09194],[30.23695,60.09841],[30.23323,60.10038],[30.22771,60.10235],[30.17336,60.11324],[30.17779,60.11881],[30.18675,60.11741],[30.20862,60.11698],[30.21896,60.11513],[30.22012,60.11553],[30.21924,60.1165],[30.22315,60.11704],[30.22488,60.11808],[30.23584,60.1185],[30.25178,60.12282],[30.25924,60.12565],[30.26513,60.12333],[30.26592,60.1223],[30.2664,60.12042],[30.26612,60.11956],[30.2711,60.11639],[30.27077,60.11635],[30.27118,60.11195],[30.27166,60.11139],[30.27126,60.11111],[30.27143,60.11029],[30.273,60.10967],[30.27329,60.10809],[30.27488,60.10814],[30.2756,60.10289],[30.28744,60.09618],[30.29183,60.09596],[30.29184,60.0939],[30.3031,60.0911],[30.30818,60.09569],[30.30883,60.09571],[30.33297,60.08981],[30.34077,60.09085],[30.36147,60.09212],[30.36323,60.09202],[30.36698,60.09074],[30.36202,60.08674],[30.34106,60.06082],[30.30768,60.06756],[30.30361,60.06745],[30.29923,60.06633],[30.29845,60.06685],[30.2923,60.06507],[30.28789,60.06474],[30.27899,60.06591],[30.27433,60.06872],[30.22278,60.05132],[30.21411,60.06127],[30.21019,60.06037],[30.20223,60.06213],[30.19584,60.06047],[30.19434,60.06226],[30.19508,60.06242],[30.19332,60.0639],[30.13409,60.04874],[30.13125,60.05112]]]}}]}